"dgp","paramset","n","rep","seed","sec_gen","sec_A","sec_B"
"1111","weak",900,1,31560712,0.54,5.37,609.91
"1111","weak",900,2,31560713,0.389999999999986,4.27999999999997,629.14
"1111","weak",900,3,31560714,0.490000000000009,4.13000000000011,616.04
"1111","weak",900,4,31560715,0.440000000000055,4.51999999999998,613.88
"1111","weak",900,5,31560716,0.389999999999873,4.25,610.96
"1111","weak",900,6,31560717,0.519999999999982,4.44999999999982,611.61
"1111","weak",900,7,31560718,0.389999999999873,4.27999999999975,613.75
"1111","weak",900,8,31560719,0.409999999999854,4.38999999999942,610.679999999999
"1111","weak",900,9,31560720,0.4399999999996,4.03999999999996,616.95
"1111","weak",900,10,31560721,0.449999999999818,3.96999999999935,628.26
"1111","weak",900,11,31560722,0.479999999999563,4.32999999999993,616.759999999999
"1111","weak",900,12,31560723,0.419999999999163,4.58999999999924,613.92
"1111","weak",900,13,31560724,0.489999999999782,4.09999999999945,602.53
"1111","weak",900,14,31560725,0.480000000000473,4.25,602.860000000001
"1111","weak",900,15,31560726,0.639999999999418,4.22000000000116,610.299999999999
"1111","weak",900,16,31560727,0.360000000000582,4.18000000000029,621.5
"1111","weak",900,17,31560728,0.409999999999854,4.25,610.289999999999
"1111","weak",900,18,31560729,0.479999999999563,3.93000000000029,625.33
"1111","weak",900,19,31560730,0.360000000000582,4.13999999999942,621.77
"1111","weak",900,20,31560731,0.559999999999491,4.13999999999942,610.92
"1111","weak",900,21,31560732,0.469999999999345,4.55999999999949,610.98
"1111","weak",900,22,31560733,0.389999999999418,4.59000000000015,602.480000000001
"1111","weak",900,23,31560734,0.459999999999127,4.6299999999992,607.48
"1111","weak",900,24,31560735,0.399999999999636,3.88000000000102,603.669999999998
"1111","weak",900,25,31560736,0.420000000000073,4.38999999999942,617.74
"1111","weak",900,26,31560737,0.409999999999854,4.25,625.830000000002
"1111","weak",900,27,31560738,0.469999999999345,4.38999999999942,614.589999999998
"1111","weak",900,28,31560739,0.43999999999869,4.53000000000247,607.889999999999
"1111","weak",900,29,31560740,0.450000000000728,4.13999999999942,606.099999999999
"1111","weak",900,30,31560741,0.569999999999709,4.20999999999913,608.259999999998
"1111","weak",900,31,31560742,0.450000000000728,3.9900000000016,584.84
"1111","weak",900,32,31560743,0.43999999999869,4,588.860000000001
"1111","weak",900,33,31560744,0.369999999998981,3.70000000000073,602.709999999999
"1111","weak",900,34,31560745,0.370000000002619,3.82999999999811,586.360000000001
"1111","weak",900,35,31560746,0.459999999999127,3.88999999999942,589.139999999999
"1111","weak",900,36,31560747,0.400000000001455,4.22000000000116,600.170000000002
"1111","weak",900,37,31560748,0.43999999999869,3.88999999999942,569.939999999999
"1111","weak",900,38,31560749,0.430000000000291,3.85000000000218,577.920000000002
"1111","weak",900,39,31560750,0.389999999999418,3.88000000000102,586.75
"1111","weak",900,40,31560751,0.469999999997526,4.09000000000015,584.239999999998
"1111","weak",900,41,31560752,0.389999999999418,4.43999999999869,585.77
"1111","weak",900,42,31560753,0.360000000000582,4.57999999999811,586.199999999997
"1111","weak",900,43,31560754,0.530000000002474,4.04999999999927,589.639999999999
"1111","weak",900,44,31560755,0.430000000000291,4,598.75
"1111","weak",900,45,31560756,0.370000000002619,4,584.639999999999
"1111","weak",900,46,31560757,0.470000000001164,4.21999999999753,588.32
"1111","weak",900,47,31560758,0.43999999999869,4.20999999999913,587.02
"1111","weak",900,48,31560759,0.459999999999127,4.27999999999884,590.639999999999
"1111","weak",900,49,31560760,0.409999999999854,4.36999999999898,593.200000000001
"1111","weak",900,50,31560761,0.409999999999854,4.13999999999942,584.82
"1111","weak",900,51,31560762,0.450000000000728,4.09000000000015,592.220000000001
"1111","weak",900,52,31560763,0.399999999997817,3.95999999999913,589.990000000002
"1111","weak",900,53,31560764,0.409999999999854,4.08000000000175,585.950000000001
"1111","weak",900,54,31560765,0.400000000001455,4.12000000000262,591.889999999999
"1111","weak",900,55,31560766,0.469999999993888,4.37999999999738,595.190000000002
"1111","weak",900,56,31560767,0.340000000003783,4.13999999999942,606.529999999999
"1111","weak",900,57,31560768,0.470000000001164,3.88999999999942,591.290000000001
"1111","weak",900,58,31560769,0.349999999998545,4.01000000000204,593.220000000001
"1111","weak",900,59,31560770,0.389999999999418,4.13999999999942,586.389999999999
"1111","weak",900,60,31560771,0.470000000001164,4.05000000000291,605.5
"1111","weak",900,61,31560772,0.450000000004366,4.06000000000495,605.599999999999
"1111","weak",900,62,31560773,0.409999999996217,3.61000000000058,607.299999999996
"1111","weak",900,63,31560774,0.390000000006694,3.90999999999622,594.529999999999
"1111","weak",900,64,31560775,0.410000000003492,4.15000000000146,593.170000000006
"1111","weak",900,65,31560776,0.370000000002619,4.56999999999971,611.519999999997
"1111","weak",900,66,31560777,0.459999999999127,4.22000000000116,590.440000000002
"1111","weak",900,67,31560778,0.42000000000553,3.80000000000291,584.269999999997
"1111","weak",900,68,31560779,0.459999999999127,3.86000000000058,588.980000000003
"1111","weak",900,69,31560780,0.470000000001164,4.2699999999968,588.110000000001
"1111","weak",900,70,31560781,0.360000000000582,4.08000000000175,583.709999999999
"1111","weak",900,71,31560782,0.360000000000582,4.01000000000204,596.360000000001
"1111","weak",900,72,31560783,0.340000000003783,3.90999999999622,597.720000000001
"1111","weak",900,73,31560784,0.439999999995052,4.02999999999884,599.019999999997
"1111","weak",900,74,31560785,0.410000000003492,4.05999999999767,592.450000000004
"1111","weak",900,75,31560786,0.379999999997381,4.25,584.669999999998
"1111","weak",900,76,31560787,0.430000000000291,4.20999999999913,582.610000000001
"1111","weak",900,77,31560788,0.410000000003492,4.04000000000087,600.470000000001
"1111","weak",900,78,31560789,0.389999999999418,4.08000000000175,586.839999999997
"1111","weak",900,79,31560790,0.42000000000553,4.08000000000175,611.189999999995
"1111","weak",900,80,31560791,0.42000000000553,3.95999999999913,593.420000000006
"1111","weak",900,81,31560792,0.44999999999709,3.78000000000611,588.129999999997
"1111","weak",900,82,31560793,0.419999999998254,3.91000000000349,587.050000000003
"1111","weak",900,83,31560794,0.5,4.37999999999738,595.329999999994
"1111","weak",900,84,31560795,0.430000000000291,4.15000000000146,583.989999999998
"1111","weak",900,85,31560796,0.470000000001164,4.13999999999942,584.780000000006
"1111","weak",900,86,31560797,0.479999999995925,3.73999999999796,586.720000000001
"1111","weak",900,87,31560798,0.390000000006694,4.19000000000233,572.25
"1111","weak",900,88,31560799,0.379999999997381,4.05999999999767,578.780000000006
"1111","weak",900,89,31560800,0.389999999999418,4.38999999999942,583.839999999997
"1111","weak",900,90,31560801,0.459999999999127,4.37999999999738,604.150000000001
"1111","weak",900,91,31560802,0.389999999999418,3.91999999999825,589.059999999998
"1111","weak",900,92,31560803,0.459999999999127,4.16999999999825,594.139999999999
"1111","weak",900,93,31560804,0.510000000002037,4.25,588.890000000007
"1111","weak",900,94,31560805,0.370000000002619,4.29999999999563,592.330000000002
"1111","weak",900,95,31560806,0.360000000000582,4.4800000000032,586.779999999999
"1111","weak",900,96,31560807,0.389999999999418,4.43999999999505,592.279999999999
"1111","weak",900,97,31560808,0.42000000000553,4.18999999999505,575.720000000001
"1111","weak",900,98,31560809,0.400000000001455,3.94999999999709,601.220000000001
"1111","weak",900,99,31560810,0.480000000003201,4.13999999999942,572.360000000001
"1111","weak",900,100,31560811,0.419999999998254,4.30999999999767,582.739999999998
"1111","weak",900,101,31560812,0.340000000003783,4.18000000000029,565.689999999995
"1111","weak",900,102,31560813,0.410000000003492,4.02999999999884,585.980000000003
"1111","weak",900,103,31560814,0.30000000000291,4.26000000000204,572.489999999998
"1111","weak",900,104,31560815,0.32999999999447,4,571.610000000001
"1111","weak",900,105,31560816,0.349999999998545,4,569.860000000001
"1111","weak",900,106,31560817,0.479999999995925,4.17000000000553,583.360000000001
"1111","weak",900,107,31560818,0.419999999998254,4.05999999999767,572.239999999998
"1111","weak",900,108,31560819,0.510000000002037,3.94000000000233,584.109999999993
"1111","weak",900,109,31560820,0.409999999996217,4.15999999999622,573.110000000001
"1111","weak",900,110,31560821,0.330000000001746,4.09999999999127,576.029999999999
"1111","weak",900,111,31560822,0.440000000002328,3.88000000000466,583.380000000005
"1111","weak",900,112,31560823,0.479999999995925,3.75999999999476,574.51999999999
"1111","weak",900,113,31560824,0.420000000012806,4.10000000000582,596.579999999987
"1111","weak",900,114,31560825,0.399999999994179,3.82000000000698,578.229999999996
"1111","weak",900,115,31560826,0.430000000007567,4.08000000000175,566.779999999999
"1111","weak",900,116,31560827,0.5,4.11000000000058,582.660000000003
"1111","weak",900,117,31560828,0.529999999998836,4.08999999999651,581.070000000007
"1111","weak",900,118,31560829,0.470000000001164,4.04999999998836,582.880000000005
"1111","weak",900,119,31560830,0.369999999995343,3.9600000000064,577.309999999998
"1111","weak",900,120,31560831,0.470000000001164,3.97999999999593,575.639999999999
"1111","weak",900,121,31560832,0.379999999990105,4.25,578.080000000002
"1111","weak",900,122,31560833,0.380000000004657,3.83999999999651,571.970000000001
"1111","weak",900,123,31560834,0.530000000013388,4.05999999999767,582.73000000001
"1111","weak",900,124,31560835,0.399999999994179,4.22000000000116,582.010000000009
"1111","weak",900,125,31560836,0.380000000004657,4.13999999999942,572.220000000001
"1111","weak",900,126,31560837,0.429999999993015,3.88999999999942,581.949999999997
"1111","weak",900,127,31560838,0.470000000001164,4,587.820000000007
"1111","weak",900,128,31560839,0.389999999999418,4.25,580.919999999998
"1111","weak",900,129,31560840,0.44999999999709,3.80000000000291,600.190000000002
"1111","weak",900,130,31560841,0.370000000009895,3.8799999999901,592.409999999989
"1111","weak",900,131,31560842,0.470000000001164,4.04000000000815,594.929999999993
"1111","weak",900,132,31560843,0.439999999987776,3.97000000000116,586.330000000002
"1111","weak",900,133,31560844,0.400000000008731,4.08999999999651,584.970000000001
"1111","weak",900,134,31560845,0.380000000004657,3.5,577.020000000004
"1111","weak",900,135,31560846,0.440000000002328,4.30000000000291,579.169999999998
"1111","weak",900,136,31560847,0.559999999997672,3.91999999999825,589.490000000005
"1111","weak",900,137,31560848,0.5,4.13999999999942,584.440000000002
"1111","weak",900,138,31560849,0.419999999998254,4.30999999999767,581.580000000002
"1111","weak",900,139,31560850,0.389999999999418,4.38999999999942,580.949999999997
"1111","weak",900,140,31560851,0.419999999998254,4.16999999999825,597.369999999995
"1111","weak",900,141,31560852,0.439999999987776,3.80999999999767,583.440000000002
"1111","weak",900,142,31560853,0.470000000001164,4.33000000000175,591.940000000002
"1111","weak",900,143,31560854,0.44999999999709,4.43999999998778,598.139999999999
"1111","weak",900,144,31560855,0.369999999995343,3.88999999999942,588.360000000001
"1111","weak",900,145,31560856,0.44999999999709,4.22000000000116,589.229999999996
"1111","weak",900,146,31560857,0.440000000002328,3.80000000000291,609
"1111","weak",900,147,31560858,0.470000000001164,4.45000000001164,582.550000000003
"1111","weak",900,148,31560859,0.360000000000582,4.23999999999069,596.110000000001
"1111","weak",900,149,31560860,0.410000000003492,3.9600000000064,591.190000000002
"1111","weak",900,150,31560861,0.479999999995925,4.04000000000815,575.720000000001
"1111","weak",900,151,31560862,0.410000000003492,4.00999999999476,576.059999999998
"1111","weak",900,152,31560863,0.419999999998254,4.16000000000349,590.930000000008
"1111","weak",900,153,31560864,0.409999999988941,4,585.050000000003
"1111","weak",900,154,31560865,0.400000000008731,4.2100000000064,592.110000000001
"1111","weak",900,155,31560866,0.5,4.30000000000291,587.360000000001
"1111","weak",900,156,31560867,0.44999999999709,4.08000000000175,612.270000000004
"1111","weak",900,157,31560868,0.409999999988941,4.16000000000349,588.559999999998
"1111","weak",900,158,31560869,0.529999999998836,4.08000000000175,596.309999999998
"1111","weak",900,159,31560870,0.429999999993015,3.86999999999534,600.449999999997
"1111","weak",900,160,31560871,0.420000000012806,4.19999999999709,603.770000000004
"1111","weak",900,161,31560872,0.419999999998254,4.19000000000233,592.639999999999
"1111","weak",900,162,31560873,0.369999999995343,4.02999999999884,586.690000000002
"1111","weak",900,163,31560874,0.419999999998254,3.98000000001048,609.589999999997
"1111","weak",900,164,31560875,0.529999999998836,4.1299999999901,592.270000000004
"1111","weak",900,165,31560876,0.419999999998254,4.13000000000466,584.949999999997
"1111","weak",900,166,31560877,0.389999999999418,4.02999999999884,599.839999999997
"1111","weak",900,167,31560878,0.429999999993015,4.0399999999936,588.75
"1111","weak",900,168,31560879,0.420000000012806,3.80000000000291,580.219999999987
"1111","weak",900,169,31560880,0.440000000002328,4.05000000000291,588.25
"1111","weak",900,170,31560881,0.44999999999709,4.15000000000873,576.319999999992
"1111","weak",900,171,31560882,0.440000000002328,4.44000000000233,593.060000000012
"1111","weak",900,172,31560883,0.419999999998254,3.97000000000116,587.440000000002
"1111","weak",900,173,31560884,0.470000000001164,3.95000000001164,592.099999999991
"1111","weak",900,174,31560885,0.319999999992433,4,591.590000000011
"1111","weak",900,175,31560886,0.389999999999418,3.91000000000349,570.459999999992
"1111","weak",900,176,31560887,0.5,3.83000000000175,592.559999999998
"1111","weak",900,177,31560888,0.430000000007567,4.2100000000064,576.259999999995
"1111","weak",900,178,31560889,0.399999999994179,3.84999999999127,590.069999999992
"1111","weak",900,179,31560890,0.419999999998254,3.97999999999593,580.619999999995
"1111","weak",900,180,31560891,0.460000000006403,4.38000000000466,572.23000000001
"1111","weak",900,181,31560892,0.420000000012806,3.69000000000233,575.240000000005
"1111","weak",900,182,31560893,0.440000000002328,4.42999999999302,593.12999999999
"1111","weak",900,183,31560894,0.409999999988941,4.13999999999942,594.270000000004
"1111","weak",900,184,31560895,0.389999999999418,4.34999999999127,591.570000000007
"1111","weak",900,185,31560896,0.409999999988941,4.16000000000349,578.819999999992
"1111","weak",900,186,31560897,0.330000000001746,3.92000000001281,589.289999999994
"1111","weak",900,187,31560898,0.440000000002328,3.64000000001397,595.179999999993
"1111","weak",900,188,31560899,0.509999999994761,4.13000000000466,583.51999999999
"1111","weak",900,189,31560900,0.470000000001164,4.14999999999418,583.209999999992
"1111","weak",900,190,31560901,0.360000000000582,4.22999999999593,589.559999999998
"1111","weak",900,191,31560902,0.410000000003492,4.25,589.550000000003
"1111","weak",900,192,31560903,0.440000000002328,4.25,599.910000000003
"1111","weak",900,193,31560904,0.440000000002328,3.77999999999884,592.940000000002
"1111","weak",900,194,31560905,0.409999999988941,3.97000000000116,594.360000000001
"1111","weak",900,195,31560906,0.389999999999418,3.79999999998836,611.619999999995
"1111","weak",900,196,31560907,0.470000000001164,4.04999999998836,586.970000000001
"1111","weak",900,197,31560908,0.440000000002328,4.14999999999418,591.690000000002
"1111","weak",900,198,31560909,0.410000000003492,4.19000000000233,580.400000000009
"1111","weak",900,199,31560910,0.410000000003492,4.25999999999476,583.180000000008
"1111","weak",900,200,31560911,0.329999999987194,3.97999999999593,607.190000000002
"1111","weak",900,201,31560912,0.410000000003492,4.2100000000064,590.889999999999
"1111","weak",900,202,31560913,0.519999999989523,3.8799999999901,593.790000000008
"1111","weak",900,203,31560914,0.470000000001164,3.72999999999593,578.309999999998
"1111","weak",900,204,31560915,0.5,4.16999999999825,584.600000000006
"1111","weak",900,205,31560916,0.469999999986612,4.22000000000116,597.799999999988
"1111","weak",900,206,31560917,0.360000000000582,4.25999999999476,586.659999999989
"1111","weak",900,207,31560918,0.299999999988358,4.08000000000175,577.540000000008
"1111","weak",900,208,31560919,0.370000000009895,4.09999999999127,588.290000000008
"1111","weak",900,209,31560920,0.409999999988941,4.06000000001222,573.25
"1111","weak",900,210,31560921,0.410000000003492,3.94999999999709,581.889999999999
"1111","weak",900,211,31560922,0.399999999994179,4.16000000000349,570.5
"1111","weak",900,212,31560923,0.379999999990105,4.11999999999534,591.899999999994
"1111","weak",900,213,31560924,0.479999999995925,4.28000000001339,574.990000000005
"1111","weak",900,214,31560925,0.44999999999709,3.85000000000582,581.619999999995
"1111","weak",900,215,31560926,0.430000000007567,4.15999999998894,575.809999999998
"1111","weak",900,216,31560927,0.5,4.02999999999884,584.820000000007
"1111","weak",900,217,31560928,0.440000000002328,3.69999999999709,566.440000000002
"1111","weak",900,218,31560929,0.370000000009895,3.94000000000233,589.559999999998
"1111","weak",900,219,31560930,0.360000000000582,4.32000000000698,582.459999999992
"1111","weak",900,220,31560931,0.44999999999709,4.0800000000163,597.569999999992
"1111","weak",900,221,31560932,0.450000000011642,4.22000000000116,580.360000000015
"1111","weak",900,222,31560933,0.419999999983702,4.02999999999884,590.5
"1111","weak",900,223,31560934,0.399999999994179,4.05999999999767,579.630000000005
"1111","weak",900,224,31560935,0.339999999996508,4.05000000001746,588.369999999995
"1111","weak",900,225,31560936,0.440000000002328,3.93000000002212,574.939999999973
"1111","weak",900,226,31560937,0.440000000002328,4.08999999999651,571.300000000017
"1111","weak",900,227,31560938,0.46999999997206,3.92999999999302,590.779999999999
"1111","weak",900,228,31560939,0.470000000001164,3.94999999998254,591.270000000019
"1111","weak",900,229,31560940,0.360000000015134,4.31000000002678,583.760000000009
"1111","weak",900,230,31560941,0.449999999982538,4,587.209999999992
"1111","weak",900,231,31560942,0.339999999996508,4.1699999999837,587.419999999984
"1111","weak",900,232,31560943,0.479999999981374,3.98999999999069,585.850000000006
"1111","weak",900,233,31560944,0.350000000005821,3.99000000001979,588.770000000019
"1111","weak",900,234,31560945,0.380000000004657,4.05999999999767,575.420000000013
"1111","weak",900,235,31560946,0.440000000002328,3.9199999999837,575.199999999983
"1111","weak",900,236,31560947,0.429999999993015,3.85999999998603,573.630000000005
"1111","weak",900,237,31560948,0.39000000001397,4.5,578.329999999987
"1111","weak",900,238,31560949,0.519999999989523,4.16000000000349,577.589999999997
"1111","weak",900,239,31560950,0.470000000001164,3.88999999998487,595.76999999999
"1111","weak",900,240,31560951,0.459999999991851,3.88000000000466,592.5
"1111","weak",900,241,31560952,0.420000000012806,3.9199999999837,571.140000000014
"1111","weak",900,242,31560953,0.449999999982538,4.07000000000698,574.079999999987
"1111","weak",900,243,31560954,0.46999999997206,4.38999999998487,572.440000000002
"1111","weak",900,244,31560955,0.420000000012806,4.30000000001746,584.180000000022
"1111","weak",900,245,31560956,0.389999999984866,3.76999999998952,588.860000000015
"1111","weak",900,246,31560957,0.450000000011642,4.17000000001281,591.010000000009
"1111","weak",900,247,31560958,0.39000000001397,4.13000000000466,584.389999999985
"1111","weak",900,248,31560959,0.429999999993015,4.16000000000349,584.25
"1111","weak",900,249,31560960,0.339999999996508,4.16000000000349,579.910000000003
"1111","weak",900,250,31560961,0.419999999983702,3.77999999999884,582.579999999987
"1111","weak",900,251,31560962,0.440000000002328,4.27000000001863,583.960000000021
"1111","weak",900,252,31560963,0.360000000015134,4.63999999998487,595.890000000014
"1111","weak",900,253,31560964,0.440000000002328,4.35999999998603,587.640000000014
"1111","weak",900,254,31560965,0.389999999984866,4.08999999999651,582.989999999991
"1111","weak",900,255,31560966,0.369999999995343,4.22000000000116,583.75
"1111","weak",900,256,31560967,0.400000000023283,4.51000000000931,576.079999999987
"1111","weak",900,257,31560968,0.330000000016298,4.25,588.190000000002
"1111","weak",900,258,31560969,0.470000000001164,4.5,577.940000000002
"1111","weak",900,259,31560970,0.450000000011642,4.18000000002212,571.279999999999
"1111","weak",900,260,31560971,0.470000000001164,4.39000000001397,581
"1111","weak",900,261,31560972,0.449999999982538,4.28999999997905,574.949999999983
"1111","weak",900,262,31560973,0.419999999983702,4.30999999999767,585.890000000014
"1111","weak",900,263,31560974,0.350000000005821,4.32000000000698,601.690000000002
"1111","weak",900,264,31560975,0.5,4.1699999999837,591.649999999994
"1111","weak",900,265,31560976,0.370000000024447,4.44000000000233,622.899999999994
"1111","weak",900,266,31560977,0.339999999996508,3.67000000001281,591.029999999999
"1111","weak",900,267,31560978,0.299999999988358,3.97000000000116,591.220000000001
"1111","weak",900,268,31560979,0.5,4.02999999999884,586.399999999994
"1111","weak",900,269,31560980,0.440000000002328,3.88000000000466,582.679999999993
"1111","weak",900,270,31560981,0.449999999982538,4.37999999997555,579.040000000008
"1111","weak",900,271,31560982,0.429999999993015,4.13000000000466,583.720000000001
"1111","weak",900,272,31560983,0.350000000005821,4.21000000002095,577.779999999999
"1111","weak",900,273,31560984,0.470000000001164,4.0800000000163,583.360000000015
"1111","weak",900,274,31560985,0.450000000011642,4.13999999998487,583.720000000001
"1111","weak",900,275,31560986,0.350000000005821,4.14000000001397,584.850000000006
"1111","weak",900,276,31560987,0.420000000012806,4.0800000000163,592.410000000003
"1111","weak",900,277,31560988,0.450000000011642,4.17999999999302,578.910000000003
"1111","weak",900,278,31560989,0.480000000010477,4.08999999999651,591.580000000016
"1111","weak",900,279,31560990,0.470000000001164,4.27999999999884,596.299999999988
"1111","weak",900,280,31560991,0.299999999988358,4.25,589.040000000008
"1111","weak",900,281,31560992,0.399999999994179,4.17999999999302,588.380000000005
"1111","weak",900,282,31560993,0.440000000002328,3.89999999999418,588.199999999983
"1111","weak",900,283,31560994,0.440000000002328,3.92000000001281,578.460000000021
"1111","weak",900,284,31560995,0.479999999981374,4.60000000000582,576.729999999981
"1111","weak",900,285,31560996,0.39000000001397,3.90000000002328,578.430000000022
"1111","weak",900,286,31560997,0.419999999983702,3.76000000000931,584.640000000014
"1111","weak",900,287,31560998,0.419999999983702,4.22000000000116,575.220000000001
"1111","weak",900,288,31560999,0.329999999987194,4.25,583.919999999984
"1111","weak",900,289,31561000,0.369999999995343,3.97000000000116,579.779999999999
"1111","weak",900,290,31561001,0.380000000004657,4,598.420000000013
"1111","weak",900,291,31561002,0.39000000001397,4.02999999999884,599.829999999987
"1111","weak",900,292,31561003,0.399999999994179,4.42000000001281,588.010000000009
"1111","weak",900,293,31561004,0.440000000002328,4.05999999999767,586.529999999999
"1111","weak",900,294,31561005,0.440000000002328,4.26999999998952,584.959999999992
"1111","weak",900,295,31561006,0.440000000002328,4.21000000002095,593.559999999998
"1111","weak",900,296,31561007,0.399999999994179,4.27999999999884,582.359999999986
"1111","weak",900,297,31561008,0.470000000001164,4.05999999999767,597.290000000008
"1111","weak",900,298,31561009,0.419999999983702,4.14000000001397,596.320000000007
"1111","weak",900,299,31561010,0.399999999994179,3.79000000000815,596.260000000009
"1111","weak",900,300,31561011,0.470000000001164,4.14000000001397,590.5
"0111","weak",900,1,41560712,0.389999999984866,0.679999999993015,587.860000000015
"0111","weak",900,2,41560713,0.309999999997672,0.700000000011642,592.470000000001
"0111","weak",900,3,41560714,0.309999999997672,0.739999999990687,590.380000000005
"0111","weak",900,4,41560715,0.320000000006985,0.700000000011642,576.390000000014
"0111","weak",900,5,41560716,0.389999999984866,0.559999999997672,577.160000000003
"0111","weak",900,6,41560717,0.389999999984866,0.570000000006985,586.369999999995
"0111","weak",900,7,41560718,0.409999999974389,0.570000000006985,605.679999999993
"0111","weak",900,8,41560719,0.299999999988358,0.559999999997672,594.600000000006
"0111","weak",900,9,41560720,0.339999999996508,0.630000000004657,587.829999999987
"0111","weak",900,10,41560721,0.380000000004657,0.649999999994179,594.059999999998
"0111","weak",900,11,41560722,0.279999999998836,0.649999999994179,596.390000000014
"0111","weak",900,12,41560723,0.369999999995343,0.629999999975553,576.609999999986
"0111","weak",900,13,41560724,0.399999999994179,0.799999999988358,587.270000000019
"0111","weak",900,14,41560725,0.319999999977881,0.649999999994179,573.579999999987
"0111","weak",900,15,41560726,0.309999999997672,0.630000000004657,586.560000000027
"0111","weak",900,16,41560727,0.340000000025611,0.64000000001397,589.779999999999
"0111","weak",900,17,41560728,0.409999999974389,0.610000000015134,590.74000000002
"0111","weak",900,18,41560729,0.420000000012806,0.630000000004657,582.75
"0111","weak",900,19,41560730,0.350000000005821,0.709999999991851,588.5
"0111","weak",900,20,41560731,0.380000000004657,0.60999999998603,577.270000000019
"0111","weak",900,21,41560732,0.369999999995343,0.679999999993015,575.869999999995
"0111","weak",900,22,41560733,0.360000000015134,0.71999999997206,582.690000000002
"0111","weak",900,23,41560734,0.329999999987194,0.689999999973224,589.5
"0111","weak",900,24,41560735,0.350000000005821,0.619999999995343,602.640000000014
"0111","weak",900,25,41560736,0.39000000001397,0.690000000002328,574.940000000002
"0111","weak",900,26,41560737,0.399999999994179,0.690000000002328,584.25
"0111","weak",900,27,41560738,0.369999999995343,0.630000000004657,578.929999999993
"0111","weak",900,28,41560739,0.350000000005821,0.60999999998603,597.549999999988
"0111","weak",900,29,41560740,0.369999999995343,0.690000000002328,591.059999999998
"0111","weak",900,30,41560741,0.339999999996508,0.60999999998603,590.950000000012
"0111","weak",900,31,41560742,0.39000000001397,0.619999999995343,588.309999999998
"0111","weak",900,32,41560743,0.389999999984866,0.630000000004657,585.890000000014
"0111","weak",900,33,41560744,0.339999999996508,0.679999999993015,585.309999999998
"0111","weak",900,34,41560745,0.370000000024447,0.71999999997206,590.369999999995
"0111","weak",900,35,41560746,0.309999999997672,0.630000000004657,583.279999999999
"0111","weak",900,36,41560747,0.360000000015134,0.559999999997672,590.609999999986
"0111","weak",900,37,41560748,0.290000000008149,0.690000000002328,586.200000000012
"0111","weak",900,38,41560749,0.339999999996508,0.75,588.399999999994
"0111","weak",900,39,41560750,0.279999999998836,0.700000000011642,584.739999999991
"0111","weak",900,40,41560751,0.339999999996508,0.75,578.469999999972
"0111","weak",900,41,41560752,0.430000000022119,0.589999999996508,601.189999999973
"0111","weak",900,42,41560753,0.429999999993015,0.739999999990687,578.029999999999
"0111","weak",900,43,41560754,0.360000000015134,0.400000000023283,571.720000000001
"0111","weak",900,44,41560755,0.209999999991851,0.64000000001397,528.779999999999
"0111","weak",900,45,41560756,0.329999999987194,0.540000000008149,530.940000000002
"0111","weak",900,46,41560757,0.340000000025611,0.779999999998836,538.050000000017
"0111","weak",900,47,41560758,0.360000000015134,0.600000000005821,533.789999999979
"0111","weak",900,48,41560759,0.419999999983702,0.470000000001164,542.529999999999
"0111","weak",900,49,41560760,0.35999999998603,0.670000000012806,537.690000000002
"0111","weak",900,50,41560761,0.39000000001397,0.490000000019791,541.75
"0111","weak",900,51,41560762,0.360000000015134,0.619999999995343,541.379999999976
"0111","weak",900,52,41560763,0.389999999984866,0.450000000011642,533.729999999981
"0111","weak",900,53,41560764,0.35999999998603,0.630000000004657,526.880000000005
"0111","weak",900,54,41560765,0.329999999987194,0.679999999993015,534.799999999988
"0111","weak",900,55,41560766,0.319999999977881,0.470000000001164,531.25
"0111","weak",900,56,41560767,0.429999999993015,0.579999999987194,534.320000000007
"0111","weak",900,57,41560768,0.349999999976717,0.630000000004657,534.050000000017
"0111","weak",900,58,41560769,0.380000000004657,0.610000000015134,547.279999999999
"0111","weak",900,59,41560770,0.339999999996508,0.639999999984866,527.070000000007
"0111","weak",900,60,41560771,0.39000000001397,0.790000000008149,526.580000000016
"0111","weak",900,61,41560772,0.320000000006985,0.60999999998603,531.350000000006
"0111","weak",900,62,41560773,0.330000000016298,0.680000000022119,554.279999999999
"0111","weak",900,63,41560774,0.350000000005821,0.569999999977881,589.570000000007
"0111","weak",900,64,41560775,0.369999999995343,0.649999999994179,621.059999999998
"0111","weak",900,65,41560776,0.339999999996508,0.60999999998603,591.429999999993
"0111","weak",900,66,41560777,0.440000000002328,0.60999999998603,578.090000000026
"0111","weak",900,67,41560778,0.380000000004657,0.710000000020955,577.460000000021
"0111","weak",900,68,41560779,0.320000000006985,0.579999999987194,582.309999999998
"0111","weak",900,69,41560780,0.470000000001164,0.559999999997672,582.970000000001
"0111","weak",900,70,41560781,0.320000000006985,0.670000000012806,581.5
"0111","weak",900,71,41560782,0.409999999974389,0.630000000004657,580.440000000002
"0111","weak",900,72,41560783,0.339999999996508,0.75,585.809999999998
"0111","weak",900,73,41560784,0.440000000002328,0.60999999998603,576.170000000013
"0111","weak",900,74,41560785,0.429999999993015,0.709999999991851,583.580000000016
"0111","weak",900,75,41560786,0.289999999979045,0.660000000003492,579.419999999984
"0111","weak",900,76,41560787,0.450000000011642,0.75,598.809999999998
"0111","weak",900,77,41560788,0.300000000017462,0.720000000001164,592.529999999999
"0111","weak",900,78,41560789,0.380000000004657,0.610000000015134,590.970000000001
"0111","weak",900,79,41560790,0.360000000015134,0.730000000010477,592.630000000005
"0111","weak",900,80,41560791,0.440000000002328,0.690000000002328,596.089999999997
"0111","weak",900,81,41560792,0.339999999996508,0.669999999983702,594.610000000015
"0111","weak",900,82,41560793,0.389999999984866,0.759999999980209,577.470000000001
"0111","weak",900,83,41560794,0.420000000012806,0.720000000001164,574.26999999999
"0111","weak",900,84,41560795,0.35999999998603,0.670000000012806,576.390000000014
"0111","weak",900,85,41560796,0.339999999996508,0.529999999998836,580.850000000006
"0111","weak",900,86,41560797,0.39000000001397,0.570000000006985,577.170000000013
"0111","weak",900,87,41560798,0.399999999994179,0.669999999983702,570.549999999988
"0111","weak",900,88,41560799,0.399999999994179,0.690000000002328,572.180000000022
"0111","weak",900,89,41560800,0.350000000005821,0.669999999983702,583.540000000008
"0111","weak",900,90,41560801,0.300000000017462,0.529999999998836,584.699999999983
"0111","weak",900,91,41560802,0.429999999993015,0.779999999998836,564.880000000005
"0111","weak",900,92,41560803,0.409999999974389,0.669999999983702,582.620000000024
"0111","weak",900,93,41560804,0.35999999998603,0.540000000008149,592.829999999987
"0111","weak",900,94,41560805,0.429999999993015,0.589999999996508,593.01999999999
"0111","weak",900,95,41560806,0.360000000015134,0.690000000002328,584.640000000014
"0111","weak",900,96,41560807,0.309999999997672,0.610000000015134,594.149999999994
"0111","weak",900,97,41560808,0.380000000004657,0.639999999984866,585.720000000001
"0111","weak",900,98,41560809,0.300000000017462,0.720000000001164,581.720000000001
"0111","weak",900,99,41560810,0.410000000003492,0.699999999982538,583.179999999993
"0111","weak",900,100,41560811,0.360000000015134,0.559999999997672,591.760000000009
"0111","weak",900,101,41560812,0.330000000016298,0.639999999984866,597.290000000008
"0111","weak",900,102,41560813,0.470000000001164,0.75,592.979999999981
"0111","weak",900,103,41560814,0.35999999998603,0.89000000001397,598.380000000005
"0111","weak",900,104,41560815,0.35999999998603,0.460000000020955,586.640000000014
"0111","weak",900,105,41560816,0.39000000001397,0.700000000011642,598.179999999993
"0111","weak",900,106,41560817,0.339999999996508,0.690000000002328,584.860000000015
"0111","weak",900,107,41560818,0.289999999979045,0.540000000008149,580.970000000001
"0111","weak",900,108,41560819,0.420000000012806,0.709999999991851,592.190000000002
"0111","weak",900,109,41560820,0.350000000005821,0.550000000017462,578.839999999997
"0111","weak",900,110,41560821,0.549999999988358,0.630000000004657,594.260000000009
"0111","weak",900,111,41560822,0.39000000001397,0.769999999989523,584.720000000001
"0111","weak",900,112,41560823,0.340000000025611,0.550000000017462,580.839999999997
"0111","weak",900,113,41560824,0.39000000001397,0.559999999997672,582
"0111","weak",900,114,41560825,0.410000000003492,0.820000000006985,586.349999999977
"0111","weak",900,115,41560826,0.339999999996508,0.75,584.25
"0111","weak",900,116,41560827,0.279999999998836,0.60999999998603,571.670000000013
"0111","weak",900,117,41560828,0.330000000016298,0.60999999998603,579.670000000013
"0111","weak",900,118,41560829,0.279999999998836,0.610000000015134,597.130000000005
"0111","weak",900,119,41560830,0.339999999996508,0.649999999994179,584.719999999972
"0111","weak",900,120,41560831,0.400000000023283,0.610000000015134,587.359999999986
"0111","weak",900,121,41560832,0.39000000001397,0.570000000006985,582.779999999999
"0111","weak",900,122,41560833,0.240000000019791,0.75,587.729999999981
"0111","weak",900,123,41560834,0.329999999987194,0.529999999998836,576.75
"0111","weak",900,124,41560835,0.440000000002328,0.449999999982538,573.130000000005
"0111","weak",900,125,41560836,0.410000000003492,0.459999999991851,569.809999999998
"0111","weak",900,126,41560837,0.350000000005821,0.470000000001164,570.610000000015
"0111","weak",900,127,41560838,0.389999999984866,0.830000000016298,579.279999999999
"0111","weak",900,128,41560839,0.369999999995343,0.590000000025611,568.110000000015
"0111","weak",900,129,41560840,0.329999999987194,0.569999999977881,572.170000000013
"0111","weak",900,130,41560841,0.420000000012806,0.75,566.660000000003
"0111","weak",900,131,41560842,0.380000000004657,0.720000000001164,583.639999999985
"0111","weak",900,132,41560843,0.459999999991851,0.720000000001164,577.639999999985
"0111","weak",900,133,41560844,0.35999999998603,0.690000000002328,564.140000000014
"0111","weak",900,134,41560845,0.269999999989523,0.589999999996508,577.329999999987
"0111","weak",900,135,41560846,0.450000000011642,0.710000000020955,573.5
"0111","weak",900,136,41560847,0.409999999974389,0.649999999994179,573.309999999998
"0111","weak",900,137,41560848,0.529999999998836,0.559999999997672,578.25
"0111","weak",900,138,41560849,0.339999999996508,0.579999999987194,585.110000000015
"0111","weak",900,139,41560850,0.329999999987194,0.529999999998836,574.600000000006
"0111","weak",900,140,41560851,0.389999999984866,0.690000000002328,568.109999999986
"0111","weak",900,141,41560852,0.449999999982538,0.619999999995343,579.680000000022
"0111","weak",900,142,41560853,0.369999999995343,0.519999999989523,584.800000000017
"0111","weak",900,143,41560854,0.5,0.699999999982538,570.190000000002
"0111","weak",900,144,41560855,0.440000000002328,0.700000000011642,573.5
"0111","weak",900,145,41560856,0.389999999984866,0.519999999960419,570.279999999999
"0111","weak",900,146,41560857,0.279999999969732,0.60999999998603,579.190000000002
"0111","weak",900,147,41560858,0.349999999976717,0.71999999997206,583.710000000021
"0111","weak",900,148,41560859,0.28000000002794,0.559999999997672,583.429999999993
"0111","weak",900,149,41560860,0.41,1.56999999999994,622.55
"0111","weak",900,150,41560861,0.419999999999959,0.779999999999973,619.58
"0111","weak",900,151,41560862,0.339999999999918,0.6400000000001,606.66
"0111","weak",900,152,41560863,0.409999999999854,0.769999999999982,621.84
"0111","weak",900,153,41560864,0.409999999999854,0.759999999999764,620.69
"0111","weak",900,154,41560865,0.550000000000182,0.639999999999873,606.43
"0111","weak",900,155,41560866,0.389999999999873,0.699999999999818,616.95
"0111","weak",900,156,41560867,0.420000000000073,0.6899999999996,613.64
"0111","weak",900,157,41560868,0.390000000000327,0.75,627.58
"0111","weak",900,158,41560869,0.430000000000291,0.850000000000364,623.23
"0111","weak",900,159,41560870,0.489999999999782,0.779999999999745,614.62
"0111","weak",900,160,41560871,0.380000000000109,0.690000000000509,602.79
"0111","weak",900,161,41560872,0.409999999999854,0.900000000000546,603.14
"0111","weak",900,162,41560873,0.469999999999345,0.670000000000073,604.88
"0111","weak",900,163,41560874,0.340000000000146,0.799999999999272,606.719999999999
"0111","weak",900,164,41560875,0.400000000001455,0.75,616.879999999999
"0111","weak",900,165,41560876,0.43999999999869,0.670000000000073,625.439999999999
"0111","weak",900,166,41560877,0.389999999999418,0.549999999999272,618.889999999999
"0111","weak",900,167,41560878,0.380000000001019,0.709999999999127,614.309999999999
"0111","weak",900,168,41560879,0.389999999999418,0.649999999999636,605.280000000001
"0111","weak",900,169,41560880,0.389999999999418,0.639999999999418,599.58
"0111","weak",900,170,41560881,0.389999999999418,0.68999999999869,600.25
"0111","weak",900,171,41560882,0.420000000000073,0.799999999999272,599.940000000001
"0111","weak",900,172,41560883,0.409999999999854,0.659999999999854,603.900000000001
"0111","weak",900,173,41560884,0.409999999999854,0.75,601.49
"0111","weak",900,174,41560885,0.399999999999636,0.760000000000218,615.76
"0111","weak",900,175,41560886,0.399999999999636,0.529999999998836,610.519999999999
"0111","weak",900,176,41560887,0.340000000000146,0.68999999999869,595.32
"0111","weak",900,177,41560888,0.440000000002328,0.690000000002328,600.110000000001
"0111","weak",900,178,41560889,0.490000000001601,0.75,602.540000000001
"0111","weak",900,179,41560890,0.430000000000291,0.590000000000146,593.25
"0111","weak",900,180,41560891,0.430000000000291,0.720000000001164,569.639999999999
"0111","weak",900,181,41560892,0.360000000000582,0.790000000000873,575.040000000001
"0111","weak",900,182,41560893,0.31000000000131,0.75,583.969999999998
"0111","weak",900,183,41560894,0.360000000000582,0.639999999999418,582.970000000001
"0111","weak",900,184,41560895,0.420000000001892,0.770000000000437,580.129999999997
"0111","weak",900,185,41560896,0.450000000000728,0.659999999999854,596.240000000002
"0111","weak",900,186,41560897,0.309999999997672,0.669999999998254,586.420000000002
"0111","weak",900,187,41560898,0.360000000000582,0.639999999999418,591.580000000002
"0111","weak",900,188,41560899,0.389999999999418,0.710000000002765,577.41
"0111","weak",900,189,41560900,0.43999999999869,0.720000000001164,580.5
"0111","weak",900,190,41560901,0.340000000000146,0.620000000002619,596.060000000001
"0111","weak",900,191,41560902,0.309999999997672,0.630000000001019,587.349999999999
"0111","weak",900,192,41560903,0.330000000001746,0.68999999999869,574.260000000002
"0111","weak",900,193,41560904,0.360000000000582,0.729999999999563,593.970000000001
"0111","weak",900,194,41560905,0.380000000001019,0.720000000001164,584.650000000001
"0111","weak",900,195,41560906,0.360000000000582,0.740000000001601,591.290000000001
"0111","weak",900,196,41560907,0.400000000001455,0.719999999997526,600.25
"0111","weak",900,197,41560908,0.280000000002474,0.690000000002328,583.23
"0111","weak",900,198,41560909,0.360000000000582,0.659999999999854,583.760000000002
"0111","weak",900,199,41560910,0.299999999999272,0.650000000001455,607.549999999999
"0111","weak",900,200,41560911,0.389999999999418,0.569999999999709,592.280000000002
"0111","weak",900,201,41560912,0.319999999999709,0.680000000000291,577.049999999999
"0111","weak",900,202,41560913,0.440000000002328,0.729999999999563,585.139999999999
"0111","weak",900,203,41560914,0.389999999999418,0.599999999998545,587.250000000004
"0111","weak",900,204,41560915,0.340000000003783,0.720000000001164,596.799999999996
"0111","weak",900,205,41560916,0.410000000003492,0.690000000002328,586.549999999996
"0111","weak",900,206,41560917,0.379999999997381,0.75,605.120000000003
"0111","weak",900,207,41560918,0.340000000003783,0.690000000002328,588.860000000001
"0111","weak",900,208,41560919,0.400000000001455,0.650000000001455,592.209999999999
"0111","weak",900,209,41560920,0.389999999999418,0.779999999998836,591.549999999996
"0111","weak",900,210,41560921,0.339999999996508,0.569999999999709,593.169999999998
"0111","weak",900,211,41560922,0.409999999996217,0.779999999998836,589.360000000001
"0111","weak",900,212,41560923,0.32999999999447,0.790000000000873,580.049999999996
"0111","weak",900,213,41560924,0.379999999997381,0.680000000000291,589.099999999999
"0111","weak",900,214,41560925,0.349999999998545,0.779999999998836,595.129999999997
"0111","weak",900,215,41560926,0.370000000002619,0.709999999999127,586.32
"0111","weak",900,216,41560927,0.370000000002619,0.549999999995634,584.330000000002
"0111","weak",900,217,41560928,0.330000000001746,0.729999999995925,587.57
"0111","weak",900,218,41560929,0.310000000004948,0.730000000003201,581.090000000004
"0111","weak",900,219,41560930,0.400000000001455,0.599999999998545,578.659999999996
"0111","weak",900,220,41560931,0.330000000001746,0.580000000001746,589.329999999994
"0111","weak",900,221,41560932,0.379999999997381,0.720000000001164,578.030000000006
"0111","weak",900,222,41560933,0.360000000000582,0.760000000002037,583.970000000001
"0111","weak",900,223,41560934,0.410000000003492,0.659999999996217,571.080000000002
"0111","weak",900,224,41560935,0.340000000003783,0.610000000000582,580.739999999998
"0111","weak",900,225,41560936,0.389999999999418,0.580000000001746,578.309999999998
"0111","weak",900,226,41560937,0.360000000000582,0.719999999993888,584.209999999999
"0111","weak",900,227,41560938,0.310000000004948,0.75,594.870000000003
"0111","weak",900,228,41560939,0.360000000000582,0.589999999996508,587.980000000003
"0111","weak",900,229,41560940,0.370000000002619,0.720000000001164,583.519999999997
"0111","weak",900,230,41560941,0.400000000001455,0.629999999997381,578.060000000005
"0111","weak",900,231,41560942,0.410000000003492,0.589999999996508,590.480000000003
"0111","weak",900,232,41560943,0.379999999997381,0.690000000002328,589.080000000002
"0111","weak",900,233,41560944,0.439999999995052,0.769999999996799,592.839999999997
"0111","weak",900,234,41560945,0.339999999996508,0.75,578.709999999999
"0111","weak",900,235,41560946,0.340000000003783,0.659999999996217,583.199999999997
"0111","weak",900,236,41560947,0.410000000003492,0.720000000001164,583.700000000004
"0111","weak",900,237,41560948,0.370000000002619,0.719999999993888,581.139999999999
"0111","weak",900,238,41560949,0.410000000003492,0.760000000002037,603
"0111","weak",900,239,41560950,0.360000000000582,0.669999999998254,578.720000000001
"0111","weak",900,240,41560951,0.319999999999709,0.80000000000291,574.18
"0111","weak",900,241,41560952,0.330000000001746,0.690000000002328,594.239999999998
"0111","weak",900,242,41560953,0.360000000000582,0.660000000003492,570.129999999997
"0111","weak",900,243,41560954,0.269999999996799,0.75,571.449999999997
"0111","weak",900,244,41560955,0.360000000000582,0.769999999996799,581.690000000002
"0111","weak",900,245,41560956,0.379999999997381,0.610000000000582,567.290000000001
"0111","weak",900,246,41560957,0.389999999999418,0.559999999997672,577.690000000002
"0111","weak",900,247,41560958,0.349999999998545,0.450000000004366,567.389999999999
"0111","weak",900,248,41560959,0.389999999999418,0.599999999998545,586.019999999997
"0111","weak",900,249,41560960,0.470000000001164,0.610000000000582,595.870000000003
"0111","weak",900,250,41560961,0.370000000002619,0.739999999997963,579.43
"0111","weak",900,251,41560962,0.379999999997381,0.610000000000582,586.049999999996
"0111","weak",900,252,41560963,0.419999999998254,0.720000000001164,580.909999999996
"0111","weak",900,253,41560964,0.30000000000291,0.709999999999127,598.110000000001
"0111","weak",900,254,41560965,0.409999999996217,0.75,588.049999999996
"0111","weak",900,255,41560966,0.370000000002619,0.660000000003492,573.980000000003
"0111","weak",900,256,41560967,0.379999999997381,0.639999999999418,583.449999999997
"0111","weak",900,257,41560968,0.389999999999418,0.75,573.709999999999
"0111","weak",900,258,41560969,0.339999999996508,0.540000000000873,572.270000000004
"0111","weak",900,259,41560970,0.400000000001455,0.649999999994179,601.650000000001
"0111","weak",900,260,41560971,0.440000000002328,0.690000000002328,576.279999999999
"0111","weak",900,261,41560972,0.440000000002328,0.720000000001164,571.150000000009
"0111","weak",900,262,41560973,0.349999999991269,0.590000000011059,566.770000000004
"0111","weak",900,263,41560974,0.279999999998836,0.729999999995925,583.690000000002
"0111","weak",900,264,41560975,0.360000000000582,0.589999999996508,584.23000000001
"0111","weak",900,265,41560976,0.360000000000582,0.510000000009313,576.300000000003
"0111","weak",900,266,41560977,0.309999999997672,0.720000000001164,569.529999999999
"0111","weak",900,267,41560978,0.259999999994761,0.720000000001164,568.740000000005
"0111","weak",900,268,41560979,0.429999999993015,0.529999999998836,579.440000000002
"0111","weak",900,269,41560980,0.430000000007567,0.5,582.349999999991
"0111","weak",900,270,41560981,0.349999999991269,0.69999999999709,586.090000000011
"0111","weak",900,271,41560982,0.350000000005821,0.620000000009895,579.220000000001
"0111","weak",900,272,41560983,0.400000000008731,0.630000000004657,571.009999999995
"0111","weak",900,273,41560984,0.360000000000582,0.599999999991269,571.970000000001
"0111","weak",900,274,41560985,0.340000000011059,0.689999999987776,567.309999999998
"0111","weak",900,275,41560986,0.389999999999418,0.710000000006403,581.12999999999
"0111","weak",900,276,41560987,0.369999999995343,0.570000000006985,576.360000000001
"0111","weak",900,277,41560988,0.339999999996508,0.689999999987776,580.87000000001
"0111","weak",900,278,41560989,0.380000000004657,0.580000000001746,572.539999999994
"0111","weak",900,279,41560990,0.360000000000582,0.649999999994179,582.029999999999
"0111","weak",900,280,41560991,0.360000000000582,0.669999999998254,571.919999999998
"0111","weak",900,281,41560992,0.309999999997672,0.620000000009895,572.919999999998
"0111","weak",900,282,41560993,0.389999999999418,0.55000000000291,575.850000000006
"0111","weak",900,283,41560994,0.440000000002328,0.560000000012224,567.800000000003
"0111","weak",900,284,41560995,0.330000000001746,0.64000000001397,571.139999999999
"0111","weak",900,285,41560996,0.319999999992433,0.529999999998836,574.920000000013
"0111","weak",900,286,41560997,0.330000000001746,0.75,568.720000000001
"0111","weak",900,287,41560998,0.440000000002328,0.569999999992433,577.650000000009
"0111","weak",900,288,41560999,0.319999999992433,0.639999999999418,590.409999999989
"0111","weak",900,289,41561000,0.380000000004657,0.769999999989523,572.12000000001
"0111","weak",900,290,41561001,0.410000000003492,0.639999999999418,573.490000000005
"0111","weak",900,291,41561002,0.270000000004075,0.75,595.419999999998
"0111","weak",900,292,41561003,0.389999999999418,0.689999999987776,573.089999999997
"0111","weak",900,293,41561004,0.280000000013388,0.570000000006985,579.679999999993
"0111","weak",900,294,41561005,0.349999999991269,0.579999999987194,586.639999999999
"0111","weak",900,295,41561006,0.450000000011642,0.539999999993597,578.809999999998
"0111","weak",900,296,41561007,0.369999999995343,0.809999999997672,564.670000000013
"0111","weak",900,297,41561008,0.370000000009895,0.639999999999418,581.110000000001
"0111","weak",900,298,41561009,0.400000000008731,0.599999999991269,600.700000000012
"0111","weak",900,299,41561010,0.440000000002328,0.650000000008731,593.079999999987
"0111","weak",900,300,41561011,0.360000000000582,0.720000000001164,592.380000000005
"1011","weak",900,1,51560712,0.44999999999709,2.16999999999825,578.029999999999
"1011","weak",900,2,51560713,0.360000000000582,2.6200000000099,574.690000000002
"1011","weak",900,3,51560714,0.360000000000582,2.91999999999825,588.389999999999
"1011","weak",900,4,51560715,0.450000000011642,2.72000000000116,595.839999999997
"1011","weak",900,5,51560716,0.330000000001746,2.51000000000931,596.860000000001
"1011","weak",900,6,51560717,0.309999999997672,2.84999999999127,590.529999999999
"1011","weak",900,7,51560718,0.389999999999418,2.63999999999942,600.330000000002
"1011","weak",900,8,51560719,0.380000000004657,2.68999999998778,600.199999999997
"1011","weak",900,9,51560720,0.329999999987194,2.81000000001222,589.860000000001
"1011","weak",900,10,51560721,0.329999999987194,2.76000000000931,605.610000000001
"1011","weak",900,11,51560722,0.330000000001746,2.52999999999884,593.62000000001
"1011","weak",900,12,51560723,0.360000000000582,2.58000000000175,585.520000000004
"1011","weak",900,13,51560724,0.389999999999418,2.63999999999942,584.830000000002
"1011","weak",900,14,51560725,0.439999999987776,2.66000000000349,587.390000000014
"1011","weak",900,15,51560726,0.429999999993015,2.46999999998661,591.849999999991
"1011","weak",900,16,51560727,0.319999999992433,2.52999999999884,602.5
"1011","weak",900,17,51560728,0.349999999991269,2.58000000000175,580.699999999997
"1011","weak",900,18,51560729,0.360000000000582,2.61000000000058,583.639999999999
"1011","weak",900,19,51560730,0.360000000000582,2.72000000000116,593.040000000008
"1011","weak",900,20,51560731,0.360000000000582,2.66000000000349,599.709999999992
"1011","weak",900,21,51560732,0.279999999998836,2.33999999999651,575.610000000001
"1011","weak",900,22,51560733,0.369999999995343,2.50999999999476,583.830000000002
"1011","weak",900,23,51560734,0.360000000000582,2.45000000001164,580.320000000007
"1011","weak",900,24,51560735,0.389999999999418,2.8799999999901,577.830000000002
"1011","weak",900,25,51560736,0.340000000011059,2.69999999999709,575.929999999993
"1011","weak",900,26,51560737,0.479999999995925,2.66000000000349,585.139999999999
"1011","weak",900,27,51560738,0.35999999998603,2.95999999999185,574.330000000002
"1011","weak",900,28,51560739,0.370000000009895,2.71999999998661,583.029999999999
"1011","weak",900,29,51560740,0.389999999999418,2.81999999999243,588.139999999999
"1011","weak",900,30,51560741,0.330000000001746,2.56999999999243,600.169999999998
"1011","weak",900,31,51560742,0.35999999998603,2.40000000000873,585.660000000003
"1011","weak",900,32,51560743,0.389999999999418,2.39999999999418,575.470000000001
"1011","weak",900,33,51560744,0.310000000012224,2.58000000000175,587.639999999999
"1011","weak",900,34,51560745,0.360000000000582,2.78000000001339,584.029999999999
"1011","weak",900,35,51560746,0.410000000003492,2.55999999999767,575.970000000001
"1011","weak",900,36,51560747,0.369999999995343,2.57000000000698,582.139999999999
"1011","weak",900,37,51560748,0.410000000003492,2.47000000000116,587.119999999995
"1011","weak",900,38,51560749,0.409999999988941,2.5399999999936,594.87000000001
"1011","weak",900,39,51560750,0.380000000004657,2.58000000000175,584.25
"1011","weak",900,40,51560751,0.389999999999418,2.58000000000175,585.470000000001
"1011","weak",900,41,51560752,0.360000000000582,2.55999999999767,591.690000000002
"1011","weak",900,42,51560753,0.289999999993597,2.75,589.580000000002
"1011","weak",900,43,51560754,0.360000000000582,2.66999999999825,592.030000000013
"1011","weak",900,44,51560755,0.420000000012806,2.79999999998836,582.009999999995
"1011","weak",900,45,51560756,0.279999999998836,2.89999999999418,577.060000000012
"1011","weak",900,46,51560757,0.339999999996508,2.61000000000058,565.989999999991
"1011","weak",900,47,51560758,0.360000000000582,2.6299999999901,596.470000000001
"1011","weak",900,48,51560759,0.349999999991269,2.63999999999942,585.690000000002
"1011","weak",900,49,51560760,0.389999999999418,3.08000000000175,586.029999999999
"1011","weak",900,50,51560761,0.489999999990687,2.9600000000064,604.539999999994
"1011","weak",900,51,51560762,0.360000000000582,2.30000000000291,596.779999999999
"1011","weak",900,52,51560763,0.360000000000582,2.69999999999709,587.040000000008
"1011","weak",900,53,51560764,0.389999999999418,2.83000000000175,590.75
"1011","weak",900,54,51560765,0.419999999998254,2.61999999999534,590.229999999996
"1011","weak",900,55,51560766,0.410000000003492,2.53000000001339,590.530000000013
"1011","weak",900,56,51560767,0.440000000002328,2.4600000000064,584.950000000012
"1011","weak",900,57,51560768,0.44999999999709,2.50999999999476,574.929999999993
"1011","weak",900,58,51560769,0.389999999999418,2.45000000001164,578.740000000005
"1011","weak",900,59,51560770,0.389999999999418,2.40999999998894,587.169999999998
"1011","weak",900,60,51560771,0.370000000009895,2.58999999999651,592.270000000004
"1011","weak",900,61,51560772,0.309999999997672,2.72000000000116,597.830000000002
"1011","weak",900,62,51560773,0.320000000006985,2.72000000000116,583.070000000007
"1011","weak",900,63,51560774,0.330000000001746,2.38000000000466,587.020000000004
"1011","weak",900,64,51560775,0.379999999990105,2.42000000001281,579.020000000004
"1011","weak",900,65,51560776,0.360000000000582,2.70999999999185,595.25
"1011","weak",900,66,51560777,0.35999999998603,2.63999999999942,576.699999999997
"1011","weak",900,67,51560778,0.419999999998254,2.97000000000116,587.170000000013
"1011","weak",900,68,51560779,0.370000000009895,2.59000000001106,587.030000000013
"1011","weak",900,69,51560780,0.410000000003492,2.63000000000466,587.660000000003
"1011","weak",900,70,51560781,0.44999999999709,2.47999999999593,579.75
"1011","weak",900,71,51560782,0.360000000000582,2.45000000001164,585.220000000001
"1011","weak",900,72,51560783,0.389999999984866,3,587.23000000001
"1011","weak",900,73,51560784,0.429999999993015,2.57999999998719,595.579999999987
"1011","weak",900,74,51560785,0.470000000001164,2.61999999999534,578.040000000008
"1011","weak",900,75,51560786,0.389999999984866,2.69999999998254,578.440000000002
"1011","weak",900,76,51560787,0.279999999998836,2.47000000000116,578.059999999998
"1011","weak",900,77,51560788,0.429999999993015,2.60000000000582,594.440000000002
"1011","weak",900,78,51560789,0.350000000005821,2.52999999999884,585.609999999986
"1011","weak",900,79,51560790,0.25,2.47000000000116,569.229999999981
"1011","weak",900,80,51560791,0.440000000002328,2.72000000000116,578.700000000012
"1011","weak",900,81,51560792,0.399999999994179,2.32999999998719,577.75
"1011","weak",900,82,51560793,0.380000000004657,2.45000000001164,571.190000000002
"1011","weak",900,83,51560794,0.39000000001397,2.58999999999651,584.470000000001
"1011","weak",900,84,51560795,0.369999999995343,2.80999999999767,577.570000000007
"1011","weak",900,85,51560796,0.360000000015134,2.72999999998137,581.559999999998
"1011","weak",900,86,51560797,0.430000000022119,2.54000000000815,583.040000000008
"1011","weak",900,87,51560798,0.330000000016298,2.69000000000233,591
"1011","weak",900,88,51560799,0.309999999997672,2.44000000000233,574.699999999983
"1011","weak",900,89,51560800,0.279999999998836,2.66000000000349,565.880000000005
"1011","weak",900,90,51560801,0.339999999996508,2.81999999997788,595.119999999995
"1011","weak",900,91,51560802,0.420000000012806,2.63999999998487,595.550000000017
"1011","weak",900,92,51560803,0.330000000016298,2.5800000000163,587.449999999983
"1011","weak",900,93,51560804,0.369999999995343,2.58999999999651,574.710000000021
"1011","weak",900,94,51560805,0.35999999998603,2.32999999998719,559.529999999999
"1011","weak",900,95,51560806,0.339999999996508,2.58999999999651,588.790000000008
"1011","weak",900,96,51560807,0.369999999995343,2.66000000000349,575.350000000006
"1011","weak",900,97,51560808,0.329999999987194,2.45999999999185,598.600000000006
"1011","weak",900,98,51560809,0.420000000012806,2.54999999998836,581.429999999993
"1011","weak",900,99,51560810,0.450000000011642,2.44000000000233,590.880000000005
"1011","weak",900,100,51560811,0.399999999994179,2.5800000000163,581.239999999991
"1011","weak",900,101,51560812,0.329999999987194,2.29999999998836,579.119999999995
"1011","weak",900,102,51560813,0.320000000006985,2.95000000001164,588.410000000003
"1011","weak",900,103,51560814,0.369999999995343,2.75,584.209999999992
"1011","weak",900,104,51560815,0.389999999984866,2.5,580.709999999992
"1011","weak",900,105,51560816,0.369999999995343,2.32000000000698,593.139999999985
"1011","weak",900,106,51560817,0.299999999988358,2.52999999999884,588.299999999988
"1011","weak",900,107,51560818,0.260000000009313,2.75,580
"1011","weak",900,108,51560819,0.360000000015134,2.48999999999069,579.350000000006
"1011","weak",900,109,51560820,0.420000000012806,2.44000000000233,575.139999999985
"1011","weak",900,110,51560821,0.300000000017462,2.91000000000349,588.309999999998
"1011","weak",900,111,51560822,0.380000000004657,2.6699999999837,569.860000000015
"1011","weak",900,112,51560823,0.35999999998603,2.81999999997788,581.809999999998
"1011","weak",900,113,51560824,0.440000000002328,2.58999999999651,579.51999999999
"1011","weak",900,114,51560825,0.330000000016298,2.38000000000466,584.190000000002
"1011","weak",900,115,51560826,0.429999999993015,2.45000000001164,587.450000000012
"1011","weak",900,116,51560827,0.290000000008149,2.64999999999418,563.989999999991
"1011","weak",900,117,51560828,0.289999999979045,2.5800000000163,587.75
"1011","weak",900,118,51560829,0.339999999996508,3.04000000000815,592.829999999987
"1011","weak",900,119,51560830,0.339999999996508,2.72000000000116,588.859999999986
"1011","weak",900,120,51560831,0.440000000002328,2.70000000001164,588.649999999994
"1011","weak",900,121,51560832,0.480000000010477,2.5,574.339999999997
"1011","weak",900,122,51560833,0.329999999987194,2.76999999998952,565.420000000013
"1011","weak",900,123,51560834,0.39000000001397,2.69999999998254,589.160000000003
"1011","weak",900,124,51560835,0.329999999987194,2.72000000000116,580.660000000003
"1011","weak",900,125,51560836,0.389999999984866,2.4199999999837,581.779999999999
"1011","weak",900,126,51560837,0.35999999998603,2.27999999999884,592.25
"1011","weak",900,127,51560838,0.35999999998603,2.63000000000466,580.700000000012
"1011","weak",900,128,51560839,0.529999999998836,2.36000000001513,585.399999999994
"1011","weak",900,129,51560840,0.320000000006985,2.76000000000931,584.709999999992
"1011","weak",900,130,51560841,0.5,2.80999999999767,589.029999999999
"1011","weak",900,131,51560842,0.419999999983702,3.19999999998254,573.970000000001
"1011","weak",900,132,51560843,0.300000000017462,2.67999999999302,577.220000000001
"1011","weak",900,133,51560844,0.489999999990687,2.70000000001164,578.420000000013
"1011","weak",900,134,51560845,0.329999999987194,2.66000000000349,584.809999999998
"1011","weak",900,135,51560846,0.410000000003492,2.29999999998836,594.919999999984
"1011","weak",900,136,51560847,0.440000000002328,2.55999999999767,589.660000000003
"1011","weak",900,137,51560848,0.320000000006985,2.86999999999534,589.449999999983
"1011","weak",900,138,51560849,0.330000000016298,2.70999999999185,581.690000000002
"1011","weak",900,139,51560850,0.420000000012806,2.79999999998836,576.5
"1011","weak",900,140,51560851,0.300000000017462,2.57999999998719,577.279999999999
"1011","weak",900,141,51560852,0.39000000001397,2.75,592.910000000003
"1011","weak",900,142,51560853,0.360000000015134,2.75,579.5
"1011","weak",900,143,51560854,0.300000000017462,2.54000000000815,578.550000000017
"1011","weak",900,144,51560855,0.360000000015134,2.63999999998487,591.859999999986
"1011","weak",900,145,51560856,0.369999999995343,2.41000000000349,589.660000000003
"1011","weak",900,146,51560857,0.39000000001397,2.73000000001048,592.140000000014
"1011","weak",900,147,51560858,0.39000000001397,2.5,588.540000000008
"1011","weak",900,148,51560859,0.470000000001164,2.61999999999534,584.130000000005
"1011","weak",900,149,51560860,0.329999999987194,2.54999999998836,580.589999999997
"1011","weak",900,150,51560861,0.339999999996508,2.67999999999302,595.339999999997
"1011","weak",900,151,51560862,0.429999999993015,2.75999999998021,591.420000000013
"1011","weak",900,152,51560863,0.339999999996508,2.52999999999884,593.450000000012
"1011","weak",900,153,51560864,0.320000000006985,2.60999999998603,590.279999999999
"1011","weak",900,154,51560865,0.35999999998603,2.58999999999651,596.320000000007
"1011","weak",900,155,51560866,0.440000000002328,2.39000000001397,586.559999999998
"1011","weak",900,156,51560867,0.320000000006985,2.58999999999651,590.049999999988
"1011","weak",900,157,51560868,0.380000000004657,2.5,603.869999999995
"1011","weak",900,158,51560869,0.339999999996508,2.61000000001513,585
"1011","weak",900,159,51560870,0.360000000015134,2.48999999999069,586.200000000012
"1011","weak",900,160,51560871,0.420000000012806,2.64000000001397,594.410000000003
"1011","weak",900,161,51560872,0.309999999997672,2.72999999998137,589.520000000019
"1011","weak",900,162,51560873,0.339999999996508,2.57999999998719,596.600000000006
"1011","weak",900,163,51560874,0.330000000016298,2.80000000001746,582.390000000014
"1011","weak",900,164,51560875,0.299999999988358,2.64000000001397,586.520000000019
"1011","weak",900,165,51560876,0.429999999993015,2.88000000000466,596.279999999999
"1011","weak",900,166,51560877,0.339999999996508,2.5,604.950000000012
"1011","weak",900,167,51560878,0.360000000015134,2.42000000001281,602.75999999998
"1011","weak",900,168,51560879,0.440000000002328,2.66000000000349,599.779999999999
"1011","weak",900,169,51560880,0.440000000002328,2.51999999998952,593.089999999997
"1011","weak",900,170,51560881,0.399999999994179,2.70000000001164,590.029999999999
"1011","weak",900,171,51560882,0.39000000001397,2.55000000001746,577.380000000005
"1011","weak",900,172,51560883,0.360000000015134,2.72000000000116,596.300000000017
"1011","weak",900,173,51560884,0.39000000001397,2.5,589.830000000016
"1011","weak",900,174,51560885,0.419999999983702,2.54999999998836,585.610000000015
"1011","weak",900,175,51560886,0.380000000004657,2.54000000000815,588.809999999998
"1011","weak",900,176,51560887,0.399999999994179,2.52999999999884,596.970000000001
"1011","weak",900,177,51560888,0.369999999995343,2.64999999999418,596.169999999984
"1011","weak",900,178,51560889,0.39000000001397,2.75,591.890000000014
"1011","weak",900,179,51560890,0.369999999995343,2.86000000001513,597.570000000007
"1011","weak",900,180,51560891,0.369999999995343,2.64999999999418,590.160000000003
"1011","weak",900,181,51560892,0.339999999996508,2.49000000001979,593.890000000014
"1011","weak",900,182,51560893,0.389999999984866,2.57000000000698,586.100000000006
"1011","weak",900,183,51560894,0.339999999996508,2.61000000001513,582.709999999992
"1011","weak",900,184,51560895,0.369999999995343,2.61999999999534,584.640000000014
"1011","weak",900,185,51560896,0.279999999998836,2.77999999999884,598.529999999999
"1011","weak",900,186,51560897,0.369999999995343,2.69999999998254,589.5
"1011","weak",900,187,51560898,0.35999999998603,2.52999999999884,591.970000000001
"1011","weak",900,188,51560899,0.380000000004657,2.5,583.790000000008
"1011","weak",900,189,51560900,0.319999999977881,2.5,592.359999999986
"1011","weak",900,190,51560901,0.410000000003492,2.63000000000466,594.170000000013
"1011","weak",900,191,51560902,0.420000000012806,2.5800000000163,589.059999999998
"1011","weak",900,192,51560903,0.369999999995343,2.36999999999534,582.130000000005
"1011","weak",900,193,51560904,0.429999999993015,4.07000000000698,569.830000000016
"1011","weak",900,194,51560905,0.649999999994179,2.61000000001513,521.549999999988
"1011","weak",900,195,51560906,0.440000000002328,2.55000000001746,531.76999999999
"1011","weak",900,196,51560907,0.289999999979045,2.5800000000163,538.919999999984
"1011","weak",900,197,51560908,0.39000000001397,2.42999999999302,530.440000000002
"1011","weak",900,198,51560909,0.25,2.30999999999767,535.75
"1011","weak",900,199,51560910,0.309999999997672,2.55999999999767,539.299999999988
"1011","weak",900,200,51560911,0.279999999998836,2.22000000000116,539.270000000019
"1011","weak",900,201,51560912,0.350000000005821,1.98999999999069,533.670000000013
"1011","weak",900,202,51560913,0.309999999997672,2.76000000000931,531.390000000014
"1011","weak",900,203,51560914,0.389999999984866,2.55999999999767,523.020000000019
"1011","weak",900,204,51560915,0.380000000004657,2.27999999999884,531.369999999995
"1011","weak",900,205,51560916,0.380000000004657,2.66000000000349,528.729999999981
"1011","weak",900,206,51560917,0.179999999993015,2.45000000001164,530.279999999999
"1011","weak",900,207,51560918,0.339999999996508,2.52999999999884,532.039999999979
"1011","weak",900,208,51560919,0.320000000006985,2.63999999998487,539.51999999999
"1011","weak",900,209,51560920,0.369999999995343,2.39999999999418,550.619999999995
"1011","weak",900,210,51560921,0.339999999996508,2.47000000000116,556.869999999995
"1011","weak",900,211,51560922,0.39000000001397,2.72000000000116,553.75
"1011","weak",900,212,51560923,0.369999999995343,2.60999999998603,529.649999999994
"1011","weak",900,213,51560924,0.380000000004657,2.45000000001164,589.070000000007
"1011","weak",900,214,51560925,0.39000000001397,2.69000000000233,588.549999999988
"1011","weak",900,215,51560926,0.380000000004657,2.55000000001746,602.779999999999
"1011","weak",900,216,51560927,0.389999999984866,2.61000000001513,590.970000000001
"1011","weak",900,217,51560928,0.329999999987194,2.57999999998719,588.50999999998
"1011","weak",900,218,51560929,0.369999999995343,2.80999999999767,603.5
"1011","weak",900,219,51560930,0.350000000005821,2.57999999998719,583.98000000001
"1011","weak",900,220,51560931,0.420000000012806,2.55999999999767,589.339999999997
"1011","weak",900,221,51560932,0.429999999993015,2.57999999998719,579.75
"1011","weak",900,222,51560933,0.329999999987194,2.5,578.809999999998
"1011","weak",900,223,51560934,0.420000000012806,2.77999999999884,586.190000000002
"1011","weak",900,224,51560935,0.440000000002328,2.64999999999418,574.079999999987
"1011","weak",900,225,51560936,0.290000000008149,2.38999999998487,578.699999999983
"1011","weak",900,226,51560937,0.449999999982538,2.94000000000233,574.350000000006
"1011","weak",900,227,51560938,0.330000000016298,2.55000000001746,593.850000000006
"1011","weak",900,228,51560939,0.479999999981374,2.61999999999534,590.700000000012
"1011","weak",900,229,51560940,0.329999999987194,2.94999999998254,587.559999999998
"1011","weak",900,230,51560941,0.339999999996508,2.75,586.76999999999
"1011","weak",900,231,51560942,0.450000000011642,2.45999999999185,579.190000000002
"1011","weak",900,232,51560943,0.380000000004657,2.61999999999534,583.75
"1011","weak",900,233,51560944,0.330000000016298,2.9199999999837,586.559999999998
"1011","weak",900,234,51560945,0.350000000005821,2.60999999998603,577.950000000012
"1011","weak",900,235,51560946,0.410000000003492,2.66000000000349,591.76999999999
"1011","weak",900,236,51560947,0.369999999995343,2.60999999998603,579.229999999981
"1011","weak",900,237,51560948,0.39000000001397,3.01999999998952,584.449999999983
"1011","weak",900,238,51560949,0.449999999982538,2.70999999999185,574.75999999998
"1011","weak",900,239,51560950,0.309999999997672,2.70999999999185,583.220000000001
"1011","weak",900,240,51560951,0.419999999983702,2.42999999999302,594.529999999999
"1011","weak",900,241,51560952,0.380000000004657,2.82999999998719,592.99000000002
"1011","weak",900,242,51560953,0.389999999984866,2.88000000000466,590.5
"1011","weak",900,243,51560954,0.279999999998836,2.89999999999418,587.190000000002
"1011","weak",900,244,51560955,0.429999999993015,2.94000000000233,587.699999999983
"1011","weak",900,245,51560956,0.5,2.75,593.48000000001
"1011","weak",900,246,51560957,0.35999999998603,2.93000000002212,572.149999999994
"1011","weak",900,247,51560958,0.449999999982538,2.64000000001397,578.360000000015
"1011","weak",900,248,51560959,0.399999999994179,2.5800000000163,584.800000000017
"1011","weak",900,249,51560960,0.419999999983702,2.44000000000233,576.790000000008
"1011","weak",900,250,51560961,0.320000000006985,3.30999999999767,584.829999999987
"1011","weak",900,251,51560962,0.419999999983702,2.60999999998603,582.690000000002
"1011","weak",900,252,51560963,0.299999999988358,2.80000000001746,592.449999999983
"1011","weak",900,253,51560964,0.369999999995343,2.69000000000233,594.390000000014
"1011","weak",900,254,51560965,0.580000000016298,2.72000000000116,597.799999999988
"1011","weak",900,255,51560966,0.410000000003492,2.66000000000349,583.609999999986
"1011","weak",900,256,51560967,0.5,2.5,588.460000000021
"1011","weak",900,257,51560968,0.35999999998603,2.50999999998021,588.579999999987
"1011","weak",900,258,51560969,0.260000000009313,2.63000000000466,601.089999999997
"1011","weak",900,259,51560970,0.5,2.66000000000349,600.739999999991
"1011","weak",900,260,51560971,0.380000000004657,3,589.639999999985
"1011","weak",900,261,51560972,0.360000000015134,2.48999999999069,587.580000000016
"1011","weak",900,262,51560973,0.279999999998836,2.63999999998487,590.489999999991
"1011","weak",900,263,51560974,0.380000000004657,2.88000000000466,588.660000000003
"1011","weak",900,264,51560975,0.330000000016298,3.04999999998836,587.589999999997
"1011","weak",900,265,51560976,0.339999999996508,2.73999999999069,583.059999999998
"1011","weak",900,266,51560977,0.489999999990687,2.41000000000349,592.700000000012
"1011","weak",900,267,51560978,0.429999999993015,2.72000000000116,590.899999999994
"1011","weak",900,268,51560979,0.380000000004657,2.38000000000466,588
"1011","weak",900,269,51560980,0.330000000016298,2.94000000000233,590.649999999994
"1011","weak",900,270,51560981,0.399999999994179,2.64999999999418,589.649999999994
"1011","weak",900,271,51560982,0.320000000006985,2.70000000001164,605.839999999997
"1011","weak",900,272,51560983,0.279999999998836,3.44000000000233,592.5
"1011","weak",900,273,51560984,0.39000000001397,2.88999999998487,580.309999999998
"1011","weak",900,274,51560985,0.309999999997672,3.17000000001281,568.51999999999
"1011","weak",900,275,51560986,0.330000000016298,2.32000000000698,581.609999999986
"1011","weak",900,276,51560987,0.35999999998603,2.75,590.169999999984
"1011","weak",900,277,51560988,0.330000000016298,2.55999999999767,586.220000000001
"1011","weak",900,278,51560989,0.299999999988358,3.38999999998487,577.470000000001
"1011","weak",900,279,51560990,0.369999999995343,2.35000000000582,569.289999999979
"1011","weak",900,280,51560991,0.470000000001164,2.94000000000233,587.529999999999
"1011","weak",900,281,51560992,0.339999999996508,2.68000000002212,566.139999999985
"1011","weak",900,282,51560993,0.380000000004657,2.74000000001979,575.49000000002
"1011","weak",900,283,51560994,0.339999999996508,3.02999999999884,586.23000000001
"1011","weak",900,284,51560995,0.459999999991851,3.07000000000698,594.059999999998
"1011","weak",900,285,51560996,0.589999999996508,2.55999999999767,588.880000000005
"1011","weak",900,286,51560997,0.420000000012806,2.47999999998137,570.970000000001
"1011","weak",900,287,51560998,0.429999999993015,2.79999999998836,573.040000000008
"1011","weak",900,288,51560999,0.459999999991851,2.83999999999651,570.140000000014
"1011","weak",900,289,51561000,0.289999999979045,2.38999999998487,571.029999999999
"1011","weak",900,290,51561001,0.470000000001164,2.54999999998836,577.539999999979
"1011","weak",900,291,51561002,0.299999999988358,2.60000000000582,591.190000000002
"1011","weak",900,292,51561003,0.330000000016298,3.14000000001397,569.619999999995
"1011","weak",900,293,51561004,0.299999999988358,2.77999999999884,576.570000000007
"1011","weak",900,294,51561005,0.350000000005821,2.82999999995809,571.190000000002
"1011","weak",900,295,51561006,0.39000000001397,3.0899999999674,560.48000000004
"1011","weak",900,296,51561007,0.300000000046566,2.69000000000233,575.110000000044
"1011","weak",900,297,51561008,0.489999999990687,3.07999999995809,588.539999999979
"1011","weak",900,298,51561009,0.330000000016298,2.55000000004657,564.179999999993
"1011","weak",900,299,51561010,0.42,3.83000000000004,620
"1011","weak",900,300,51561011,0.3900000000001,2.66000000000008,610.89
"1111","mid",900,1,32560712,0.460000000000036,4.21000000000004,629.56
"1111","mid",900,2,32560713,0.450000000000045,4.4699999999998,624.3
"1111","mid",900,3,32560714,0.420000000000073,4.15000000000009,639.56
"1111","mid",900,4,32560715,0.409999999999854,4.19000000000005,638.85
"1111","mid",900,5,32560716,0.5,4.4399999999996,624.63
"1111","mid",900,6,32560717,0.400000000000546,4.51000000000022,633.48
"1111","mid",900,7,32560718,0.440000000000509,4.13999999999942,629.139999999999
"1111","mid",900,8,32560719,0.469999999999345,4.05000000000018,634.63
"1111","mid",900,9,32560720,0.409999999999854,4.53999999999996,630.94
"1111","mid",900,10,32560721,0.350000000000364,4.25,624.6
"1111","mid",900,11,32560722,0.479999999999563,4,611.260000000001
"1111","mid",900,12,32560723,0.359999999998763,4.23999999999978,613.27
"1111","mid",900,13,32560724,0.420000000000073,4.20999999999913,624.210000000001
"1111","mid",900,14,32560725,0.479999999999563,4.05000000000109,638.23
"1111","mid",900,15,32560726,0.460000000000946,4.32999999999993,632.289999999999
"1111","mid",900,16,32560727,0.360000000000582,4.64000000000124,629.33
"1111","mid",900,17,32560728,0.540000000000873,4.54999999999927,627.469999999999
"1111","mid",900,18,32560729,0.470000000001164,4.36000000000058,623.139999999999
"1111","mid",900,19,32560730,0.459999999999127,4.42000000000007,623.449999999999
"1111","mid",900,20,32560731,0.3700000000008,4.32999999999993,631.48
"1111","mid",900,21,32560732,0.479999999999563,4.18000000000029,628.389999999999
"1111","mid",900,22,32560733,0.399999999999636,4.17000000000007,631.92
"1111","mid",900,23,32560734,0.359999999998763,3.97999999999956,628.880000000001
"1111","mid",900,24,32560735,0.470000000001164,4.34000000000015,626.940000000001
"1111","mid",900,25,32560736,0.389999999999418,4.16999999999825,601.980000000003
"1111","mid",900,26,32560737,0.459999999999127,4.23999999999796,625.549999999999
"1111","mid",900,27,32560738,0.5,4.29999999999927,611.549999999999
"1111","mid",900,28,32560739,0.529999999998836,4.03000000000247,596.23
"1111","mid",900,29,32560740,0.540000000000873,4.12999999999738,602.689999999999
"1111","mid",900,30,32560741,0.389999999999418,4.13999999999942,600.240000000002
"1111","mid",900,31,32560742,0.369999999998981,4.11000000000058,599.93
"1111","mid",900,32,32560743,0.510000000002037,4.31999999999971,599.830000000002
"1111","mid",900,33,32560744,0.480000000003201,4.08000000000175,604.850000000002
"1111","mid",900,34,32560745,0.430000000000291,3.79999999999927,589.919999999998
"1111","mid",900,35,32560746,0.389999999999418,3.93999999999869,589.470000000001
"1111","mid",900,36,32560747,0.349999999998545,3.79999999999927,591.09
"1111","mid",900,37,32560748,0.490000000001601,4.09999999999854,590.019999999997
"1111","mid",900,38,32560749,0.44999999999709,4.18999999999869,594.68
"1111","mid",900,39,32560750,0.420000000001892,4.18000000000029,608.880000000001
"1111","mid",900,40,32560751,0.440000000002328,4.36000000000058,604.120000000003
"1111","mid",900,41,32560752,0.409999999999854,4.26000000000204,596.689999999999
"1111","mid",900,42,32560753,0.43999999999869,4.48999999999796,609.049999999999
"1111","mid",900,43,32560754,0.309999999997672,4.26000000000204,593.860000000001
"1111","mid",900,44,32560755,0.430000000000291,4.06999999999971,596.91
"1111","mid",900,45,32560756,0.330000000001746,4.0099999999984,588.079999999998
"1111","mid",900,46,32560757,0.420000000001892,3.83000000000175,599.169999999998
"1111","mid",900,47,32560758,0.389999999999418,4.14999999999782,594.889999999999
"1111","mid",900,48,32560759,0.430000000000291,4.04999999999927,607.48
"1111","mid",900,49,32560760,0.479999999999563,4.16999999999825,601.150000000001
"1111","mid",900,50,32560761,0.420000000001892,4.18999999999869,593
"1111","mid",900,51,32560762,0.389999999999418,4.16999999999825,591.630000000001
"1111","mid",900,52,32560763,0.459999999999127,3.98999999999796,602.25
"1111","mid",900,53,32560764,0.5,4.51000000000204,593.099999999999
"1111","mid",900,54,32560765,0.44999999999709,3.83000000000175,583.230000000003
"1111","mid",900,55,32560766,0.409999999996217,4.27000000000407,600.779999999999
"1111","mid",900,56,32560767,0.470000000001164,4.02999999999884,606.769999999997
"1111","mid",900,57,32560768,0.360000000000582,4.34999999999854,618.540000000001
"1111","mid",900,58,32560769,0.470000000001164,4.26000000000204,605.209999999999
"1111","mid",900,59,32560770,0.470000000001164,4.04000000000087,612.650000000001
"1111","mid",900,60,32560771,0.410000000003492,3.52999999999884,607.559999999998
"1111","mid",900,61,32560772,0.389999999999418,3.9800000000032,603.170000000006
"1111","mid",900,62,32560773,0.389999999999418,4.11000000000058,610.669999999998
"1111","mid",900,63,32560774,0.389999999999418,3.87000000000262,606.839999999997
"1111","mid",900,64,32560775,0.450000000004366,4.05999999999767,588.720000000001
"1111","mid",900,65,32560776,0.400000000001455,4.20000000000437,597.860000000001
"1111","mid",900,66,32560777,0.430000000000291,3.85999999999331,590.049999999996
"1111","mid",900,67,32560778,0.439999999995052,4.27000000000407,596.799999999996
"1111","mid",900,68,32560779,0.409999999996217,3.75,580.43
"1111","mid",900,69,32560780,0.330000000001746,4.02000000000407,588.329999999994
"1111","mid",900,70,32560781,0.340000000003783,4.11000000000058,606.110000000001
"1111","mid",900,71,32560782,0.470000000001164,4.20000000000437,602.43
"1111","mid",900,72,32560783,0.419999999998254,4.05999999999767,589.389999999999
"1111","mid",900,73,32560784,0.410000000003492,4.19999999999709,596.830000000002
"1111","mid",900,74,32560785,0.400000000001455,4.31999999999971,591.529999999999
"1111","mid",900,75,32560786,0.480000000003201,4.04000000000087,595.349999999999
"1111","mid",900,76,32560787,0.360000000000582,3.94999999999709,598.959999999999
"1111","mid",900,77,32560788,0.450000000004366,4.05999999999767,594.329999999994
"1111","mid",900,78,32560789,0.389999999999418,4.34999999999854,591.900000000001
"1111","mid",900,79,32560790,0.400000000001455,3.84000000000378,618.870000000003
"1111","mid",900,80,32560791,0.389999999999418,3.61000000000058,596.610000000001
"1111","mid",900,81,32560792,0.400000000001455,4.2300000000032,601.730000000003
"1111","mid",900,82,32560793,0.400000000001455,4.34999999999854,591.700000000004
"1111","mid",900,83,32560794,0.470000000001164,4.16999999999825,601.699999999997
"1111","mid",900,84,32560795,0.470000000001164,4.20999999999913,594.970000000001
"1111","mid",900,85,32560796,0.44999999999709,4.44000000000233,604.970000000001
"1111","mid",900,86,32560797,0.5,4.25,594.709999999999
"1111","mid",900,87,32560798,0.379999999997381,4.33999999999651,605.809999999998
"1111","mid",900,88,32560799,0.450000000004366,4.18000000000029,598.220000000001
"1111","mid",900,89,32560800,0.360000000000582,4,598.610000000001
"1111","mid",900,90,32560801,0.419999999998254,3.55999999999767,598.129999999997
"1111","mid",900,91,32560802,0.360000000000582,4.18999999999505,605.129999999997
"1111","mid",900,92,32560803,0.44999999999709,4.16999999999825,599.220000000001
"1111","mid",900,93,32560804,0.379999999997381,4.38999999999942,588.019999999997
"1111","mid",900,94,32560805,0.590000000003783,3.66999999999825,583.889999999999
"1111","mid",900,95,32560806,0.389999999999418,4.08000000000175,602.739999999998
"1111","mid",900,96,32560807,0.440000000002328,4.01000000000204,590.080000000002
"1111","mid",900,97,32560808,0.389999999999418,3.82999999999447,593.860000000001
"1111","mid",900,98,32560809,0.349999999998545,4.01000000000204,597.029999999999
"1111","mid",900,99,32560810,0.480000000003201,4.30000000000291,599.409999999996
"1111","mid",900,100,32560811,0.409999999996217,3.87999999999738,592.400000000001
"1111","mid",900,101,32560812,0.5,4.23999999999796,580.419999999998
"1111","mid",900,102,32560813,0.419999999998254,3.96999999999389,595.330000000002
"1111","mid",900,103,32560814,0.309999999997672,3.97000000000116,586.139999999999
"1111","mid",900,104,32560815,0.389999999999418,3.80000000000291,590.260000000002
"1111","mid",900,105,32560816,0.370000000002619,4.16000000000349,585.730000000003
"1111","mid",900,106,32560817,0.409999999996217,4.16999999999825,591.110000000008
"1111","mid",900,107,32560818,0.379999999990105,4.2100000000064,596
"1111","mid",900,108,32560819,0.419999999998254,4.06999999999243,599.330000000002
"1111","mid",900,109,32560820,0.419999999998254,4.05999999999767,598.350000000006
"1111","mid",900,110,32560821,0.470000000001164,4.35000000000582,606.529999999999
"1111","mid",900,111,32560822,0.419999999998254,3.85000000000582,596.160000000003
"1111","mid",900,112,32560823,0.429999999993015,3.80999999999767,598.970000000001
"1111","mid",900,113,32560824,0.330000000001746,3.91999999999825,592.970000000001
"1111","mid",900,114,32560825,0.439999999987776,4.05000000000291,592.360000000001
"1111","mid",900,115,32560826,0.389999999999418,3.97999999999593,609.590000000011
"1111","mid",900,116,32560827,0.44999999999709,4.11000000000058,584.090000000011
"1111","mid",900,117,32560828,0.400000000008731,4.26999999998952,582.51999999999
"1111","mid",900,118,32560829,0.460000000006403,4.05000000000291,596.039999999994
"1111","mid",900,119,32560830,0.360000000000582,4.44000000000233,583.700000000012
"1111","mid",900,120,32560831,0.380000000004657,3.97999999999593,596.690000000002
"1111","mid",900,121,32560832,0.429999999993015,4.05000000000291,601.060000000012
"1111","mid",900,122,32560833,0.479999999995925,3.91000000000349,591.449999999997
"1111","mid",900,123,32560834,0.429999999993015,3.83999999999651,583.040000000008
"1111","mid",900,124,32560835,0.349999999991269,3.75,591.979999999996
"1111","mid",900,125,32560836,0.349999999991269,3.86000000000058,604.869999999995
"1111","mid",900,126,32560837,0.419999999998254,4.1200000000099,584.639999999999
"1111","mid",900,127,32560838,0.399999999994179,3.88999999999942,585.979999999996
"1111","mid",900,128,32560839,0.429999999993015,4,592.369999999995
"1111","mid",900,129,32560840,0.309999999997672,4.13000000000466,612.050000000003
"1111","mid",900,130,32560841,0.470000000001164,4.38000000000466,597.779999999999
"1111","mid",900,131,32560842,0.35999999998603,4.52000000000407,604.890000000014
"1111","mid",900,132,32560843,0.419999999998254,4.05000000000291,589.910000000003
"1111","mid",900,133,32560844,0.380000000004657,4.07999999998719,581.680000000008
"1111","mid",900,134,32560845,0.429999999993015,4.30999999999767,595.25
"1111","mid",900,135,32560846,0.429999999993015,4.07000000000698,610.070000000007
"1111","mid",900,136,32560847,0.490000000005239,4.27000000000407,590.970000000001
"1111","mid",900,137,32560848,0.380000000004657,3.7899999999936,593.789999999994
"1111","mid",900,138,32560849,0.389999999999418,4.07999999998719,593.639999999999
"1111","mid",900,139,32560850,0.440000000002328,3.66000000000349,609.109999999986
"1111","mid",900,140,32560851,0.460000000006403,4.00999999999476,599.139999999999
"1111","mid",900,141,32560852,0.480000000010477,4.13999999999942,597.160000000003
"1111","mid",900,142,32560853,0.480000000010477,4,585.940000000002
"1111","mid",900,143,32560854,0.490000000005239,4.09000000001106,602.110000000001
"1111","mid",900,144,32560855,0.5,4.13999999999942,600.600000000006
"1111","mid",900,145,32560856,0.419999999998254,4.05000000000291,586.739999999991
"1111","mid",900,146,32560857,0.44999999999709,4.20000000001164,612.940000000002
"1111","mid",900,147,32560858,0.479999999995925,4.38000000000466,603.220000000001
"1111","mid",900,148,32560859,0.44999999999709,4.19999999999709,588.530000000013
"1111","mid",900,149,32560860,0.340000000011059,4.05000000000291,576.25
"1111","mid",900,150,32560861,0.520000000004075,3.88999999999942,584
"1111","mid",900,151,32560862,0.399999999994179,3.58999999999651,603.279999999999
"1111","mid",900,152,32560863,0.419999999998254,3.97000000000116,606.240000000005
"1111","mid",900,153,32560864,0.430000000007567,4.50999999999476,608.979999999996
"1111","mid",900,154,32560865,0.470000000001164,4.25,600.110000000001
"1111","mid",900,155,32560866,0.389999999999418,4.41999999999825,586.559999999998
"1111","mid",900,156,32560867,0.470000000001164,4,602.550000000003
"1111","mid",900,157,32560868,0.380000000004657,4,607.029999999999
"1111","mid",900,158,32560869,0.439999999987776,4.52999999999884,601.839999999997
"1111","mid",900,159,32560870,0.39000000001397,4.07000000000698,607.5
"1111","mid",900,160,32560871,0.380000000004657,4.11000000000058,596
"1111","mid",900,161,32560872,0.370000000009895,3.84000000001106,605.660000000003
"1111","mid",900,162,32560873,0.399999999994179,4.47999999999593,610.240000000005
"1111","mid",900,163,32560874,0.470000000001164,3.91000000000349,611.229999999996
"1111","mid",900,164,32560875,0.419999999998254,3.83000000000175,606.440000000002
"1111","mid",900,165,32560876,0.369999999995343,4.11000000000058,602.660000000003
"1111","mid",900,166,32560877,0.460000000006403,4.77000000000407,599.350000000006
"1111","mid",900,167,32560878,0.520000000004075,4.05000000000291,611.530000000013
"1111","mid",900,168,32560879,0.379999999990105,4.29999999998836,607.240000000005
"1111","mid",900,169,32560880,0.470000000001164,4.01000000000931,586.410000000003
"1111","mid",900,170,32560881,0.419999999998254,3.91999999999825,612.940000000002
"1111","mid",900,171,32560882,0.389999999999418,4,587.759999999995
"1111","mid",900,172,32560883,0.399999999994179,4.02000000000407,590.989999999991
"1111","mid",900,173,32560884,0.409999999988941,4.22000000000116,587.399999999994
"1111","mid",900,174,32560885,0.389999999999418,4.25,585.350000000006
"1111","mid",900,175,32560886,0.479999999995925,3.97999999999593,590.050000000003
"1111","mid",900,176,32560887,0.44999999999709,3.80000000000291,593.139999999999
"1111","mid",900,177,32560888,0.460000000006403,4.00999999999476,596.610000000001
"1111","mid",900,178,32560889,0.419999999998254,4.36000000000058,605.529999999999
"1111","mid",900,179,32560890,0.529999999998836,3.97000000000116,599.539999999994
"1111","mid",900,180,32560891,0.440000000002328,4.08000000000175,601.320000000007
"1111","mid",900,181,32560892,0.370000000009895,3.90000000000873,588.840000000011
"1111","mid",900,182,32560893,0.440000000002328,3.66000000000349,600.789999999994
"1111","mid",900,183,32560894,0.389999999999418,3.72000000000116,599.020000000004
"1111","mid",900,184,32560895,0.470000000001164,3.94000000000233,591.110000000001
"1111","mid",900,185,32560896,0.460000000006403,4.27999999999884,606.310000000012
"1111","mid",900,186,32560897,0.349999999991269,4.1299999999901,605.860000000001
"1111","mid",900,187,32560898,0.440000000002328,4.00999999999476,609.100000000006
"1111","mid",900,188,32560899,0.380000000004657,4.02000000000407,602.509999999995
"1111","mid",900,189,32560900,0.470000000001164,4.5,613.090000000011
"1111","mid",900,190,32560901,0.299999999988358,3.69000000000233,596.779999999999
"1111","mid",900,191,32560902,0.430000000007567,4.48999999999069,598.910000000003
"1111","mid",900,192,32560903,0.489999999990687,3.66999999999825,593.659999999989
"1111","mid",900,193,32560904,0.400000000008731,4.10000000000582,602.660000000003
"1111","mid",900,194,32560905,0.30000000000291,4.08999999999651,593.330000000002
"1111","mid",900,195,32560906,0.39000000001397,3.8700000000099,622.839999999997
"1111","mid",900,196,32560907,0.440000000002328,4.2899999999936,592.410000000003
"1111","mid",900,197,32560908,0.360000000000582,4.08000000000175,597.809999999998
"1111","mid",900,198,32560909,0.419999999998254,3.79000000000815,590.449999999997
"1111","mid",900,199,32560910,0.5,4.14999999999418,599.37000000001
"1111","mid",900,200,32560911,0.460000000006403,4.25,603.309999999998
"1111","mid",900,201,32560912,0.320000000006985,3.67999999999302,606.669999999998
"1111","mid",900,202,32560913,0.360000000000582,3.75,599.779999999999
"1111","mid",900,203,32560914,0.430000000007567,4.13999999999942,600.610000000001
"1111","mid",900,204,32560915,0.440000000002328,3.94999999999709,599.360000000001
"1111","mid",900,205,32560916,0.470000000001164,4.23999999999069,584.259999999995
"1111","mid",900,206,32560917,0.389999999999418,3.89999999999418,601.959999999992
"1111","mid",900,207,32560918,0.380000000004657,3.97000000000116,589.470000000001
"1111","mid",900,208,32560919,0.5,4.25,597.240000000005
"1111","mid",900,209,32560920,0.410000000003492,4.08999999999651,592.25
"1111","mid",900,210,32560921,0.429999999993015,3.90000000000873,604
"1111","mid",900,211,32560922,0.350000000005821,3.98000000001048,593.539999999994
"1111","mid",900,212,32560923,0.339999999996508,3.91000000000349,600.169999999998
"1111","mid",900,213,32560924,0.459999999991851,4.16000000000349,590.580000000002
"1111","mid",900,214,32560925,0.460000000006403,4.05999999999767,589.399999999994
"1111","mid",900,215,32560926,0.439999999987776,4.19999999998254,593.309999999998
"1111","mid",900,216,32560927,0.480000000010477,4.5,609.279999999999
"1111","mid",900,217,32560928,0.309999999997672,3.92000000001281,611.140000000014
"1111","mid",900,218,32560929,0.370000000024447,4.22000000000116,609.49000000002
"1111","mid",900,219,32560930,0.440000000002328,3.97000000000116,581.940000000002
"1111","mid",900,220,32560931,0.309999999997672,4.38999999998487,590
"1111","mid",900,221,32560932,0.350000000005821,4.33999999999651,592.029999999999
"1111","mid",900,222,32560933,0.459999999991851,3.77999999999884,606.859999999986
"1111","mid",900,223,32560934,0.420000000012806,3.86999999999534,598.409999999974
"1111","mid",900,224,32560935,0.399999999994179,4.21000000002095,596.439999999973
"1111","mid",900,225,32560936,0.420000000012806,3.88000000000466,591.809999999998
"1111","mid",900,226,32560937,0.410000000003492,3.85999999998603,603
"1111","mid",900,227,32560938,0.389999999984866,3.78999999997905,588.329999999987
"1111","mid",900,228,32560939,0.39000000001397,4.23999999999069,602.830000000016
"1111","mid",900,229,32560940,0.39000000001397,4.25,594.399999999994
"1111","mid",900,230,32560941,0.46999999997206,4.05000000001746,602
"1111","mid",900,231,32560942,0.370000000024447,3.77999999999884,598.850000000006
"1111","mid",900,232,32560943,0.380000000004657,4,605.680000000022
"1111","mid",900,233,32560944,0.449999999982538,3.92000000001281,607.149999999994
"1111","mid",900,234,32560945,0.380000000004657,4.1699999999837,609.950000000012
"1111","mid",900,235,32560946,0.329999999987194,4.25,592.630000000005
"1111","mid",900,236,32560947,0.39000000001397,4.22000000000116,599.029999999999
"1111","mid",900,237,32560948,0.420000000012806,3.95000000001164,589.849999999977
"1111","mid",900,238,32560949,0.369999999995343,4.10000000000582,595.860000000015
"1111","mid",900,239,32560950,0.369999999995343,4.22000000000116,595.129999999976
"1111","mid",900,240,32560951,0.410000000003492,3.79999999998836,594.839999999997
"1111","mid",900,241,32560952,0.39000000001397,4.25999999998021,598.140000000014
"1111","mid",900,242,32560953,0.440000000002328,3.73000000001048,595.329999999987
"1111","mid",900,243,32560954,0.389999999984866,4.10999999998603,608.229999999981
"1111","mid",900,244,32560955,0.549999999988358,4.91000000000349,605.98000000001
"1111","mid",900,245,32560956,0.440000000002328,4.30999999999767,604.830000000016
"1111","mid",900,246,32560957,0.5,4.25,595.690000000002
"1111","mid",900,247,32560958,0.430000000022119,4.25,592.139999999985
"1111","mid",900,248,32560959,0.369999999995343,4.10999999998603,600.170000000013
"1111","mid",900,249,32560960,0.319999999977881,4.22000000000116,594.429999999993
"1111","mid",900,250,32560961,0.450000000011642,3.89000000001397,598.079999999987
"1111","mid",900,251,32560962,0.460000000020955,4.64000000001397,594.389999999985
"1111","mid",900,252,32560963,0.420000000012806,3.88999999998487,590.679999999993
"1111","mid",900,253,32560964,0.490000000019791,4.25,585.920000000013
"1111","mid",900,254,32560965,0.440000000002328,4.26999999998952,584.970000000001
"1111","mid",900,255,32560966,0.39000000001397,3.86000000001513,606.829999999987
"1111","mid",900,256,32560967,0.5,4.90000000002328,601.059999999998
"1111","mid",900,257,32560968,0.39000000001397,4.27999999999884,604.25999999998
"1111","mid",900,258,32560969,0.510000000009313,4.52999999999884,590.489999999991
"1111","mid",900,259,32560970,0.520000000018626,4.12000000002445,595.359999999986
"1111","mid",900,260,32560971,0.429999999993015,3.69000000000233,591.580000000016
"1111","mid",900,261,32560972,0.519999999989523,4.10000000000582,589.029999999999
"1111","mid",900,262,32560973,0.39000000001397,4.60999999998603,587.170000000013
"1111","mid",900,263,32560974,0.39000000001397,4.22000000000116,586.339999999997
"1111","mid",900,264,32560975,0.64000000001397,4.26000000000931,599.059999999998
"1111","mid",900,265,32560976,0.570000000006985,3.85000000000582,590.25999999998
"1111","mid",900,266,32560977,0.540000000008149,3.92999999999302,589.850000000006
"1111","mid",900,267,32560978,0.410000000003492,4.57000000000698,586.220000000001
"1111","mid",900,268,32560979,0.420000000012806,3.85000000000582,584.529999999999
"1111","mid",900,269,32560980,0.5,3.88000000000466,596.369999999995
"1111","mid",900,270,32560981,0.5,3.89000000001397,587.580000000016
"1111","mid",900,271,32560982,0.570000000006985,4.15000000002328,576.489999999991
"1111","mid",900,272,32560983,0.369999999995343,3.95999999999185,591.690000000002
"1111","mid",900,273,32560984,0.350000000005821,4,588.129999999976
"1111","mid",900,274,32560985,0.400000000023283,4.27999999999884,599.010000000009
"1111","mid",900,275,32560986,0.440000000002328,4.07999999998719,580.920000000013
"1111","mid",900,276,32560987,0.389999999984866,3.70000000001164,591.089999999997
"1111","mid",900,277,32560988,0.620000000024447,4.63999999998487,604.48000000001
"1111","mid",900,278,32560989,0.509999999980209,4.24000000001979,591.959999999992
"1111","mid",900,279,32560990,0.369999999995343,4.0800000000163,598.470000000001
"1111","mid",900,280,32560991,0.420000000012806,4.08999999999651,586.359999999986
"1111","mid",900,281,32560992,0.459999999991851,3.91000000000349,586.859999999986
"1111","mid",900,282,32560993,0.35999999998603,3.88000000000466,587.059999999998
"1111","mid",900,283,32560994,0.379999999975553,3.97000000000116,597.800000000017
"1111","mid",900,284,32560995,0.339999999996508,4.02999999999884,600.459999999992
"1111","mid",900,285,32560996,0.449999999982538,3.94000000000233,618.470000000001
"1111","mid",900,286,32560997,0.399999999994179,4.11999999999534,606.979999999981
"1111","mid",900,287,32560998,0.440000000002328,4.09000000002561,601.940000000002
"1111","mid",900,288,32560999,0.39000000001397,3.94000000000233,589.510000000009
"1111","mid",900,289,32561000,0.409999999974389,4.13999999998487,595.050000000017
"1111","mid",900,290,32561001,0.389999999984866,3.76000000000931,601.639999999985
"1111","mid",900,291,32561002,0.389999999984866,3.92999999999302,610.830000000016
"1111","mid",900,292,32561003,0.439999999973224,4.08999999999651,600.649999999994
"1111","mid",900,293,32561004,0.440000000002328,3.85999999998603,595.25
"1111","mid",900,294,32561005,0.410000000003492,4.10999999998603,598.540000000008
"1111","mid",900,295,32561006,0.399999999994179,4.23999999999069,605.609999999986
"1111","mid",900,296,32561007,0.410000000003492,4.06999999997788,588.190000000002
"1111","mid",900,297,32561008,0.430000000022119,4.05999999999767,597.380000000005
"1111","mid",900,298,32561009,0.420000000012806,3.98000000001048,608.690000000002
"1111","mid",900,299,32561010,0.419999999983702,4.14999999999418,591
"1111","mid",900,300,32561011,0.420000000012806,4.25,600.880000000005
"0111","mid",900,1,42560712,0.339999999996508,0.670000000012806,589.630000000005
"0111","mid",900,2,42560713,0.299999999988358,0.729999999981374,584.960000000021
"0111","mid",900,3,42560714,0.350000000005821,0.639999999984866,587.679999999993
"0111","mid",900,4,42560715,0.309999999997672,0.689999999973224,594.390000000014
"0111","mid",900,5,42560716,0.370000000024447,0.540000000008149,586.720000000001
"0111","mid",900,6,42560717,0.420000000012806,0.580000000016298,587.350000000006
"0111","mid",900,7,42560718,0.349999999976717,0.699999999982538,589.859999999986
"0111","mid",900,8,42560719,0.279999999998836,0.619999999995343,581.279999999999
"0111","mid",900,9,42560720,0.279999999998836,0.669999999983702,603
"0111","mid",900,10,42560721,0.350000000005821,0.650000000023283,570.210000000021
"0111","mid",900,11,42560722,0.39000000001397,0.560000000026776,585.059999999998
"0111","mid",900,12,42560723,0.429999999993015,0.630000000004657,586.089999999997
"0111","mid",900,13,42560724,0.369999999995343,0.60999999998603,595.380000000005
"0111","mid",900,14,42560725,0.319999999977881,0.580000000016298,578.389999999985
"0111","mid",900,15,42560726,0.309999999997672,0.619999999995343,595.470000000001
"0111","mid",900,16,42560727,0.389999999984866,0.630000000004657,588.25
"0111","mid",900,17,42560728,0.309999999997672,0.60999999998603,575.119999999995
"0111","mid",900,18,42560729,0.370000000024447,0.610000000015134,589.279999999999
"0111","mid",900,19,42560730,0.309999999997672,0.670000000012806,584.380000000005
"0111","mid",900,20,42560731,0.420000000012806,0.64000000001397,593.479999999981
"0111","mid",900,21,42560732,0.330000000016298,0.660000000003492,594.080000000016
"0111","mid",900,22,42560733,0.449999999982538,0.60999999998603,586.940000000002
"0111","mid",900,23,42560734,0.410000000003492,0.570000000006985,587.140000000014
"0111","mid",900,24,42560735,0.380000000004657,0.699999999982538,577.940000000002
"0111","mid",900,25,42560736,0.380000000004657,0.600000000005821,597.799999999988
"0111","mid",900,26,42560737,0.360000000015134,0.690000000002328,587.919999999984
"0111","mid",900,27,42560738,0.39000000001397,0.570000000006985,590.389999999985
"0111","mid",900,28,42560739,0.329999999987194,0.659999999974389,586
"0111","mid",900,29,42560740,0.339999999996508,0.619999999995343,574.690000000002
"0111","mid",900,30,42560741,0.380000000004657,0.699999999982538,576.309999999998
"0111","mid",900,31,42560742,0.419999999983702,0.669999999983702,579
"0111","mid",900,32,42560743,0.440000000002328,0.60999999998603,587.079999999987
"0111","mid",900,33,42560744,0.380000000004657,0.75,590.200000000012
"0111","mid",900,34,42560745,0.360000000015134,0.610000000015134,586.25
"0111","mid",900,35,42560746,0.380000000004657,0.670000000012806,587.489999999991
"0111","mid",900,36,42560747,0.319999999977881,0.570000000006985,547.850000000006
"0111","mid",900,37,42560748,0.360000000015134,0.610000000015134,533.419999999984
"0111","mid",900,38,42560749,0.279999999998836,0.580000000016298,537.890000000014
"0111","mid",900,39,42560750,0.299999999988358,0.519999999989523,549.679999999993
"0111","mid",900,40,42560751,0.340000000025611,0.589999999996508,540.070000000007
"0111","mid",900,41,42560752,0.35999999998603,0.779999999998836,537.199999999983
"0111","mid",900,42,42560753,0.279999999998836,0.690000000002328,552.309999999998
"0111","mid",900,43,42560754,0.329999999987194,0.710000000020955,538.090000000026
"0111","mid",900,44,42560755,0.139999999984866,0.600000000005821,529.110000000015
"0111","mid",900,45,42560756,0.400000000023283,0.470000000001164,525.220000000001
"0111","mid",900,46,42560757,0.349999999976717,0.570000000006985,529.450000000012
"0111","mid",900,47,42560758,0.399999999994179,0.600000000005821,535.73000000001
"0111","mid",900,48,42560759,0.259999999980209,0.460000000020955,536.229999999981
"0111","mid",900,49,42560760,0.35999999998603,0.740000000019791,532.229999999981
"0111","mid",900,50,42560761,0.419999999983702,0.610000000015134,520.339999999997
"0111","mid",900,51,42560762,0.269999999989523,0.470000000001164,520.889999999985
"0111","mid",900,52,42560763,0.230000000010477,0.549999999988358,529.100000000006
"0111","mid",900,53,42560764,0.369999999995343,0.529999999998836,554.630000000005
"0111","mid",900,54,42560765,0.299999999988358,0.630000000004657,546.75
"0111","mid",900,55,42560766,0.389999999984866,0.809999999997672,554.139999999985
"0111","mid",900,56,42560767,0.369999999995343,0.75,602.779999999999
"0111","mid",900,57,42560768,0.39000000001397,0.649999999994179,592.700000000012
"0111","mid",900,58,42560769,0.369999999995343,0.630000000004657,585.220000000001
"0111","mid",900,59,42560770,0.360000000015134,0.579999999987194,597.679999999993
"0111","mid",900,60,42560771,0.35999999998603,0.690000000002328,588.279999999999
"0111","mid",900,61,42560772,0.360000000015134,0.579999999987194,596.309999999998
"0111","mid",900,62,42560773,0.329999999987194,0.630000000004657,574.010000000009
"0111","mid",900,63,42560774,0.39000000001397,0.850000000005821,594.699999999983
"0111","mid",900,64,42560775,0.35999999998603,0.680000000022119,577.420000000013
"0111","mid",900,65,42560776,0.389999999984866,0.529999999998836,587.190000000002
"0111","mid",900,66,42560777,0.399999999994179,0.639999999984866,588.559999999998
"0111","mid",900,67,42560778,0.389999999984866,0.589999999996508,577.869999999995
"0111","mid",900,68,42560779,0.309999999997672,0.460000000020955,581.910000000003
"0111","mid",900,69,42560780,0.329999999987194,0.690000000002328,597.200000000012
"0111","mid",900,70,42560781,0.380000000004657,0.539999999979045,590.069999999978
"0111","mid",900,71,42560782,0.320000000006985,0.519999999989523,588.170000000013
"0111","mid",900,72,42560783,0.329999999987194,0.679999999993015,585.029999999999
"0111","mid",900,73,42560784,0.350000000005821,0.769999999989523,599.359999999986
"0111","mid",900,74,42560785,0.429999999993015,0.549999999988358,570.869999999995
"0111","mid",900,75,42560786,0.309999999997672,0.799999999988358,569.209999999992
"0111","mid",900,76,42560787,0.520000000018626,0.690000000002328,571.470000000001
"0111","mid",900,77,42560788,0.339999999996508,0.669999999983702,577.399999999994
"0111","mid",900,78,42560789,0.410000000003492,0.699999999982538,578.029999999999
"0111","mid",900,79,42560790,0.35999999998603,0.64000000001397,573.940000000002
"0111","mid",900,80,42560791,0.35999999998603,0.75,580.370000000024
"0111","mid",900,81,42560792,0.470000000001164,0.799999999988358,585.279999999999
"0111","mid",900,82,42560793,0.400000000023283,0.899999999994179,585.410000000003
"0111","mid",900,83,42560794,0.39000000001397,0.600000000005821,588.610000000015
"0111","mid",900,84,42560795,0.360000000015134,0.720000000001164,592.549999999988
"0111","mid",900,85,42560796,0.419999999983702,0.580000000016298,602.690000000002
"0111","mid",900,86,42560797,0.459999999991851,0.729999999981374,613.869999999995
"0111","mid",900,87,42560798,0.420000000012806,0.529999999998836,590.299999999988
"0111","mid",900,88,42560799,0.360000000015134,0.670000000012806,592.869999999995
"0111","mid",900,89,42560800,0.360000000015134,0.690000000002328,582.039999999979
"0111","mid",900,90,42560801,0.309999999997672,0.700000000011642,569.339999999997
"0111","mid",900,91,42560802,0.279999999998836,0.660000000003492,585.080000000016
"0111","mid",900,92,42560803,0.299999999988358,0.5,581.210000000021
"0111","mid",900,93,42560804,0.25,0.509999999980209,567.98000000001
"0111","mid",900,94,42560805,0.589999999996508,0.529999999998836,595.589999999997
"0111","mid",900,95,42560806,0.380000000004657,0.800000000017462,599.360000000015
"0111","mid",900,96,42560807,0.289999999979045,0.800000000017462,589.00999999998
"0111","mid",900,97,42560808,0.35999999998603,0.639999999984866,590.690000000002
"0111","mid",900,98,42560809,0.350000000005821,0.630000000004657,576.279999999999
"0111","mid",900,99,42560810,0.350000000005821,0.850000000005821,582
"0111","mid",900,100,42560811,0.350000000005821,0.449999999982538,596.860000000015
"0111","mid",900,101,42560812,0.449999999982538,0.660000000003492,583.860000000015
"0111","mid",900,102,42560813,0.330000000016298,0.639999999984866,603.470000000001
"0111","mid",900,103,42560814,0.279999999998836,0.459999999991851,587.130000000005
"0111","mid",900,104,42560815,0.429999999993015,0.75,582.949999999983
"0111","mid",900,105,42560816,0.299999999988358,0.64000000001397,578.119999999995
"0111","mid",900,106,42560817,0.339999999996508,0.670000000012806,601.070000000007
"0111","mid",900,107,42560818,0.440000000002328,0.739999999990687,592.489999999991
"0111","mid",900,108,42560819,0.330000000016298,0.690000000002328,586.779999999999
"0111","mid",900,109,42560820,0.339999999996508,0.559999999997672,572.899999999994
"0111","mid",900,110,42560821,0.420000000012806,0.579999999987194,594.25
"0111","mid",900,111,42560822,0.470000000001164,0.660000000003492,570.200000000012
"0111","mid",900,112,42560823,0.389999999984866,0.509999999980209,584.360000000015
"0111","mid",900,113,42560824,0.269999999989523,0.579999999987194,588.700000000012
"0111","mid",900,114,42560825,0.540000000008149,0.75,598.429999999993
"0111","mid",900,115,42560826,0.369999999995343,0.729999999981374,568.059999999998
"0111","mid",900,116,42560827,0.389999999984866,0.559999999997672,578.889999999985
"0111","mid",900,117,42560828,0.270000000018626,0.460000000020955,570.25999999998
"0111","mid",900,118,42560829,0.35999999998603,0.71999999997206,578.789999999979
"0111","mid",900,119,42560830,0.419999999983702,0.71999999997206,577.260000000009
"0111","mid",900,120,42560831,0.459999999991851,0.75,575.470000000001
"0111","mid",900,121,42560832,0.259999999980209,0.75,586.319999999978
"0111","mid",900,122,42560833,0.380000000004657,0.760000000009313,574.849999999977
"0111","mid",900,123,42560834,0.410000000003492,0.579999999987194,568.830000000016
"0111","mid",900,124,42560835,0.429999999993015,0.699999999982538,581.970000000001
"0111","mid",900,125,42560836,0.360000000015134,0.739999999990687,567.239999999991
"0111","mid",900,126,42560837,0.360000000015134,0.760000000009313,611.889999999985
"0111","mid",900,127,42560838,0.5,0.720000000001164,577.50999999998
"0111","mid",900,128,42560839,0.539999999979045,0.480000000010477,592.520000000019
"0111","mid",900,129,42560840,0.39000000001397,0.60999999998603,590.720000000001
"0111","mid",900,130,42560841,0.339999999996508,0.610000000015134,576.430000000022
"0111","mid",900,131,42560842,0.350000000005821,0.710000000020955,578.51999999999
"0111","mid",900,132,42560843,0.339999999996508,0.669999999983702,567.00999999998
"0111","mid",900,133,42560844,0.279999999998836,0.700000000011642,572.860000000015
"0111","mid",900,134,42560845,0.410000000003492,0.730000000010477,570.550000000017
"0111","mid",900,135,42560846,0.299999999988358,0.720000000001164,583.819999999978
"0111","mid",900,136,42560847,0.35999999998603,0.619999999995343,588.039999999979
"0111","mid",900,137,42560848,0.460000000020955,0.57999999995809,564.650000000023
"0111","mid",900,138,42560849,0.299999999988358,0.580000000016298,570.690000000002
"0111","mid",900,139,42560850,0.429999999993015,0.759999999951106,568.260000000009
"0111","mid",900,140,42560851,0.340000000025611,0.46999999997206,569.050000000047
"0111","mid",900,141,42560852,0.290000000037253,0.550000000046566,536.659999999974
"0111","mid",900,142,42560853,0.199999999953434,0.419999999983702,469.400000000023
"0111","mid",900,143,42560854,0.28000000002794,0.5,485.670000000042
"0111","mid",900,144,42560855,0.279999999969732,0.590000000025611,480.210000000021
"0111","mid",900,145,42560856,0.25,0.580000000016298,476.700000000012
"0111","mid",900,146,42560857,0.309999999997672,0.570000000006985,473.820000000007
"0111","mid",900,147,42560858,0.25,0.590000000025611,470.25
"0111","mid",900,148,42560859,0.229999999981374,0.489999999990687,466.140000000014
"0111","mid",900,149,42560860,0.309999999997672,0.539999999979045,443.5
"0111","mid",900,150,42560861,0.42,1.59999999999991,622.83
"0111","mid",900,151,42560862,0.360000000000014,0.700000000000045,613.22
"0111","mid",900,152,42560863,0.370000000000118,0.75,603.11
"0111","mid",900,153,42560864,0.389999999999873,0.690000000000055,613.17
"0111","mid",900,154,42560865,0.389999999999873,0.840000000000146,615.69
"0111","mid",900,155,42560866,0.409999999999854,0.590000000000146,609.23
"0111","mid",900,156,42560867,0.429999999999836,0.659999999999854,611.01
"0111","mid",900,157,42560868,0.479999999999563,0.670000000000073,620.17
"0111","mid",900,158,42560869,0.359999999999673,0.650000000000546,613.67
"0111","mid",900,159,42560870,0.319999999999709,0.619999999999891,622.75
"0111","mid",900,160,42560871,0.579999999999927,0.680000000000291,633.69
"0111","mid",900,161,42560872,0.440000000000509,0.6899999999996,608.73
"0111","mid",900,162,42560873,0.3100000000004,0.699999999999818,612.22
"0111","mid",900,163,42560874,0.350000000000364,0.590000000000146,615.089999999999
"0111","mid",900,164,42560875,0.360000000000582,0.760000000000218,608.029999999999
"0111","mid",900,165,42560876,0.350000000000364,0.719999999999345,622.17
"0111","mid",900,166,42560877,0.469999999999345,0.790000000000873,637.860000000001
"0111","mid",900,167,42560878,0.319999999999709,0.739999999999782,631.780000000001
"0111","mid",900,168,42560879,0.399999999999636,0.760000000000218,623.09
"0111","mid",900,169,42560880,0.420000000000073,0.729999999999563,619.620000000001
"0111","mid",900,170,42560881,0.409999999999854,0.670000000000073,614.360000000001
"0111","mid",900,171,42560882,0.329999999999927,0.75,616.91
"0111","mid",900,172,42560883,0.5,0.559999999999491,626.609999999999
"0111","mid",900,173,42560884,0.420000000000073,0.680000000000291,606.689999999999
"0111","mid",900,174,42560885,0.3700000000008,0.640000000001237,608.58
"0111","mid",900,175,42560886,0.5,0.760000000000218,619.539999999999
"0111","mid",900,176,42560887,0.31000000000131,0.709999999999127,604.110000000001
"0111","mid",900,177,42560888,0.389999999999418,0.759999999998399,610.280000000002
"0111","mid",900,178,42560889,0.479999999999563,0.639999999999418,602.419999999998
"0111","mid",900,179,42560890,0.400000000001455,0.690000000002328,603.140000000003
"0111","mid",900,180,42560891,0.319999999999709,0.770000000000437,577.75
"0111","mid",900,181,42560892,0.5,0.610000000000582,569.540000000001
"0111","mid",900,182,42560893,0.340000000000146,0.609999999996944,587.809999999998
"0111","mid",900,183,42560894,0.370000000002619,0.729999999999563,571.110000000001
"0111","mid",900,184,42560895,0.389999999999418,0.659999999999854,576.860000000001
"0111","mid",900,185,42560896,0.360000000000582,0.639999999999418,579.029999999999
"0111","mid",900,186,42560897,0.409999999999854,0.669999999998254,578.669999999998
"0111","mid",900,187,42560898,0.409999999999854,0.56000000000131,577.959999999999
"0111","mid",900,188,42560899,0.409999999999854,0.81000000000131,593.110000000001
"0111","mid",900,189,42560900,0.400000000001455,0.690000000002328,578.84
"0111","mid",900,190,42560901,0.280000000002474,0.659999999999854,577.360000000001
"0111","mid",900,191,42560902,0.43999999999869,0.680000000000291,605.459999999999
"0111","mid",900,192,42560903,0.409999999999854,0.569999999999709,586.699999999997
"0111","mid",900,193,42560904,0.369999999998981,0.739999999997963,590.560000000001
"0111","mid",900,194,42560905,0.450000000000728,0.630000000001019,581.200000000001
"0111","mid",900,195,42560906,0.360000000000582,0.610000000000582,583.029999999999
"0111","mid",900,196,42560907,0.350000000002183,0.659999999999854,579.790000000001
"0111","mid",900,197,42560908,0.409999999999854,0.80000000000291,587.619999999999
"0111","mid",900,198,42560909,0.359999999996944,0.669999999998254,591.190000000002
"0111","mid",900,199,42560910,0.399999999997817,0.700000000000728,595.639999999999
"0111","mid",900,200,42560911,0.349999999998545,0.639999999999418,589.280000000002
"0111","mid",900,201,42560912,0.360000000000582,0.68999999999869,582.5
"0111","mid",900,202,42560913,0.390000000003056,0.579999999998108,582.860000000001
"0111","mid",900,203,42560914,0.380000000001019,0.770000000000437,586.860000000001
"0111","mid",900,204,42560915,0.409999999999854,0.589999999996508,582.279999999999
"0111","mid",900,205,42560916,0.319999999999709,0.690000000002328,596.829999999994
"0111","mid",900,206,42560917,0.279999999998836,0.689999999995052,586.329999999994
"0111","mid",900,207,42560918,0.360000000000582,0.720000000001164,584.75
"0111","mid",900,208,42560919,0.389999999999418,0.690000000002328,589.739999999998
"0111","mid",900,209,42560920,0.389999999999418,0.680000000000291,583.790000000001
"0111","mid",900,210,42560921,0.389999999999418,0.75,595
"0111","mid",900,211,42560922,0.44999999999709,0.639999999999418,604.330000000002
"0111","mid",900,212,42560923,0.389999999999418,0.669999999998254,589.5
"0111","mid",900,213,42560924,0.439999999995052,0.650000000001455,586.220000000001
"0111","mid",900,214,42560925,0.389999999999418,0.639999999999418,597.390000000007
"0111","mid",900,215,42560926,0.379999999997381,0.709999999999127,604.5
"0111","mid",900,216,42560927,0.389999999999418,0.620000000002619,594.419999999998
"0111","mid",900,217,42560928,0.419999999998254,0.650000000001455,585.840000000004
"0111","mid",900,218,42560929,0.360000000000582,0.620000000002619,591.93
"0111","mid",900,219,42560930,0.340000000003783,0.680000000000291,590.110000000001
"0111","mid",900,220,42560931,0.430000000000291,0.629999999997381,588.630000000005
"0111","mid",900,221,42560932,0.32999999999447,0.639999999999418,597.220000000001
"0111","mid",900,222,42560933,0.389999999999418,0.669999999998254,589.650000000001
"0111","mid",900,223,42560934,0.440000000002328,0.849999999998545,605.159999999996
"0111","mid",900,224,42560935,0.349999999998545,0.669999999998254,592.530000000006
"0111","mid",900,225,42560936,0.379999999997381,0.690000000002328,574.800000000003
"0111","mid",900,226,42560937,0.510000000002037,0.67000000000553,579.590000000004
"0111","mid",900,227,42560938,0.430000000000291,0.639999999999418,580.739999999998
"0111","mid",900,228,42560939,0.389999999999418,0.669999999998254,580.409999999996
"0111","mid",900,229,42560940,0.360000000000582,0.700000000004366,581.239999999998
"0111","mid",900,230,42560941,0.379999999997381,0.529999999998836,588.300000000003
"0111","mid",900,231,42560942,0.309999999997672,0.689999999995052,586.800000000003
"0111","mid",900,232,42560943,0.340000000003783,0.709999999999127,591.769999999997
"0111","mid",900,233,42560944,0.360000000000582,0.639999999999418,600.849999999999
"0111","mid",900,234,42560945,0.440000000002328,0.660000000003492,588.059999999998
"0111","mid",900,235,42560946,0.32999999999447,0.69999999999709,589.279999999999
"0111","mid",900,236,42560947,0.400000000001455,0.75,583.050000000003
"0111","mid",900,237,42560948,0.409999999996217,0.680000000000291,586.040000000001
"0111","mid",900,238,42560949,0.340000000003783,0.830000000001746,576.330000000002
"0111","mid",900,239,42560950,0.419999999998254,0.669999999998254,575.739999999998
"0111","mid",900,240,42560951,0.279999999998836,0.540000000000873,589.950000000004
"0111","mid",900,241,42560952,0.409999999996217,0.549999999995634,581.879999999997
"0111","mid",900,242,42560953,0.339999999996508,0.55000000000291,595.099999999999
"0111","mid",900,243,42560954,0.279999999998836,0.660000000003492,586.5
"0111","mid",900,244,42560955,0.309999999997672,0.75,587.709999999999
"0111","mid",900,245,42560956,0.349999999998545,0.700000000004366,579.159999999996
"0111","mid",900,246,42560957,0.279999999998836,0.690000000002328,577.790000000001
"0111","mid",900,247,42560958,0.379999999997381,0.779999999998836,614.099999999999
"0111","mid",900,248,42560959,0.279999999998836,0.659999999996217,587.580000000002
"0111","mid",900,249,42560960,0.389999999999418,0.610000000000582,582.779999999999
"0111","mid",900,250,42560961,0.390000000006694,0.680000000000291,581.510000000002
"0111","mid",900,251,42560962,0.389999999999418,0.75,586.660000000003
"0111","mid",900,252,42560963,0.32999999999447,0.739999999997963,600.790000000001
"0111","mid",900,253,42560964,0.349999999998545,0.769999999996799,585.760000000002
"0111","mid",900,254,42560965,0.370000000002619,0.639999999999418,578.089999999997
"0111","mid",900,255,42560966,0.379999999997381,0.590000000003783,589.529999999999
"0111","mid",900,256,42560967,0.349999999998545,0.680000000000291,578.529999999999
"0111","mid",900,257,42560968,0.389999999999418,0.75,581.559999999998
"0111","mid",900,258,42560969,0.279999999998836,0.720000000001164,583.979999999996
"0111","mid",900,259,42560970,0.330000000001746,0.69999999999709,583.119999999995
"0111","mid",900,260,42560971,0.440000000002328,0.720000000001164,576.029999999999
"0111","mid",900,261,42560972,0.339999999996508,0.559999999997672,589.360000000001
"0111","mid",900,262,42560973,0.339999999996508,0.590000000011059,584.179999999993
"0111","mid",900,263,42560974,0.289999999993597,0.649999999994179,580.690000000002
"0111","mid",900,264,42560975,0.360000000000582,0.5,583.210000000006
"0111","mid",900,265,42560976,0.360000000000582,0.619999999995343,574.560000000012
"0111","mid",900,266,42560977,0.279999999998836,0.690000000002328,579.729999999996
"0111","mid",900,267,42560978,0.360000000000582,0.679999999993015,582.650000000009
"0111","mid",900,268,42560979,0.379999999990105,0.610000000000582,574.840000000011
"0111","mid",900,269,42560980,0.279999999998836,0.710000000006403,585.080000000002
"0111","mid",900,270,42560981,0.379999999990105,0.559999999997672,567.580000000002
"0111","mid",900,271,42560982,0.389999999999418,0.75,562.170000000013
"0111","mid",900,272,42560983,0.290000000008149,0.75,596.650000000009
"0111","mid",900,273,42560984,0.410000000003492,0.660000000003492,584.670000000013
"0111","mid",900,274,42560985,0.30000000000291,0.650000000008731,587.660000000003
"0111","mid",900,275,42560986,0.289999999993597,0.590000000011059,580.389999999999
"0111","mid",900,276,42560987,0.360000000000582,0.69999999999709,571.669999999998
"0111","mid",900,277,42560988,0.360000000000582,0.520000000004075,581.98000000001
"0111","mid",900,278,42560989,0.360000000000582,0.510000000009313,571.779999999999
"0111","mid",900,279,42560990,0.30000000000291,0.75,583.229999999996
"0111","mid",900,280,42560991,0.399999999994179,0.670000000012806,579.190000000002
"0111","mid",900,281,42560992,0.309999999997672,0.589999999996508,592.110000000001
"0111","mid",900,282,42560993,0.330000000001746,0.630000000004657,589.059999999998
"0111","mid",900,283,42560994,0.290000000008149,0.659999999988941,581.860000000001
"0111","mid",900,284,42560995,0.329999999987194,0.570000000006985,570.270000000004
"0111","mid",900,285,42560996,0.330000000001746,0.729999999995925,590.919999999998
"0111","mid",900,286,42560997,0.349999999991269,0.669999999998254,584.800000000003
"0111","mid",900,287,42560998,0.339999999996508,0.720000000001164,577.069999999992
"0111","mid",900,288,42560999,0.469999999986612,0.770000000004075,572.389999999999
"0111","mid",900,289,42561000,0.349999999991269,0.639999999999418,574
"0111","mid",900,290,42561001,0.330000000001746,0.69999999999709,570.75
"0111","mid",900,291,42561002,0.389999999999418,0.720000000001164,579.080000000002
"0111","mid",900,292,42561003,0.389999999999418,0.639999999999418,584.669999999998
"0111","mid",900,293,42561004,0.350000000005821,0.430000000007567,566.930000000008
"0111","mid",900,294,42561005,0.409999999988941,0.839999999996508,576.12999999999
"0111","mid",900,295,42561006,0.339999999996508,0.75,567.860000000001
"0111","mid",900,296,42561007,0.330000000001746,0.559999999997672,565.660000000003
"0111","mid",900,297,42561008,0.400000000008731,0.549999999988358,574.590000000011
"0111","mid",900,298,42561009,0.279999999998836,0.639999999999418,573.639999999999
"0111","mid",900,299,42561010,0.309999999997672,0.639999999999418,573.599999999991
"0111","mid",900,300,42561011,0.350000000005821,0.639999999999418,591.440000000002
"1011","mid",900,1,52560712,0.330000000001746,2.72000000000116,590.160000000003
"1011","mid",900,2,52560713,0.339999999996508,3.02999999999884,593.210000000006
"1011","mid",900,3,52560714,0.360000000000582,2.55999999999767,597.010000000009
"1011","mid",900,4,52560715,0.339999999996508,2.69000000000233,592.899999999994
"1011","mid",900,5,52560716,0.330000000001746,2.75,583.220000000001
"1011","mid",900,6,52560717,0.339999999996508,2.51000000000931,598.389999999999
"1011","mid",900,7,52560718,0.410000000003492,2.55000000000291,604.089999999997
"1011","mid",900,8,52560719,0.360000000000582,2.70999999999185,602.090000000011
"1011","mid",900,9,52560720,0.389999999999418,2.52999999999884,601.25
"1011","mid",900,10,52560721,0.330000000001746,2.63000000000466,605.570000000007
"1011","mid",900,11,52560722,0.320000000006985,2.5,597
"1011","mid",900,12,52560723,0.360000000000582,2.66999999999825,597.380000000005
"1011","mid",900,13,52560724,0.339999999996508,2.48999999999069,601.220000000001
"1011","mid",900,14,52560725,0.389999999999418,2.70000000001164,615.860000000001
"1011","mid",900,15,52560726,0.339999999996508,2.63999999999942,596.619999999995
"1011","mid",900,16,52560727,0.420000000012806,2.58999999999651,587.529999999999
"1011","mid",900,17,52560728,0.410000000003492,2.44999999999709,594.589999999997
"1011","mid",900,18,52560729,0.30000000000291,2.52999999999884,594.669999999998
"1011","mid",900,19,52560730,0.360000000000582,2.63000000000466,607.699999999997
"1011","mid",900,20,52560731,0.419999999998254,2.77999999999884,608.210000000006
"1011","mid",900,21,52560732,0.389999999999418,2.83000000000175,588.889999999999
"1011","mid",900,22,52560733,0.389999999999418,3.0399999999936,601.639999999999
"1011","mid",900,23,52560734,0.389999999999418,2.25,608.25
"1011","mid",900,24,52560735,0.350000000005821,2.51999999998952,595.970000000001
"1011","mid",900,25,52560736,0.380000000004657,2.29000000000815,588.130000000005
"1011","mid",900,26,52560737,0.469999999986612,2.72999999999593,594.960000000006
"1011","mid",900,27,52560738,0.320000000006985,2.75,584.660000000003
"1011","mid",900,28,52560739,0.349999999991269,2.40999999998894,582.070000000007
"1011","mid",900,29,52560740,0.389999999999418,2.61000000000058,601.219999999987
"1011","mid",900,30,52560741,0.369999999995343,2.55999999999767,598.300000000003
"1011","mid",900,31,52560742,0.430000000007567,2.48000000001048,595.87999999999
"1011","mid",900,32,52560743,0.339999999996508,2.61000000000058,595.610000000001
"1011","mid",900,33,52560744,0.410000000003492,2.83000000000175,599.229999999996
"1011","mid",900,34,52560745,0.369999999995343,2.63999999999942,592.190000000002
"1011","mid",900,35,52560746,0.379999999990105,2.61000000000058,592.259999999995
"1011","mid",900,36,52560747,0.410000000003492,2.56000000001222,593.050000000003
"1011","mid",900,37,52560748,0.389999999999418,2.56000000001222,579.360000000001
"1011","mid",900,38,52560749,0.5,2.61000000000058,579.940000000002
"1011","mid",900,39,52560750,0.379999999990105,2.63999999999942,599.110000000001
"1011","mid",900,40,52560751,0.330000000001746,2.31999999999243,599.030000000013
"1011","mid",900,41,52560752,0.360000000000582,2.5,598.559999999998
"1011","mid",900,42,52560753,0.329999999987194,2.85000000000582,612.100000000006
"1011","mid",900,43,52560754,0.360000000000582,2.69000000000233,603.310000000012
"1011","mid",900,44,52560755,0.409999999988941,2.50999999999476,602.669999999998
"1011","mid",900,45,52560756,0.389999999999418,2.48000000001048,600.989999999991
"1011","mid",900,46,52560757,0.419999999998254,2.50999999999476,602.679999999993
"1011","mid",900,47,52560758,0.360000000000582,2.75,594.970000000001
"1011","mid",900,48,52560759,0.330000000001746,3.19000000000233,608.649999999994
"1011","mid",900,49,52560760,0.410000000003492,3.1200000000099,597.180000000008
"1011","mid",900,50,52560761,0.370000000009895,2.32000000000698,634.300000000003
"1011","mid",900,51,52560762,0.339999999996508,2.60000000000582,587.560000000012
"1011","mid",900,52,52560763,0.330000000001746,2.83000000000175,602.070000000007
"1011","mid",900,53,52560764,0.389999999999418,2.55000000000291,604.050000000003
"1011","mid",900,54,52560765,0.389999999999418,2.83000000000175,613.169999999998
"1011","mid",900,55,52560766,0.409999999988941,2.99000000000524,597.199999999997
"1011","mid",900,56,52560767,0.529999999998836,2.6299999999901,589.560000000012
"1011","mid",900,57,52560768,0.340000000011059,2.66999999999825,587.260000000009
"1011","mid",900,58,52560769,0.419999999998254,2.36000000000058,599.5
"1011","mid",900,59,52560770,0.25,2.55000000000291,598.62000000001
"1011","mid",900,60,52560771,0.330000000001746,2.70000000001164,596.229999999996
"1011","mid",900,61,52560772,0.379999999990105,2.23999999999069,588.809999999998
"1011","mid",900,62,52560773,0.410000000003492,2.61000000000058,591.029999999999
"1011","mid",900,63,52560774,0.360000000000582,2.72000000000116,581.75
"1011","mid",900,64,52560775,0.44999999999709,2.72999999999593,580.809999999998
"1011","mid",900,65,52560776,0.350000000005821,2.67999999999302,585.51999999999
"1011","mid",900,66,52560777,0.389999999999418,2.61999999999534,591.660000000003
"1011","mid",900,67,52560778,0.279999999998836,3.02000000000407,609.630000000005
"1011","mid",900,68,52560779,0.360000000000582,2.42000000001281,604.829999999987
"1011","mid",900,69,52560780,0.410000000003492,2.41999999999825,583.039999999994
"1011","mid",900,70,52560781,0.339999999996508,2.38000000000466,591.060000000012
"1011","mid",900,71,52560782,0.35999999998603,2.70999999999185,609.640000000014
"1011","mid",900,72,52560783,0.360000000015134,2.51999999998952,599.670000000013
"1011","mid",900,73,52560784,0.399999999994179,2.53999999997905,590.630000000005
"1011","mid",900,74,52560785,0.329999999987194,2.45999999999185,588.970000000001
"1011","mid",900,75,52560786,0.410000000003492,2.61000000001513,606.699999999983
"1011","mid",900,76,52560787,0.350000000005821,2.66000000000349,602.410000000003
"1011","mid",900,77,52560788,0.35999999998603,2.39000000001397,588.220000000001
"1011","mid",900,78,52560789,0.419999999983702,2.43000000002212,594.050000000017
"1011","mid",900,79,52560790,0.420000000012806,2.95999999999185,590.140000000014
"1011","mid",900,80,52560791,0.360000000015134,2.47000000000116,592.789999999979
"1011","mid",900,81,52560792,0.470000000001164,2.72000000000116,589.180000000022
"1011","mid",900,82,52560793,0.259999999980209,2.76000000000931,598.76999999999
"1011","mid",900,83,52560794,0.329999999987194,2.6699999999837,592.00999999998
"1011","mid",900,84,52560795,0.330000000016298,2.51999999998952,596.800000000017
"1011","mid",900,85,52560796,0.339999999996508,2.55999999999767,594.699999999983
"1011","mid",900,86,52560797,0.329999999987194,2.92000000001281,598.309999999998
"1011","mid",900,87,52560798,0.389999999984866,2.52000000001863,596.729999999981
"1011","mid",900,88,52560799,0.35999999998603,2.77999999999884,592.859999999986
"1011","mid",900,89,52560800,0.320000000006985,2.67000000001281,596.25
"1011","mid",900,90,52560801,0.35999999998603,2.54000000000815,595.020000000019
"1011","mid",900,91,52560802,0.320000000006985,2.69999999998254,593.330000000016
"1011","mid",900,92,52560803,0.35999999998603,2.60999999998603,590.01999999999
"1011","mid",900,93,52560804,0.39000000001397,2.50999999998021,578.130000000005
"1011","mid",900,94,52560805,0.419999999983702,2.89999999999418,584.479999999981
"1011","mid",900,95,52560806,0.410000000003492,2.45999999999185,589.75
"1011","mid",900,96,52560807,0.35999999998603,2.58999999999651,580
"1011","mid",900,97,52560808,0.369999999995343,2.76000000000931,592.25
"1011","mid",900,98,52560809,0.329999999987194,3.02999999999884,595.529999999999
"1011","mid",900,99,52560810,0.470000000001164,2.27999999999884,587.020000000019
"1011","mid",900,100,52560811,0.380000000004657,3,580.850000000006
"1011","mid",900,101,52560812,0.320000000006985,2.77999999999884,578.25999999998
"1011","mid",900,102,52560813,0.440000000002328,2.31999999997788,595.600000000006
"1011","mid",900,103,52560814,0.309999999997672,2.73000000001048,579
"1011","mid",900,104,52560815,0.410000000003492,2.89999999999418,583.579999999987
"1011","mid",900,105,52560816,0.279999999998836,2.76999999998952,586.48000000001
"1011","mid",900,106,52560817,0.339999999996508,2.55999999999767,599.580000000016
"1011","mid",900,107,52560818,0.25,3.14000000001397,596.029999999999
"1011","mid",900,108,52560819,0.529999999998836,2.52999999999884,584.75
"1011","mid",900,109,52560820,0.339999999996508,2.48999999999069,574.170000000013
"1011","mid",900,110,52560821,0.290000000008149,2.78999999997905,587.779999999999
"1011","mid",900,111,52560822,0.39000000001397,2.64000000001397,576.669999999984
"1011","mid",900,112,52560823,0.309999999997672,2.55000000001746,600.529999999999
"1011","mid",900,113,52560824,0.440000000002328,2.58999999999651,601.589999999997
"1011","mid",900,114,52560825,0.270000000018626,2.64000000001397,591.529999999999
"1011","mid",900,115,52560826,0.440000000002328,2.86000000001513,600.929999999993
"1011","mid",900,116,52560827,0.350000000005821,2.75,608.160000000003
"1011","mid",900,117,52560828,0.410000000003492,2.3300000000163,598.5
"1011","mid",900,118,52560829,0.309999999997672,2.57000000000698,595.679999999993
"1011","mid",900,119,52560830,0.350000000005821,2.83999999999651,602.940000000002
"1011","mid",900,120,52560831,0.389999999984866,2.38999999998487,596.529999999999
"1011","mid",900,121,52560832,0.450000000011642,2.55999999999767,591.919999999984
"1011","mid",900,122,52560833,0.350000000005821,2.66000000000349,599.070000000007
"1011","mid",900,123,52560834,0.329999999987194,2.61999999999534,601.020000000019
"1011","mid",900,124,52560835,0.410000000003492,2.91000000000349,572.529999999999
"1011","mid",900,125,52560836,0.369999999995343,3.00999999998021,586.610000000015
"1011","mid",900,126,52560837,0.39000000001397,2.52999999999884,588.949999999983
"1011","mid",900,127,52560838,0.330000000016298,2.94000000000233,585.300000000017
"1011","mid",900,128,52560839,0.399999999994179,2.63999999998487,590.639999999985
"1011","mid",900,129,52560840,0.339999999996508,2.42000000001281,596.330000000016
"1011","mid",900,130,52560841,0.369999999995343,2.51000000000931,581.929999999993
"1011","mid",900,131,52560842,0.380000000004657,2.75,607.75999999998
"1011","mid",900,132,52560843,0.330000000016298,2.79999999998836,584.01999999999
"1011","mid",900,133,52560844,0.39000000001397,2.86000000001513,604.040000000008
"1011","mid",900,134,52560845,0.470000000001164,2.73000000001048,603.850000000006
"1011","mid",900,135,52560846,0.220000000001164,2.36999999999534,592.859999999986
"1011","mid",900,136,52560847,0.330000000016298,2.76999999998952,590.570000000007
"1011","mid",900,137,52560848,0.350000000005821,2.57999999998719,583.179999999993
"1011","mid",900,138,52560849,0.410000000003492,2.5,598.5
"1011","mid",900,139,52560850,0.35999999998603,2.30999999999767,592.260000000009
"1011","mid",900,140,52560851,0.440000000002328,2.66000000000349,595.580000000016
"1011","mid",900,141,52560852,0.380000000004657,2.61000000001513,596.130000000005
"1011","mid",900,142,52560853,0.369999999995343,2.45999999999185,589.690000000002
"1011","mid",900,143,52560854,0.39000000001397,2.55999999999767,581.809999999998
"1011","mid",900,144,52560855,0.430000000022119,2.52999999999884,599.970000000001
"1011","mid",900,145,52560856,0.369999999995343,2.50999999998021,595.119999999995
"1011","mid",900,146,52560857,0.360000000015134,2.45999999999185,605.429999999993
"1011","mid",900,147,52560858,0.399999999994179,2.51999999998952,595.029999999999
"1011","mid",900,148,52560859,0.35999999998603,2.47000000000116,598.940000000002
"1011","mid",900,149,52560860,0.399999999994179,2.6699999999837,599.140000000014
"1011","mid",900,150,52560861,0.369999999995343,2.69000000000233,602.170000000013
"1011","mid",900,151,52560862,0.39000000001397,2.55000000001746,605.890000000014
"1011","mid",900,152,52560863,0.369999999995343,2.77000000001863,598.950000000012
"1011","mid",900,153,52560864,0.39000000001397,2.55999999999767,603.640000000014
"1011","mid",900,154,52560865,0.360000000015134,2.57000000000698,593.889999999985
"1011","mid",900,155,52560866,0.389999999984866,2.6699999999837,603.329999999987
"1011","mid",900,156,52560867,0.389999999984866,2.88999999998487,601.199999999983
"1011","mid",900,157,52560868,0.339999999996508,2.48999999999069,595.520000000019
"1011","mid",900,158,52560869,0.360000000015134,2.48000000001048,597.229999999981
"1011","mid",900,159,52560870,0.360000000015134,2.67999999999302,598.139999999985
"1011","mid",900,160,52560871,0.35999999998603,2.30999999999767,589.940000000002
"1011","mid",900,161,52560872,0.39000000001397,2.63000000000466,597.899999999994
"1011","mid",900,162,52560873,0.369999999995343,2.48000000001048,604.529999999999
"1011","mid",900,163,52560874,0.420000000012806,2.5800000000163,604.76999999999
"1011","mid",900,164,52560875,0.459999999991851,2.52999999999884,605.890000000014
"1011","mid",900,165,52560876,0.430000000022119,2.47999999998137,612.220000000001
"1011","mid",900,166,52560877,0.309999999997672,2.63000000000466,611.339999999997
"1011","mid",900,167,52560878,0.410000000003492,2.70999999999185,600.109999999986
"1011","mid",900,168,52560879,0.380000000004657,2.5,601.779999999999
"1011","mid",900,169,52560880,0.470000000001164,2.85000000000582,611.720000000001
"1011","mid",900,170,52560881,0.360000000015134,2.63999999998487,586.720000000001
"1011","mid",900,171,52560882,0.35999999998603,2.51999999998952,600.309999999998
"1011","mid",900,172,52560883,0.369999999995343,2.61000000001513,600.720000000001
"1011","mid",900,173,52560884,0.329999999987194,2.51999999998952,597.790000000008
"1011","mid",900,174,52560885,0.410000000003492,2.81999999997788,593
"1011","mid",900,175,52560886,0.350000000005821,2.60999999998603,596.890000000014
"1011","mid",900,176,52560887,0.330000000016298,2.70000000001164,627.300000000017
"1011","mid",900,177,52560888,0.410000000003492,2.44000000000233,603.779999999999
"1011","mid",900,178,52560889,0.389999999984866,2.5,596.799999999988
"1011","mid",900,179,52560890,0.330000000016298,2.66000000000349,597.279999999999
"1011","mid",900,180,52560891,0.369999999995343,2.51000000000931,594.660000000003
"1011","mid",900,181,52560892,0.360000000015134,2.54000000000815,597.270000000019
"1011","mid",900,182,52560893,0.410000000003492,2.66000000000349,590.359999999986
"1011","mid",900,183,52560894,0.360000000015134,2.70000000001164,594.279999999999
"1011","mid",900,184,52560895,0.320000000006985,2.52999999999884,593.880000000005
"1011","mid",900,185,52560896,0.380000000004657,2.5800000000163,607.339999999997
"1011","mid",900,186,52560897,0.369999999995343,2.66000000000349,605.700000000012
"1011","mid",900,187,52560898,0.380000000004657,2.47000000000116,587.660000000003
"1011","mid",900,188,52560899,0.35999999998603,2.44999999998254,589.600000000006
"1011","mid",900,189,52560900,0.329999999987194,2.5,601.380000000005
"1011","mid",900,190,52560901,0.399999999994179,2.72999999998137,591.639999999985
"1011","mid",900,191,52560902,0.279999999998836,2.35000000000582,571.380000000005
"1011","mid",900,192,52560903,0.190000000002328,2.48999999999069,549.649999999994
"1011","mid",900,193,52560904,0.300000000017462,2.20000000001164,554.220000000001
"1011","mid",900,194,52560905,0.450000000011642,2.60000000000582,555.440000000002
"1011","mid",900,195,52560906,0.389999999984866,2.29999999998836,551.459999999992
"1011","mid",900,196,52560907,0.260000000009313,2.45000000001164,544.25
"1011","mid",900,197,52560908,0.290000000008149,2.52999999999884,536.76999999999
"1011","mid",900,198,52560909,0.399999999994179,2.29000000000815,541.670000000013
"1011","mid",900,199,52560910,0.360000000015134,2.4199999999837,539.73000000001
"1011","mid",900,200,52560911,0.35999999998603,2.26000000000931,551.25
"1011","mid",900,201,52560912,0.360000000015134,2.64000000001397,545.050000000017
"1011","mid",900,202,52560913,0.339999999996508,2.72000000000116,546.390000000014
"1011","mid",900,203,52560914,0.309999999997672,2.19999999998254,537.190000000002
"1011","mid",900,204,52560915,0.320000000006985,2.46000000002095,556.789999999979
"1011","mid",900,205,52560916,0.360000000015134,2.30000000001746,552.119999999995
"1011","mid",900,206,52560917,0.389999999984866,2.52000000001863,546.720000000001
"1011","mid",900,207,52560918,0.339999999996508,2.26000000000931,550.51999999999
"1011","mid",900,208,52560919,0.35999999998603,2.64000000001397,561.950000000012
"1011","mid",900,209,52560920,0.440000000002328,3.10999999998603,550.49000000002
"1011","mid",900,210,52560921,0.309999999997672,2.5,607.23000000001
"1011","mid",900,211,52560922,0.380000000004657,2.44000000000233,594.890000000014
"1011","mid",900,212,52560923,0.380000000004657,2.75,601
"1011","mid",900,213,52560924,0.350000000005821,2.6699999999837,594.089999999997
"1011","mid",900,214,52560925,0.360000000015134,2.52999999999884,600.929999999993
"1011","mid",900,215,52560926,0.339999999996508,2.61000000001513,598.149999999994
"1011","mid",900,216,52560927,0.380000000004657,2.55999999999767,584.25
"1011","mid",900,217,52560928,0.369999999995343,2.5800000000163,595.309999999998
"1011","mid",900,218,52560929,0.410000000003492,2.52999999999884,599.459999999992
"1011","mid",900,219,52560930,0.420000000012806,2.69000000000233,598.049999999988
"1011","mid",900,220,52560931,0.35999999998603,2.60000000000582,592.850000000006
"1011","mid",900,221,52560932,0.449999999982538,2.70000000001164,588.700000000012
"1011","mid",900,222,52560933,0.389999999984866,2.47000000000116,582.570000000007
"1011","mid",900,223,52560934,0.35999999998603,3,596.070000000007
"1011","mid",900,224,52560935,0.490000000019791,2.72000000000116,595.809999999998
"1011","mid",900,225,52560936,0.419999999983702,2.55999999999767,602.410000000003
"1011","mid",900,226,52560937,0.440000000002328,2.72000000000116,591.699999999983
"1011","mid",900,227,52560938,0.350000000005821,2.95000000001164,590.549999999988
"1011","mid",900,228,52560939,0.360000000015134,2.86000000001513,589.910000000003
"1011","mid",900,229,52560940,0.339999999996508,2.47000000000116,591.110000000015
"1011","mid",900,230,52560941,0.350000000005821,2.52999999999884,588.160000000003
"1011","mid",900,231,52560942,0.339999999996508,2.36999999999534,589.229999999981
"1011","mid",900,232,52560943,0.399999999994179,2.96000000002095,584.550000000017
"1011","mid",900,233,52560944,0.309999999997672,3.04000000000815,585.350000000006
"1011","mid",900,234,52560945,0.279999999998836,2.86999999999534,580.5
"1011","mid",900,235,52560946,0.35999999998603,2.61999999999534,585.200000000012
"1011","mid",900,236,52560947,0.420000000012806,2.54000000000815,600.049999999988
"1011","mid",900,237,52560948,0.299999999988358,2.55999999999767,614.23000000001
"1011","mid",900,238,52560949,0.339999999996508,2.55999999999767,588.270000000019
"1011","mid",900,239,52560950,0.320000000006985,2.88999999998487,591.169999999984
"1011","mid",900,240,52560951,0.410000000003492,2.69999999998254,596.720000000001
"1011","mid",900,241,52560952,0.35999999998603,2.51000000000931,611.470000000001
"1011","mid",900,242,52560953,0.389999999984866,2.85999999998603,602.720000000001
"1011","mid",900,243,52560954,0.320000000006985,2.57000000000698,594.079999999987
"1011","mid",900,244,52560955,0.35999999998603,2.69000000000233,604.139999999985
"1011","mid",900,245,52560956,0.369999999995343,2.64000000001397,581.139999999985
"1011","mid",900,246,52560957,0.329999999987194,3,597.809999999998
"1011","mid",900,247,52560958,0.330000000016298,2.97000000000116,599.309999999998
"1011","mid",900,248,52560959,0.279999999998836,2.95999999999185,609.440000000002
"1011","mid",900,249,52560960,0.419999999983702,3.13000000000466,602.940000000002
"1011","mid",900,250,52560961,0.270000000018626,2.5,604.119999999995
"1011","mid",900,251,52560962,0.369999999995343,3.00999999998021,603.429999999993
"1011","mid",900,252,52560963,0.320000000006985,2.39999999999418,617.51999999999
"1011","mid",900,253,52560964,0.309999999997672,2.50999999998021,614.01999999999
"1011","mid",900,254,52560965,0.309999999997672,2.89999999999418,602.779999999999
"1011","mid",900,255,52560966,0.479999999981374,2.63999999998487,607.680000000022
"1011","mid",900,256,52560967,0.290000000008149,2.58999999999651,602.940000000002
"1011","mid",900,257,52560968,0.309999999997672,3,605.529999999999
"1011","mid",900,258,52560969,0.419999999983702,2.6699999999837,595.5
"1011","mid",900,259,52560970,0.360000000015134,2.64999999999418,590.790000000008
"1011","mid",900,260,52560971,0.420000000012806,2.8300000000163,587.440000000002
"1011","mid",900,261,52560972,0.35999999998603,2.80999999999767,593.73000000001
"1011","mid",900,262,52560973,0.309999999997672,2.9199999999837,591.580000000016
"1011","mid",900,263,52560974,0.309999999997672,2.98000000001048,593.73000000001
"1011","mid",900,264,52560975,0.389999999984866,2.69999999998254,596.720000000001
"1011","mid",900,265,52560976,0.440000000002328,2.78999999997905,598.809999999998
"1011","mid",900,266,52560977,0.459999999991851,2.74000000001979,601.329999999987
"1011","mid",900,267,52560978,0.490000000019791,2.76000000000931,615.279999999999
"1011","mid",900,268,52560979,0.410000000003492,2.66000000000349,606.619999999995
"1011","mid",900,269,52560980,0.360000000015134,3.08999999999651,596.339999999997
"1011","mid",900,270,52560981,0.309999999997672,2.79000000000815,588.050000000017
"1011","mid",900,271,52560982,0.529999999998836,3.01000000000931,579.190000000002
"1011","mid",900,272,52560983,0.300000000017462,2.60999999998603,584.169999999984
"1011","mid",900,273,52560984,0.289999999979045,2.58999999999651,589.690000000002
"1011","mid",900,274,52560985,0.420000000012806,3.03999999997905,584.48000000001
"1011","mid",900,275,52560986,0.320000000006985,2.88999999998487,579.850000000006
"1011","mid",900,276,52560987,0.339999999996508,2.61000000001513,586.299999999988
"1011","mid",900,277,52560988,0.460000000020955,2.51000000000931,596.610000000015
"1011","mid",900,278,52560989,0.339999999996508,2.88000000000466,583.739999999991
"1011","mid",900,279,52560990,0.399999999994179,2.9199999999837,592.809999999998
"1011","mid",900,280,52560991,0.479999999981374,2.64000000001397,601.330000000016
"1011","mid",900,281,52560992,0.420000000012806,2.89999999999418,588.460000000021
"1011","mid",900,282,52560993,0.369999999995343,2.92999999999302,594.970000000001
"1011","mid",900,283,52560994,0.360000000015134,2.66000000000349,595.25
"1011","mid",900,284,52560995,0.360000000015134,2.27999999999884,585.600000000006
"1011","mid",900,285,52560996,0.339999999996508,2.63000000000466,584.74000000002
"1011","mid",900,286,52560997,0.330000000016298,2.60000000000582,571.919999999984
"1011","mid",900,287,52560998,0.350000000005821,2.52999999999884,574.570000000007
"1011","mid",900,288,52560999,0.380000000004657,2.60999999998603,582.609999999986
"1011","mid",900,289,52561000,0.430000000022119,2.38999999998487,586.220000000001
"1011","mid",900,290,52561001,0.429999999993015,2.80999999999767,591.170000000013
"1011","mid",900,291,52561002,0.289999999979045,2.45999999996275,596.770000000019
"1011","mid",900,292,52561003,0.309999999997672,2.61000000004424,593.549999999988
"1011","mid",900,293,52561004,0.300000000046566,2.5,588.660000000033
"1011","mid",900,294,52561005,0.479999999981374,2.05999999999767,535.320000000007
"1011","mid",900,295,52561006,0.32999999995809,2.04999999998836,493.260000000009
"1011","mid",900,296,52561007,0.269999999960419,2.28999999997905,490.890000000014
"1011","mid",900,297,52561008,0.320000000006985,2.00999999995111,501.320000000007
"1011","mid",900,298,52561009,0.330000000016298,2.20999999996275,483.059999999998
"1011","mid",900,299,52561010,0.260000000009313,2.1699999999837,494.789999999979
"1011","mid",900,300,52561011,0.25,2.10999999998603,484.890000000014
"1111","strong",900,1,33560712,0.52,4.89999999999998,662.4
"1111","strong",900,2,33560713,0.420000000000073,4.04999999999995,635.39
"1111","strong",900,3,33560714,0.3900000000001,3.88999999999987,655.02
"1111","strong",900,4,33560715,0.400000000000091,4.55999999999995,656.34
"1111","strong",900,5,33560716,0.380000000000109,4.26999999999998,680.34
"1111","strong",900,6,33560717,0.420000000000073,4.38000000000011,675.42
"1111","strong",900,7,33560718,0.389999999999873,4.32999999999993,678.47
"1111","strong",900,8,33560719,0.449999999999818,4.22000000000025,667.54
"1111","strong",900,9,33560720,0.519999999999527,4.19000000000051,654.31
"1111","strong",900,10,33560721,0.569999999999709,4.05999999999949,678.589999999999
"1111","strong",900,11,33560722,0.399999999999636,4.32999999999993,667.84
"1111","strong",900,12,33560723,0.380000000000109,4.36999999999989,679.190000000001
"1111","strong",900,13,33560724,0.470000000000255,4.55000000000109,672.5
"1111","strong",900,14,33560725,0.5,4.97999999999956,672.019999999999
"1111","strong",900,15,33560726,0.459999999999127,4.47999999999956,685.879999999999
"1111","strong",900,16,33560727,0.389999999999418,4.61000000000058,677.209999999999
"1111","strong",900,17,33560728,0.450000000000728,4.5,659.939999999999
"1111","strong",900,18,33560729,0.390000000001237,4.38000000000102,663.560000000001
"1111","strong",900,19,33560730,0.340000000000146,3.94000000000051,650.17
"1111","strong",900,20,33560731,0.440000000000509,4.14999999999964,650.83
"1111","strong",900,21,33560732,0.399999999999636,4.72999999999956,651.259999999998
"1111","strong",900,22,33560733,0.479999999999563,4.46000000000095,653
"1111","strong",900,23,33560734,0.440000000000509,4.51000000000022,675.690000000001
"1111","strong",900,24,33560735,0.5,4.52999999999884,655.74
"1111","strong",900,25,33560736,0.440000000000509,4.31000000000131,666.819999999998
"1111","strong",900,26,33560737,0.390000000003056,4.46999999999753,663.049999999999
"1111","strong",900,27,33560738,0.470000000001164,4.17000000000189,665.530000000002
"1111","strong",900,28,33560739,0.419999999998254,3.95999999999913,643.66
"1111","strong",900,29,33560740,0.389999999999418,4.07999999999811,630.420000000002
"1111","strong",900,30,33560741,0.470000000001164,4.06999999999971,623.639999999999
"1111","strong",900,31,33560742,0.43999999999869,4.18000000000029,616.389999999999
"1111","strong",900,32,33560743,0.470000000001164,4.47999999999956,636.389999999999
"1111","strong",900,33,33560744,0.43999999999869,4.42000000000189,650
"1111","strong",900,34,33560745,0.419999999998254,3.75,625.049999999999
"1111","strong",900,35,33560746,0.469999999997526,4.18999999999869,628.450000000001
"1111","strong",900,36,33560747,0.519999999996799,4.25,637.669999999998
"1111","strong",900,37,33560748,0.389999999999418,4.32999999999811,630.02
"1111","strong",900,38,33560749,0.450000000000728,4.14999999999782,639.670000000002
"1111","strong",900,39,33560750,0.519999999996799,4.06999999999971,660
"1111","strong",900,40,33560751,0.44999999999709,4.18000000000029,631.490000000002
"1111","strong",900,41,33560752,0.420000000001892,4.0099999999984,636.150000000001
"1111","strong",900,42,33560753,0.420000000001892,4.19000000000233,630.189999999999
"1111","strong",900,43,33560754,0.409999999999854,4.17000000000189,649.759999999998
"1111","strong",900,44,33560755,0.440000000002328,4.10999999999694,650.420000000002
"1111","strong",900,45,33560756,0.390000000003056,3.95000000000073,634.009999999998
"1111","strong",900,46,33560757,0.409999999999854,4.11000000000058,634.34
"1111","strong",900,47,33560758,0.399999999997817,4.22999999999956,648.439999999999
"1111","strong",900,48,33560759,0.319999999999709,4.11000000000058,642.950000000001
"1111","strong",900,49,33560760,0.420000000001892,4.14999999999782,633.540000000001
"1111","strong",900,50,33560761,0.419999999998254,4.2300000000032,640.640000000003
"1111","strong",900,51,33560762,0.410000000003492,3.90999999999622,630.330000000002
"1111","strong",900,52,33560763,0.379999999997381,3.80000000000291,621
"1111","strong",900,53,33560764,0.319999999999709,3.95999999999913,648.089999999997
"1111","strong",900,54,33560765,0.440000000002328,4.13999999999942,624.389999999999
"1111","strong",900,55,33560766,0.419999999998254,3.91000000000349,658.440000000002
"1111","strong",900,56,33560767,0.480000000003201,4.09999999999854,638.889999999999
"1111","strong",900,57,33560768,0.440000000002328,4.23999999999796,644.639999999999
"1111","strong",900,58,33560769,0.44999999999709,4.04000000000087,633.860000000001
"1111","strong",900,59,33560770,0.389999999999418,4.23999999999796,631.82
"1111","strong",900,60,33560771,0.430000000000291,3.97000000000116,646.669999999998
"1111","strong",900,61,33560772,0.520000000004075,3.80999999999767,630.590000000004
"1111","strong",900,62,33560773,0.44999999999709,4.05999999999767,632.129999999997
"1111","strong",900,63,33560774,0.419999999998254,3.97000000000116,641.329999999994
"1111","strong",900,64,33560775,0.379999999997381,4.30999999999767,632.959999999999
"1111","strong",900,65,33560776,0.459999999999127,4.31000000000495,631.919999999998
"1111","strong",900,66,33560777,0.440000000002328,4.0199999999968,635.040000000001
"1111","strong",900,67,33560778,0.410000000003492,4.12000000000262,640.879999999997
"1111","strong",900,68,33560779,0.470000000001164,4.40000000000146,630.830000000002
"1111","strong",900,69,33560780,0.419999999998254,4.27999999999884,644.719999999994
"1111","strong",900,70,33560781,0.5,4.21999999999389,636.470000000001
"1111","strong",900,71,33560782,0.440000000002328,4.15999999999622,651.440000000002
"1111","strong",900,72,33560783,0.309999999997672,3.95000000000437,626.989999999998
"1111","strong",900,73,33560784,0.389999999999418,4.34999999999854,630.669999999998
"1111","strong",900,74,33560785,0.470000000001164,4.38999999999942,644.580000000002
"1111","strong",900,75,33560786,0.330000000001746,3.93999999999505,645.209999999999
"1111","strong",900,76,33560787,0.389999999999418,3.86000000000058,639.270000000004
"1111","strong",900,77,33560788,0.379999999997381,3.90999999999622,636.880000000005
"1111","strong",900,78,33560789,0.389999999999418,4.08000000000175,640.090000000004
"1111","strong",900,79,33560790,0.360000000000582,3.80000000000291,634.840000000004
"1111","strong",900,80,33560791,0.380000000004657,4.20000000000437,632.139999999999
"1111","strong",900,81,33560792,0.389999999999418,4.38999999999942,648.5
"1111","strong",900,82,33560793,0.439999999995052,3.83000000000175,645.860000000001
"1111","strong",900,83,33560794,0.44999999999709,4.18999999999505,636.529999999999
"1111","strong",900,84,33560795,0.400000000001455,3.94999999999709,633.400000000001
"1111","strong",900,85,33560796,0.480000000003201,3.84999999999854,632.309999999998
"1111","strong",900,86,33560797,0.440000000002328,4.27999999999884,647.410000000003
"1111","strong",900,87,33560798,0.400000000001455,4.18000000000029,627
"1111","strong",900,88,33560799,0.470000000001164,4.17000000000553,637.579999999994
"1111","strong",900,89,33560800,0.32999999999447,4.26000000000204,634.449999999997
"1111","strong",900,90,33560801,0.389999999999418,4.37999999999738,650.360000000001
"1111","strong",900,91,33560802,0.480000000003201,4.38999999999942,646.639999999999
"1111","strong",900,92,33560803,0.400000000001455,4.22000000000116,624.610000000001
"1111","strong",900,93,33560804,0.450000000004366,3.86000000000058,616.370000000003
"1111","strong",900,94,33560805,0.439999999995052,3.94000000000233,623.159999999996
"1111","strong",900,95,33560806,0.510000000002037,3.81999999999971,622.840000000004
"1111","strong",900,96,33560807,0.400000000001455,3.91999999999825,625.700000000004
"1111","strong",900,97,33560808,0.42000000000553,4.22000000000116,630.860000000001
"1111","strong",900,98,33560809,0.470000000001164,4.04000000000087,636.450000000004
"1111","strong",900,99,33560810,0.469999999993888,4.03000000000611,642.5
"1111","strong",900,100,33560811,0.450000000004366,3.95999999999913,622.630000000005
"1111","strong",900,101,33560812,0.469999999993888,4.16000000000349,632.540000000008
"1111","strong",900,102,33560813,0.5,4.25,627.399999999994
"1111","strong",900,103,33560814,0.420000000012806,3.89000000001397,622.139999999999
"1111","strong",900,104,33560815,0.379999999990105,3.96999999998661,653.699999999997
"1111","strong",900,105,33560816,0.310000000012224,4.05999999999767,646.299999999988
"1111","strong",900,106,33560817,0.340000000011059,4.08000000000175,657
"1111","strong",900,107,33560818,0.529999999998836,4.24000000000524,635.059999999998
"1111","strong",900,108,33560819,0.440000000002328,4.20999999999185,627.12999999999
"1111","strong",900,109,33560820,0.409999999988941,3.97000000000116,628.590000000011
"1111","strong",900,110,33560821,0.470000000001164,3.88999999999942,641.139999999999
"1111","strong",900,111,33560822,0.389999999999418,4.19000000000233,623.520000000004
"1111","strong",900,112,33560823,0.360000000000582,3.86000000000058,634.869999999995
"1111","strong",900,113,33560824,0.420000000012806,3.99000000000524,633.059999999998
"1111","strong",900,114,33560825,0.470000000001164,4.21999999998661,626.139999999999
"1111","strong",900,115,33560826,0.5,4.18000000000757,632.029999999999
"1111","strong",900,116,33560827,0.339999999996508,4.25,628.039999999994
"1111","strong",900,117,33560828,0.339999999996508,4.30000000000291,643.240000000005
"1111","strong",900,118,33560829,0.410000000003492,3.95000000001164,620.660000000003
"1111","strong",900,119,33560830,0.489999999990687,3.83000000000175,627.940000000002
"1111","strong",900,120,33560831,0.440000000002328,3.86000000000058,632.830000000002
"1111","strong",900,121,33560832,0.389999999999418,4.02000000000407,614.049999999988
"1111","strong",900,122,33560833,0.479999999995925,4.11000000000058,623.820000000007
"1111","strong",900,123,33560834,0.470000000001164,4.08999999999651,648.169999999998
"1111","strong",900,124,33560835,0.419999999998254,3.94000000000233,611.860000000001
"1111","strong",900,125,33560836,0.440000000002328,4.08000000000175,644.759999999995
"1111","strong",900,126,33560837,0.5,3.75999999999476,652.280000000013
"1111","strong",900,127,33560838,0.440000000002328,3.72000000000116,650.439999999988
"1111","strong",900,128,33560839,0.399999999994179,4.15000000000873,628.889999999999
"1111","strong",900,129,33560840,0.360000000000582,3.55999999999767,620.839999999997
"1111","strong",900,130,33560841,0.419999999998254,4.48000000001048,632.969999999987
"1111","strong",900,131,33560842,0.479999999995925,3.99000000000524,623.689999999988
"1111","strong",900,132,33560843,0.419999999998254,4.25999999999476,624.070000000007
"1111","strong",900,133,33560844,0.410000000003492,4.08000000000175,647.899999999994
"1111","strong",900,134,33560845,0.420000000012806,3.94000000000233,628.800000000003
"1111","strong",900,135,33560846,0.400000000008731,4.5,645.5
"1111","strong",900,136,33560847,0.569999999992433,4.11999999999534,627.279999999999
"1111","strong",900,137,33560848,0.410000000003492,4.44999999999709,630.029999999999
"1111","strong",900,138,33560849,0.360000000000582,3.94999999999709,629.160000000003
"1111","strong",900,139,33560850,0.520000000004075,3.75,648.050000000003
"1111","strong",900,140,33560851,0.400000000008731,4,618.089999999997
"1111","strong",900,141,33560852,0.420000000012806,4.08000000000175,613.98000000001
"1111","strong",900,142,33560853,0.520000000004075,3.95000000001164,624.699999999997
"1111","strong",900,143,33560854,0.389999999999418,3.81999999999243,639.98000000001
"1111","strong",900,144,33560855,0.5,4.16999999999825,646.720000000001
"1111","strong",900,145,33560856,0.429999999993015,3.98000000001048,630.040000000008
"1111","strong",900,146,33560857,0.340000000011059,4.15999999998894,621.049999999988
"1111","strong",900,147,33560858,0.440000000002328,4.11000000000058,637.539999999994
"1111","strong",900,148,33560859,0.409999999988941,4.2100000000064,623.199999999997
"1111","strong",900,149,33560860,0.470000000001164,4.2899999999936,620.660000000003
"1111","strong",900,150,33560861,0.419999999998254,4.02999999999884,627.720000000001
"1111","strong",900,151,33560862,0.420000000012806,4.05999999999767,632.679999999993
"1111","strong",900,152,33560863,0.369999999995343,4.13999999999942,635.75
"1111","strong",900,153,33560864,0.44999999999709,4.07000000000698,645.330000000002
"1111","strong",900,154,33560865,0.439999999987776,4.13999999999942,655.25
"1111","strong",900,155,33560866,0.489999999990687,4.2899999999936,638.860000000001
"1111","strong",900,156,33560867,0.469999999986612,3.82999999998719,647.139999999999
"1111","strong",900,157,33560868,0.340000000011059,3.86999999999534,634.479999999996
"1111","strong",900,158,33560869,0.369999999995343,4.23000000001048,628.089999999997
"1111","strong",900,159,33560870,0.35999999998603,4.15000000000873,640.479999999996
"1111","strong",900,160,33560871,0.419999999998254,3.79000000000815,634.25
"1111","strong",900,161,33560872,0.5,4.09000000001106,635.399999999994
"1111","strong",900,162,33560873,0.379999999990105,4.17000000001281,631.75
"1111","strong",900,163,33560874,0.35999999998603,4.02999999999884,636.809999999998
"1111","strong",900,164,33560875,0.430000000007567,4.41000000000349,622.12999999999
"1111","strong",900,165,33560876,0.44999999999709,4,621.079999999987
"1111","strong",900,166,33560877,0.360000000000582,4,610.669999999998
"1111","strong",900,167,33560878,0.360000000000582,4.22000000000116,625.020000000004
"1111","strong",900,168,33560879,0.400000000008731,4.08000000000175,643.779999999999
"1111","strong",900,169,33560880,0.450000000011642,4.05000000000291,656.360000000001
"1111","strong",900,170,33560881,0.419999999998254,3.75,631.809999999998
"1111","strong",900,171,33560882,0.380000000004657,4.13999999999942,629.529999999999
"1111","strong",900,172,33560883,0.530000000013388,4.19000000000233,644.110000000001
"1111","strong",900,173,33560884,0.440000000002328,3.45000000001164,633.809999999998
"1111","strong",900,174,33560885,0.439999999987776,4.27999999999884,654.360000000001
"1111","strong",900,175,33560886,0.439999999987776,3.93999999998778,632.5
"1111","strong",900,176,33560887,0.470000000001164,4.11000000000058,639.699999999997
"1111","strong",900,177,33560888,0.539999999993597,3.88999999999942,632.610000000001
"1111","strong",900,178,33560889,0.460000000006403,4.38999999999942,660.729999999996
"1111","strong",900,179,33560890,0.410000000003492,4.38999999999942,622.87999999999
"1111","strong",900,180,33560891,0.429999999993015,4.19000000000233,634.839999999997
"1111","strong",900,181,33560892,0.389999999999418,4.38999999999942,652.300000000003
"1111","strong",900,182,33560893,0.320000000006985,4.40999999998894,651.969999999987
"1111","strong",900,183,33560894,0.419999999998254,3.86999999999534,621.699999999997
"1111","strong",900,184,33560895,0.479999999995925,4.09000000001106,654.460000000006
"1111","strong",900,185,33560896,0.440000000002328,4.24000000000524,656.310000000012
"1111","strong",900,186,33560897,0.469999999986612,3.88999999999942,635.199999999997
"1111","strong",900,187,33560898,0.389999999999418,3.97000000000116,628.169999999998
"1111","strong",900,188,33560899,0.440000000002328,4.06000000001222,636.970000000001
"1111","strong",900,189,33560900,0.339999999996508,3.89999999999418,649.339999999997
"1111","strong",900,190,33560901,0.470000000001164,4.17999999999302,630.319999999992
"1111","strong",900,191,33560902,0.410000000003492,3.98999999999069,648.73000000001
"1111","strong",900,192,33560903,0.470000000001164,4.25999999999476,622.529999999999
"1111","strong",900,193,33560904,0.360000000000582,3.77999999999884,638.900000000009
"1111","strong",900,194,33560905,0.440000000002328,4.19999999999709,622.080000000002
"1111","strong",900,195,33560906,0.410000000003492,4.10999999998603,631.470000000001
"1111","strong",900,196,33560907,0.30000000000291,3.80000000000291,641.449999999997
"1111","strong",900,197,33560908,0.399999999994179,3.97000000000116,645.280000000013
"1111","strong",900,198,33560909,0.350000000005821,4.05000000000291,645.76999999999
"1111","strong",900,199,33560910,0.330000000001746,3.8700000000099,633.240000000005
"1111","strong",900,200,33560911,0.389999999999418,3.93999999998778,643.5
"1111","strong",900,201,33560912,0.44999999999709,3.97000000000116,633.419999999998
"1111","strong",900,202,33560913,0.450000000011642,4.11000000000058,640.759999999995
"1111","strong",900,203,33560914,0.360000000000582,3.99000000000524,648.059999999998
"1111","strong",900,204,33560915,0.339999999996508,4.01000000000931,640.360000000015
"1111","strong",900,205,33560916,0.470000000001164,4.17000000001281,636.970000000001
"1111","strong",900,206,33560917,0.450000000011642,4.05999999999767,646.350000000006
"1111","strong",900,207,33560918,0.380000000004657,4.35000000000582,630.00999999998
"1111","strong",900,208,33560919,0.459999999991851,4.25,650.98000000001
"1111","strong",900,209,33560920,0.39000000001397,4.52999999999884,639.75
"1111","strong",900,210,33560921,0.410000000003492,3.86999999999534,614.940000000002
"1111","strong",900,211,33560922,0.459999999991851,3.9199999999837,652.579999999987
"1111","strong",900,212,33560923,0.389999999984866,4.19000000000233,629.25
"1111","strong",900,213,33560924,0.449999999982538,4.16000000000349,616.899999999994
"1111","strong",900,214,33560925,0.369999999995343,4.66000000000349,617.899999999994
"1111","strong",900,215,33560926,0.35999999998603,4,629.539999999979
"1111","strong",900,216,33560927,0.399999999994179,4.25999999998021,622.170000000013
"1111","strong",900,217,33560928,0.380000000004657,3.80000000001746,616.75
"1111","strong",900,218,33560929,0.5,4.17000000001281,640.75
"1111","strong",900,219,33560930,0.410000000003492,4.05000000001746,633.75999999998
"1111","strong",900,220,33560931,0.420000000012806,4.22000000000116,653.160000000003
"1111","strong",900,221,33560932,0.399999999994179,3.92999999999302,622.529999999999
"1111","strong",900,222,33560933,0.339999999996508,4.23999999999069,636.860000000015
"1111","strong",900,223,33560934,0.429999999993015,4.04999999998836,638.25
"1111","strong",900,224,33560935,0.5,4,648.160000000003
"1111","strong",900,225,33560936,0.440000000002328,4.14000000001397,640.679999999993
"1111","strong",900,226,33560937,0.470000000001164,3.98000000001048,625.320000000007
"1111","strong",900,227,33560938,0.389999999984866,4.10999999998603,637.190000000002
"1111","strong",900,228,33560939,0.419999999983702,4.19000000000233,616.470000000001
"1111","strong",900,229,33560940,0.440000000002328,4.14000000001397,642.640000000014
"1111","strong",900,230,33560941,0.519999999989523,3.61000000001513,610.309999999998
"1111","strong",900,231,33560942,0.380000000004657,4.17000000001281,620.140000000014
"1111","strong",900,232,33560943,0.60999999998603,4.16000000000349,640.25
"1111","strong",900,233,33560944,0.39000000001397,3.88000000000466,629.670000000013
"1111","strong",900,234,33560945,0.389999999984866,4.48999999999069,637.470000000001
"1111","strong",900,235,33560946,0.429999999993015,4.13000000000466,631.149999999994
"1111","strong",900,236,33560947,0.399999999994179,4.11999999999534,640.579999999987
"1111","strong",900,237,33560948,0.369999999995343,3.80000000001746,630.619999999995
"1111","strong",900,238,33560949,0.39000000001397,3.92999999999302,635.699999999983
"1111","strong",900,239,33560950,0.319999999977881,3.60999999998603,630.600000000006
"1111","strong",900,240,33560951,0.459999999991851,3.8300000000163,619.279999999999
"1111","strong",900,241,33560952,0.389999999984866,4.22000000000116,640.529999999999
"1111","strong",900,242,33560953,0.520000000018626,4.60000000000582,651.119999999995
"1111","strong",900,243,33560954,0.420000000012806,4.63000000000466,638.410000000003
"1111","strong",900,244,33560955,0.330000000016298,4.55999999999767,643.25
"1111","strong",900,245,33560956,0.380000000004657,3.89999999999418,649.949999999983
"1111","strong",900,246,33560957,0.399999999994179,3.79000000000815,623.25
"1111","strong",900,247,33560958,0.430000000022119,4.38000000000466,626.580000000016
"1111","strong",900,248,33560959,0.5,3.75,639.690000000002
"1111","strong",900,249,33560960,0.399999999994179,4.13999999998487,639.220000000001
"1111","strong",900,250,33560961,0.360000000015134,4.05999999999767,619.880000000005
"1111","strong",900,251,33560962,0.35999999998603,4.19999999998254,636.630000000005
"1111","strong",900,252,33560963,0.259999999980209,4.30999999999767,641.940000000002
"1111","strong",900,253,33560964,0.389999999984866,4.07000000000698,622.359999999986
"1111","strong",900,254,33560965,0.430000000022119,4.47999999998137,610.479999999981
"1111","strong",900,255,33560966,0.550000000017462,4.05000000001746,620.140000000014
"1111","strong",900,256,33560967,0.470000000001164,3.76999999998952,647.24000000002
"1111","strong",900,257,33560968,0.559999999997672,3.80000000001746,633.610000000015
"1111","strong",900,258,33560969,0.420000000012806,4.27999999999884,629.610000000015
"1111","strong",900,259,33560970,0.380000000004657,4.30000000001746,638.639999999985
"1111","strong",900,260,33560971,0.419999999983702,4.63000000000466,618.220000000001
"1111","strong",900,261,33560972,0.440000000002328,4.04999999998836,641.119999999995
"1111","strong",900,262,33560973,0.329999999987194,4.17999999999302,633.809999999998
"1111","strong",900,263,33560974,0.440000000002328,3.77000000001863,628.320000000007
"1111","strong",900,264,33560975,0.389999999984866,3.58999999999651,639.360000000015
"1111","strong",900,265,33560976,0.510000000009313,3.77000000001863,621.699999999983
"1111","strong",900,266,33560977,0.35999999998603,4.52999999999884,629.279999999999
"1111","strong",900,267,33560978,0.39000000001397,3.32000000000698,621.5
"1111","strong",900,268,33560979,0.410000000003492,4.27999999999884,632.649999999994
"1111","strong",900,269,33560980,0.360000000015134,4.05999999999767,647.839999999997
"1111","strong",900,270,33560981,0.399999999994179,4.32999999998719,661.550000000017
"1111","strong",900,271,33560982,0.419999999983702,4.22000000000116,649.300000000017
"1111","strong",900,272,33560983,0.440000000002328,4.20000000001164,636.549999999988
"1111","strong",900,273,33560984,0.369999999995343,4.30999999999767,638.559999999998
"1111","strong",900,274,33560985,0.419999999983702,4.25,652.170000000013
"1111","strong",900,275,33560986,0.440000000002328,4.3300000000163,649.279999999999
"1111","strong",900,276,33560987,0.399999999994179,3.60000000000582,639.5
"1111","strong",900,277,33560988,0.399999999994179,3.85000000000582,643.020000000019
"1111","strong",900,278,33560989,0.449999999982538,3.70000000001164,639.649999999994
"1111","strong",900,279,33560990,0.510000000009313,4.01999999998952,636.369999999995
"1111","strong",900,280,33560991,0.39000000001397,4.20000000001164,622.970000000001
"1111","strong",900,281,33560992,0.419999999983702,4.35000000000582,636.320000000007
"1111","strong",900,282,33560993,0.420000000012806,4.41000000000349,628.299999999988
"1111","strong",900,283,33560994,0.480000000010477,3.85999999998603,629.610000000015
"1111","strong",900,284,33560995,0.410000000003492,4.05999999999767,628.410000000003
"1111","strong",900,285,33560996,0.470000000001164,4.10999999998603,643.160000000003
"1111","strong",900,286,33560997,0.490000000019791,4.27999999999884,647.470000000001
"1111","strong",900,287,33560998,0.389999999984866,4.07000000000698,640.75
"1111","strong",900,288,33560999,0.429999999993015,4.13000000000466,643.309999999998
"1111","strong",900,289,33561000,0.350000000005821,3.60999999998603,628.919999999984
"1111","strong",900,290,33561001,0.459999999991851,4.32999999998719,646.179999999993
"1111","strong",900,291,33561002,0.429999999993015,4.14999999999418,640.440000000002
"1111","strong",900,292,33561003,0.410000000003492,4.3300000000163,641.059999999998
"1111","strong",900,293,33561004,0.429999999993015,3.89999999999418,673.420000000013
"1111","strong",900,294,33561005,0.399999999994179,3.89000000001397,627.369999999995
"1111","strong",900,295,33561006,0.470000000001164,4.07000000000698,639.720000000001
"1111","strong",900,296,33561007,0.39000000001397,4.20999999999185,634.220000000001
"1111","strong",900,297,33561008,0.470000000001164,4.13999999998487,645.279999999999
"1111","strong",900,298,33561009,0.420000000012806,3.95000000001164,638.339999999997
"1111","strong",900,299,33561010,0.369999999995343,3.58999999999651,626.859999999986
"1111","strong",900,300,33561011,0.380000000004657,4.27000000001863,617.649999999994
"0111","strong",900,1,43560712,0.460000000020955,0.670000000012806,591.970000000001
"0111","strong",900,2,43560713,0.399999999994179,0.630000000004657,598.260000000009
"0111","strong",900,3,43560714,0.449999999982538,0.660000000003492,591.960000000021
"0111","strong",900,4,43560715,0.339999999996508,0.720000000001164,586.220000000001
"0111","strong",900,5,43560716,0.39000000001397,0.64000000001397,590.850000000006
"0111","strong",900,6,43560717,0.319999999977881,0.729999999981374,582.919999999984
"0111","strong",900,7,43560718,0.350000000005821,0.639999999984866,594.429999999993
"0111","strong",900,8,43560719,0.380000000004657,0.559999999997672,589.910000000003
"0111","strong",900,9,43560720,0.380000000004657,0.630000000004657,595.700000000012
"0111","strong",900,10,43560721,0.329999999987194,0.679999999993015,588.260000000009
"0111","strong",900,11,43560722,0.350000000005821,0.720000000001164,594.799999999988
"0111","strong",900,12,43560723,0.360000000015134,0.64000000001397,602.919999999984
"0111","strong",900,13,43560724,0.339999999996508,0.739999999990687,593.51999999999
"0111","strong",900,14,43560725,0.380000000004657,0.710000000020955,592.440000000002
"0111","strong",900,15,43560726,0.440000000002328,0.649999999994179,586.529999999999
"0111","strong",900,16,43560727,0.290000000008149,0.660000000003492,591.830000000016
"0111","strong",900,17,43560728,0.299999999988358,0.730000000010477,581.359999999986
"0111","strong",900,18,43560729,0.380000000004657,0.679999999993015,599.660000000003
"0111","strong",900,19,43560730,0.529999999998836,0.540000000008149,534.209999999992
"0111","strong",900,20,43560731,0.320000000006985,0.610000000015134,530.830000000016
"0111","strong",900,21,43560732,0.350000000005821,0.630000000004657,539.199999999983
"0111","strong",900,22,43560733,0.419999999983702,0.490000000019791,548.600000000006
"0111","strong",900,23,43560734,0.350000000005821,0.759999999980209,530.160000000003
"0111","strong",900,24,43560735,0.339999999996508,0.480000000010477,545.529999999999
"0111","strong",900,25,43560736,0.300000000017462,0.690000000002328,559.800000000017
"0111","strong",900,26,43560737,0.25,0.529999999998836,538.669999999984
"0111","strong",900,27,43560738,0.270000000018626,0.450000000011642,528.360000000015
"0111","strong",900,28,43560739,0.389999999984866,0.649999999994179,532.75
"0111","strong",900,29,43560740,0.410000000003492,0.669999999983702,529.170000000013
"0111","strong",900,30,43560741,0.339999999996508,0.639999999984866,551.919999999984
"0111","strong",900,31,43560742,0.389999999984866,0.720000000001164,555.100000000006
"0111","strong",900,32,43560743,0.350000000005821,0.610000000015134,535.299999999988
"0111","strong",900,33,43560744,0.279999999998836,0.680000000022119,548.699999999983
"0111","strong",900,34,43560745,0.279999999998836,0.649999999994179,554.00999999998
"0111","strong",900,35,43560746,0.460000000020955,0.520000000018626,550.059999999998
"0111","strong",900,36,43560747,0.230000000010477,0.720000000001164,538.449999999983
"0111","strong",900,37,43560748,0.190000000002328,0.690000000002328,551.270000000019
"0111","strong",900,38,43560749,0.35999999998603,0.670000000012806,597.99000000002
"0111","strong",900,39,43560750,0.329999999987194,0.699999999982538,588.670000000013
"0111","strong",900,40,43560751,0.399999999994179,0.580000000016298,592.389999999985
"0111","strong",900,41,43560752,0.39000000001397,0.649999999994179,595.770000000019
"0111","strong",900,42,43560753,0.350000000005821,0.660000000003492,593.690000000002
"0111","strong",900,43,43560754,0.329999999987194,0.559999999997672,591
"0111","strong",900,44,43560755,0.320000000006985,0.559999999997672,576.829999999987
"0111","strong",900,45,43560756,0.279999999998836,0.589999999996508,578.040000000008
"0111","strong",900,46,43560757,0.329999999987194,0.579999999987194,589.589999999997
"0111","strong",900,47,43560758,0.459999999991851,0.690000000002328,587.640000000014
"0111","strong",900,48,43560759,0.380000000004657,0.600000000005821,586.389999999985
"0111","strong",900,49,43560760,0.39000000001397,0.720000000001164,574.75
"0111","strong",900,50,43560761,0.410000000003492,0.670000000012806,572.329999999987
"0111","strong",900,51,43560762,0.329999999987194,0.829999999987194,575.470000000001
"0111","strong",900,52,43560763,0.429999999993015,0.720000000001164,586.669999999984
"0111","strong",900,53,43560764,0.380000000004657,0.700000000011642,578.220000000001
"0111","strong",900,54,43560765,0.330000000016298,0.690000000002328,574.570000000007
"0111","strong",900,55,43560766,0.419999999983702,0.839999999996508,588.179999999993
"0111","strong",900,56,43560767,0.450000000011642,0.829999999987194,593.420000000013
"0111","strong",900,57,43560768,0.380000000004657,0.60999999998603,593.279999999999
"0111","strong",900,58,43560769,0.330000000016298,0.519999999989523,579.399999999994
"0111","strong",900,59,43560770,0.309999999997672,0.720000000001164,575.970000000001
"0111","strong",900,60,43560771,0.369999999995343,0.580000000016298,579.98000000001
"0111","strong",900,61,43560772,0.360000000015134,0.60999999998603,587.609999999986
"0111","strong",900,62,43560773,0.339999999996508,0.64000000001397,593.070000000007
"0111","strong",900,63,43560774,0.259999999980209,0.830000000016298,596.540000000008
"0111","strong",900,64,43560775,0.35999999998603,0.649999999994179,590.419999999984
"0111","strong",900,65,43560776,0.380000000004657,0.600000000005821,606.589999999997
"0111","strong",900,66,43560777,0.480000000010477,0.570000000006985,596.360000000015
"0111","strong",900,67,43560778,0.440000000002328,0.669999999983702,580.350000000006
"0111","strong",900,68,43560779,0.440000000002328,0.520000000018626,581.779999999999
"0111","strong",900,69,43560780,0.449999999982538,0.579999999987194,590.559999999998
"0111","strong",900,70,43560781,0.300000000017462,0.589999999996508,593.229999999981
"0111","strong",900,71,43560782,0.389999999984866,0.839999999996508,571.25
"0111","strong",900,72,43560783,0.300000000017462,0.690000000002328,573.49000000002
"0111","strong",900,73,43560784,0.399999999994179,0.529999999998836,581.329999999987
"0111","strong",900,74,43560785,0.350000000005821,0.589999999996508,575.640000000014
"0111","strong",900,75,43560786,0.299999999988358,0.630000000004657,583.070000000007
"0111","strong",900,76,43560787,0.380000000004657,0.5,594.020000000019
"0111","strong",900,77,43560788,0.25,0.630000000004657,594
"0111","strong",900,78,43560789,0.490000000019791,0.529999999998836,586.899999999994
"0111","strong",900,79,43560790,0.410000000003492,0.64000000001397,596.529999999999
"0111","strong",900,80,43560791,0.619999999995343,0.5,582.880000000005
"0111","strong",900,81,43560792,0.440000000002328,0.669999999983702,597.130000000005
"0111","strong",900,82,43560793,0.309999999997672,0.520000000018626,586.589999999997
"0111","strong",900,83,43560794,0.360000000015134,0.639999999984866,592.309999999998
"0111","strong",900,84,43560795,0.329999999987194,0.610000000015134,581.559999999998
"0111","strong",900,85,43560796,0.289999999979045,0.619999999995343,590.320000000007
"0111","strong",900,86,43560797,0.389999999984866,0.649999999994179,592.170000000013
"0111","strong",900,87,43560798,0.25,0.449999999982538,580.690000000002
"0111","strong",900,88,43560799,0.410000000003492,0.660000000003492,579.770000000019
"0111","strong",900,89,43560800,0.5,0.760000000009313,583.720000000001
"0111","strong",900,90,43560801,0.389999999984866,0.799999999988358,583.440000000002
"0111","strong",900,91,43560802,0.339999999996508,0.75,575.959999999992
"0111","strong",900,92,43560803,0.429999999993015,0.60999999998603,576.489999999991
"0111","strong",900,93,43560804,0.319999999977881,0.739999999990687,576.549999999988
"0111","strong",900,94,43560805,0.380000000004657,0.720000000001164,576.25999999998
"0111","strong",900,95,43560806,0.380000000004657,0.820000000006985,604.630000000005
"0111","strong",900,96,43560807,0.360000000015134,0.549999999988358,593.390000000014
"0111","strong",900,97,43560808,0.339999999996508,0.589999999996508,589.399999999994
"0111","strong",900,98,43560809,0.299999999988358,0.589999999996508,590.330000000016
"0111","strong",900,99,43560810,0.309999999997672,0.529999999998836,581.940000000002
"0111","strong",900,100,43560811,0.489999999990687,0.519999999989523,573.98000000001
"0111","strong",900,101,43560812,0.270000000018626,0.549999999988358,572.639999999985
"0111","strong",900,102,43560813,0.270000000018626,0.660000000003492,572.609999999986
"0111","strong",900,103,43560814,0.309999999997672,0.520000000018626,570.589999999997
"0111","strong",900,104,43560815,0.309999999997672,0.720000000001164,572.010000000009
"0111","strong",900,105,43560816,0.389999999984866,0.709999999991851,571.109999999986
"0111","strong",900,106,43560817,0.269999999989523,0.589999999996508,588.639999999985
"0111","strong",900,107,43560818,0.410000000003492,0.559999999997672,579.860000000015
"0111","strong",900,108,43560819,0.339999999996508,0.639999999984866,591.350000000006
"0111","strong",900,109,43560820,0.369999999995343,0.559999999997672,578.649999999994
"0111","strong",900,110,43560821,0.289999999979045,0.610000000015134,564.889999999985
"0111","strong",900,111,43560822,0.419999999983702,0.579999999987194,567.669999999984
"0111","strong",900,112,43560823,0.330000000016298,0.700000000011642,576.239999999991
"0111","strong",900,113,43560824,0.290000000008149,0.860000000015134,584.200000000012
"0111","strong",900,114,43560825,0.410000000003492,0.619999999995343,572.399999999994
"0111","strong",900,115,43560826,0.269999999989523,0.579999999987194,571.029999999999
"0111","strong",900,116,43560827,0.389999999984866,0.769999999989523,575.190000000002
"0111","strong",900,117,43560828,0.410000000003492,0.60999999998603,579.669999999984
"0111","strong",900,118,43560829,0.410000000003492,0.630000000004657,572.839999999997
"0111","strong",900,119,43560830,0.279999999998836,0.619999999995343,575.640000000014
"0111","strong",900,120,43560831,0.410000000003492,0.85999999998603,581.339999999967
"0111","strong",900,121,43560832,0.450000000011642,0.690000000002328,577.330000000016
"0111","strong",900,122,43560833,0.299999999988358,0.650000000023283,579.550000000047
"0111","strong",900,123,43560834,0.35999999998603,0.580000000016298,566.549999999988
"0111","strong",900,124,43560835,0.309999999997672,0.5,490.23000000004
"0111","strong",900,125,43560836,0.330000000016298,0.5,487.340000000026
"0111","strong",900,126,43560837,0.279999999969732,0.64000000001397,475.429999999993
"0111","strong",900,127,43560838,0.290000000037253,0.539999999979045,469.200000000012
"0111","strong",900,128,43560839,0.330000000016298,0.539999999979045,476.640000000014
"0111","strong",900,129,43560840,0.320000000006985,0.459999999962747,480.25
"0111","strong",900,130,43560841,0.35999999998603,0.450000000011642,476.800000000047
"0111","strong",900,131,43560842,0.279999999969732,0.459999999962747,434.02999999997
"0111","strong",900,132,43560843,0.260000000009313,0.410000000032596,370.919999999984
"0111","strong",900,133,43560844,0.270000000018626,0.400000000023283,365.359999999986
"0111","strong",900,134,43560845,0.229999999981374,0.340000000025611,370
"0111","strong",900,135,43560846,0.25,0.39000000001397,368.789999999979
"0111","strong",900,136,43560847,0.239999999990687,0.450000000011642,368.050000000047
"0111","strong",900,137,43560848,0.25,0.360000000044238,356.070000000007
"0111","strong",900,138,43560849,0.229999999981374,0.399999999965075,337.989999999991
"0111","strong",900,139,43560850,0.220000000030268,0.39000000001397,339.880000000005
"0111","strong",900,140,43560851,0.209999999962747,0.460000000020955,348.429999999993
"0111","strong",900,141,43560852,0.220000000030268,0.389999999955762,332.690000000002
"0111","strong",900,142,43560853,0.21999999997206,0.339999999967404,347.109999999986
"0111","strong",900,143,43560854,0.230000000039581,0.409999999974389,347.919999999984
"0111","strong",900,144,43560855,0.200000000011642,0.369999999995343,344.390000000014
"0111","strong",900,145,43560856,0.200000000011642,0.419999999983702,350.73000000004
"0111","strong",900,146,43560857,0.229999999981374,0.35999999998603,344.5
"0111","strong",900,147,43560858,0.199999999953434,0.309999999997672,342.919999999984
"0111","strong",900,148,43560859,0.229999999981374,0.42000000004191,348.669999999984
"0111","strong",900,149,43560860,0.25,0.400000000023283,353.830000000016
"0111","strong",900,150,43560861,0.25,0.39000000001397,345.259999999951
"0111","strong",900,151,43560862,0.229999999981374,0.410000000032596,353.109999999986
"0111","strong",900,152,43560863,0.39,1.65999999999997,615.4
"0111","strong",900,153,43560864,0.439999999999941,0.730000000000018,602.02
"0111","strong",900,154,43560865,0.3900000000001,0.660000000000082,598.11
"0111","strong",900,155,43560866,0.490000000000009,0.779999999999745,607.26
"0111","strong",900,156,43560867,0.379999999999654,0.659999999999854,599.46
"0111","strong",900,157,43560868,0.400000000000091,0.7199999999998,619.47
"0111","strong",900,158,43560869,0.360000000000127,0.640000000000327,609.44
"0111","strong",900,159,43560870,0.440000000000509,0.769999999999527,615.05
"0111","strong",900,160,43560871,0.390000000000327,0.670000000000073,616.01
"0111","strong",900,161,43560872,0.300000000000182,0.699999999999818,619.299999999999
"0111","strong",900,162,43560873,0.5,0.829999999999927,618.349999999999
"0111","strong",900,163,43560874,0.419999999999163,0.630000000000109,611.77
"0111","strong",900,164,43560875,0.420000000000073,0.779999999999745,605.690000000001
"0111","strong",900,165,43560876,0.5,0.609999999998763,607.75
"0111","strong",900,166,43560877,0.31000000000131,0.75,611.360000000001
"0111","strong",900,167,43560878,0.460000000000946,0.610000000000582,620.84
"0111","strong",900,168,43560879,0.449999999998909,0.699999999998909,611.75
"0111","strong",900,169,43560880,0.450000000000728,0.829999999999927,615.640000000001
"0111","strong",900,170,43560881,0.470000000001164,0.719999999999345,609.309999999999
"0111","strong",900,171,43560882,0.389999999999418,0.610000000000582,603.6
"0111","strong",900,172,43560883,0.460000000000946,0.590000000000146,606.530000000001
"0111","strong",900,173,43560884,0.440000000000509,0.659999999999854,597.640000000001
"0111","strong",900,174,43560885,0.399999999999636,0.670000000000073,598.25
"0111","strong",900,175,43560886,0.43999999999869,0.770000000000437,610
"0111","strong",900,176,43560887,0.309999999999491,0.75,600.789999999999
"0111","strong",900,177,43560888,0.489999999999782,0.610000000000582,609
"0111","strong",900,178,43560889,0.329999999999927,0.650000000001455,600.300000000001
"0111","strong",900,179,43560890,0.299999999999272,0.709999999999127,613.509999999998
"0111","strong",900,180,43560891,0.549999999999272,0.68999999999869,607.419999999998
"0111","strong",900,181,43560892,0.409999999999854,0.75,611.049999999999
"0111","strong",900,182,43560893,0.31000000000131,0.610000000000582,587.280000000002
"0111","strong",900,183,43560894,0.379999999997381,0.740000000001601,586.25
"0111","strong",900,184,43560895,0.359999999996944,0.580000000001746,589.939999999999
"0111","strong",900,185,43560896,0.409999999999854,0.720000000001164,575.240000000002
"0111","strong",900,186,43560897,0.379999999997381,0.599999999998545,584.810000000001
"0111","strong",900,187,43560898,0.430000000000291,0.599999999998545,571.690000000002
"0111","strong",900,188,43560899,0.299999999999272,0.690000000002328,589.540000000001
"0111","strong",900,189,43560900,0.389999999999418,0.69999999999709,574.59
"0111","strong",900,190,43560901,0.369999999998981,0.670000000001892,579.200000000001
"0111","strong",900,191,43560902,0.31000000000131,0.659999999999854,578.209999999999
"0111","strong",900,192,43560903,0.419999999998254,0.659999999999854,594.220000000001
"0111","strong",900,193,43560904,0.409999999999854,0.75,593.559999999998
"0111","strong",900,194,43560905,0.389999999999418,0.740000000001601,602.700000000001
"0111","strong",900,195,43560906,0.319999999999709,0.779999999998836,582.5
"0111","strong",900,196,43560907,0.340000000000146,0.700000000000728,600.52
"0111","strong",900,197,43560908,0.389999999999418,0.669999999998254,598.759999999998
"0111","strong",900,198,43560909,0.360000000000582,0.719999999997526,587.66
"0111","strong",900,199,43560910,0.389999999999418,0.799999999999272,585.68
"0111","strong",900,200,43560911,0.359999999996944,0.620000000002619,599.280000000002
"0111","strong",900,201,43560912,0.359999999996944,0.720000000001164,594.360000000001
"0111","strong",900,202,43560913,0.369999999998981,0.619999999998981,589.169999999998
"0111","strong",900,203,43560914,0.43999999999869,0.650000000001455,590.279999999999
"0111","strong",900,204,43560915,0.360000000000582,0.68999999999869,592.610000000001
"0111","strong",900,205,43560916,0.389999999999418,0.619999999998981,584.799999999999
"0111","strong",900,206,43560917,0.340000000000146,0.720000000001164,591.560000000001
"0111","strong",900,207,43560918,0.349999999998545,0.720000000001164,594.030000000006
"0111","strong",900,208,43560919,0.310000000004948,0.67000000000553,590.779999999999
"0111","strong",900,209,43560920,0.370000000002619,0.739999999997963,593.300000000003
"0111","strong",900,210,43560921,0.360000000000582,0.669999999998254,598.860000000001
"0111","strong",900,211,43560922,0.389999999999418,0.639999999999418,603.529999999999
"0111","strong",900,212,43560923,0.360000000000582,0.709999999999127,613.199999999997
"0111","strong",900,213,43560924,0.349999999998545,0.69999999999709,590.160000000003
"0111","strong",900,214,43560925,0.359999999993306,0.639999999999418,607.019999999997
"0111","strong",900,215,43560926,0.340000000003783,0.590000000003783,595.340000000004
"0111","strong",900,216,43560927,0.360000000000582,0.690000000002328,604.279999999999
"0111","strong",900,217,43560928,0.360000000000582,0.650000000001455,601.779999999999
"0111","strong",900,218,43560929,0.400000000001455,0.610000000000582,594.650000000001
"0111","strong",900,219,43560930,0.379999999997381,0.669999999998254,600.720000000001
"0111","strong",900,220,43560931,0.349999999998545,0.680000000000291,596.189999999995
"0111","strong",900,221,43560932,0.330000000001746,0.730000000003201,597.489999999998
"0111","strong",900,222,43560933,0.370000000002619,0.840000000003783,588.639999999999
"0111","strong",900,223,43560934,0.360000000000582,0.680000000000291,592.330000000002
"0111","strong",900,224,43560935,0.409999999996217,0.569999999999709,599.340000000004
"0111","strong",900,225,43560936,0.309999999997672,0.730000000003201,588.639999999999
"0111","strong",900,226,43560937,0.360000000000582,0.669999999998254,594.560000000005
"0111","strong",900,227,43560938,0.360000000000582,0.730000000003201,592.220000000001
"0111","strong",900,228,43560939,0.370000000002619,0.650000000001455,602.359999999993
"0111","strong",900,229,43560940,0.410000000003492,0.589999999996508,588.870000000003
"0111","strong",900,230,43560941,0.349999999998545,0.69999999999709,589.389999999999
"0111","strong",900,231,43560942,0.459999999999127,0.669999999998254,583.299999999996
"0111","strong",900,232,43560943,0.379999999997381,0.669999999998254,590.279999999999
"0111","strong",900,233,43560944,0.389999999999418,0.75,596.019999999997
"0111","strong",900,234,43560945,0.400000000001455,0.540000000000873,583.190000000002
"0111","strong",900,235,43560946,0.379999999997381,0.660000000003492,591.220000000001
"0111","strong",900,236,43560947,0.419999999998254,0.599999999998545,591.129999999997
"0111","strong",900,237,43560948,0.389999999999418,0.589999999996508,591.580000000002
"0111","strong",900,238,43560949,0.310000000004948,0.639999999999418,582.099999999999
"0111","strong",900,239,43560950,0.360000000000582,0.69999999999709,586.389999999999
"0111","strong",900,240,43560951,0.360000000000582,0.709999999999127,599.260000000002
"0111","strong",900,241,43560952,0.389999999999418,0.75,595.160000000003
"0111","strong",900,242,43560953,0.360000000000582,0.700000000004366,598.599999999999
"0111","strong",900,243,43560954,0.290000000000873,0.57999999999447,587.349999999999
"0111","strong",900,244,43560955,0.299999999995634,0.75,588.940000000002
"0111","strong",900,245,43560956,0.349999999998545,0.610000000000582,575.030000000006
"0111","strong",900,246,43560957,0.330000000001746,0.709999999999127,594.690000000002
"0111","strong",900,247,43560958,0.400000000001455,0.629999999997381,584.200000000004
"0111","strong",900,248,43560959,0.330000000001746,0.629999999997381,572.349999999999
"0111","strong",900,249,43560960,0.5,0.610000000000582,585.810000000005
"0111","strong",900,250,43560961,0.339999999996508,0.650000000001455,591.629999999997
"0111","strong",900,251,43560962,0.30000000000291,0.840000000003783,587.339999999997
"0111","strong",900,252,43560963,0.409999999996217,0.690000000002328,577.559999999998
"0111","strong",900,253,43560964,0.330000000001746,0.590000000003783,584.75
"0111","strong",900,254,43560965,0.370000000002619,0.559999999997672,578.410000000003
"0111","strong",900,255,43560966,0.450000000004366,0.610000000000582,578.790000000001
"0111","strong",900,256,43560967,0.389999999999418,0.69999999999709,581.75
"0111","strong",900,257,43560968,0.340000000003783,0.540000000000873,578.25
"0111","strong",900,258,43560969,0.330000000001746,0.639999999999418,590.449999999997
"0111","strong",900,259,43560970,0.319999999999709,0.720000000001164,578.329999999994
"0111","strong",900,260,43560971,0.309999999997672,0.639999999999418,584.110000000001
"0111","strong",900,261,43560972,0.340000000003783,0.660000000003492,599.799999999996
"0111","strong",900,262,43560973,0.360000000000582,0.639999999999418,597.159999999989
"0111","strong",900,263,43560974,0.389999999999418,0.75,588.25
"0111","strong",900,264,43560975,0.309999999997672,0.559999999997672,577.889999999999
"0111","strong",900,265,43560976,0.289999999993597,0.649999999994179,581.770000000004
"0111","strong",900,266,43560977,0.389999999999418,0.759999999994761,576.25
"0111","strong",900,267,43560978,0.30000000000291,0.690000000002328,580.380000000005
"0111","strong",900,268,43560979,0.360000000000582,0.470000000001164,592.220000000001
"0111","strong",900,269,43560980,0.279999999998836,0.729999999995925,578.660000000003
"0111","strong",900,270,43560981,0.35999999998603,0.589999999996508,593.190000000002
"0111","strong",900,271,43560982,0.340000000011059,0.669999999998254,564.62000000001
"0111","strong",900,272,43560983,0.389999999999418,0.809999999997672,576.470000000001
"0111","strong",900,273,43560984,0.350000000005821,0.669999999998254,576.390000000014
"0111","strong",900,274,43560985,0.369999999995343,0.660000000003492,578.419999999998
"0111","strong",900,275,43560986,0.440000000002328,0.529999999998836,584
"0111","strong",900,276,43560987,0.350000000005821,0.75,570.449999999997
"0111","strong",900,277,43560988,0.350000000005821,0.669999999998254,577
"0111","strong",900,278,43560989,0.420000000012806,0.75,566.419999999998
"0111","strong",900,279,43560990,0.369999999995343,0.610000000000582,579.810000000012
"0111","strong",900,280,43560991,0.39000000001397,0.55000000000291,585.860000000001
"0111","strong",900,281,43560992,0.380000000004657,0.559999999997672,585.839999999997
"0111","strong",900,282,43560993,0.330000000001746,0.660000000003492,579.059999999998
"0111","strong",900,283,43560994,0.25,0.520000000004075,595.460000000006
"0111","strong",900,284,43560995,0.350000000005821,0.690000000002328,580.560000000012
"0111","strong",900,285,43560996,0.389999999999418,0.680000000007567,575.810000000012
"0111","strong",900,286,43560997,0.420000000012806,0.729999999995925,577.639999999999
"0111","strong",900,287,43560998,0.279999999998836,0.75,573.970000000001
"0111","strong",900,288,43560999,0.290000000008149,0.620000000009895,571.75
"0111","strong",900,289,43561000,0.340000000011059,0.729999999995925,586.990000000005
"0111","strong",900,290,43561001,0.460000000006403,0.579999999987194,581.830000000002
"0111","strong",900,291,43561002,0.349999999991269,0.75,585.529999999999
"0111","strong",900,292,43561003,0.360000000000582,0.639999999999418,572.470000000001
"0111","strong",900,293,43561004,0.309999999997672,0.590000000011059,588.670000000013
"0111","strong",900,294,43561005,0.389999999999418,0.5,586.010000000009
"0111","strong",900,295,43561006,0.339999999996508,0.659999999988941,582.559999999998
"0111","strong",900,296,43561007,0.330000000001746,0.649999999994179,583.389999999999
"0111","strong",900,297,43561008,0.389999999999418,0.720000000001164,591.350000000006
"0111","strong",900,298,43561009,0.320000000006985,0.660000000003492,587.280000000013
"0111","strong",900,299,43561010,0.270000000004075,0.610000000000582,567.860000000001
"0111","strong",900,300,43561011,0.30000000000291,0.589999999996508,579.619999999995
"1011","strong",900,1,53560712,0.369999999995343,2.63999999999942,623.560000000012
"1011","strong",900,2,53560713,0.410000000003492,2.68999999998778,637.759999999995
"1011","strong",900,3,53560714,0.339999999996508,2.55999999999767,645.970000000001
"1011","strong",900,4,53560715,0.340000000011059,2.75,614.589999999997
"1011","strong",900,5,53560716,0.399999999994179,2.57000000000698,612.479999999996
"1011","strong",900,6,53560717,0.389999999999418,2.75,619.920000000013
"1011","strong",900,7,53560718,0.309999999997672,2.56999999999243,608.919999999998
"1011","strong",900,8,53560719,0.379999999990105,2.55000000000291,627.039999999994
"1011","strong",900,9,53560720,0.419999999998254,2.5,615.009999999995
"1011","strong",900,10,53560721,0.389999999999418,2.59000000001106,628.479999999996
"1011","strong",900,11,53560722,0.330000000001746,2.67000000001281,622.190000000002
"1011","strong",900,12,53560723,0.410000000003492,2.46999999998661,624.860000000001
"1011","strong",900,13,53560724,0.399999999994179,2.5,638.420000000013
"1011","strong",900,14,53560725,0.440000000002328,2.77999999999884,626.450000000012
"1011","strong",900,15,53560726,0.389999999999418,2.52000000000407,637.75
"1011","strong",900,16,53560727,0.389999999999418,2.63000000000466,624.800000000003
"1011","strong",900,17,53560728,0.379999999990105,2.49000000000524,652.910000000003
"1011","strong",900,18,53560729,0.330000000001746,2.64999999999418,647.590000000011
"1011","strong",900,19,53560730,0.389999999999418,2.67000000001281,640.690000000002
"1011","strong",900,20,53560731,0.419999999998254,2.58000000000175,648.190000000002
"1011","strong",900,21,53560732,0.399999999994179,2.47999999999593,653.209999999992
"1011","strong",900,22,53560733,0.389999999999418,2.5399999999936,635.830000000002
"1011","strong",900,23,53560734,0.269999999989523,2.42999999999302,618.540000000008
"1011","strong",900,24,53560735,0.329999999987194,2.5,640
"1011","strong",900,25,53560736,0.340000000011059,2.51000000000931,636.949999999997
"1011","strong",900,26,53560737,0.440000000002328,2.63999999999942,617.25
"1011","strong",900,27,53560738,0.340000000011059,2.99000000000524,615.380000000005
"1011","strong",900,28,53560739,0.349999999991269,2.70999999999185,624.37999999999
"1011","strong",900,29,53560740,0.360000000000582,2.33999999999651,631.760000000009
"1011","strong",900,30,53560741,0.360000000000582,2.38000000000466,628.319999999992
"1011","strong",900,31,53560742,0.419999999998254,2.63999999999942,648.5
"1011","strong",900,32,53560743,0.389999999999418,2.72000000000116,626.720000000001
"1011","strong",900,33,53560744,0.309999999997672,2.64999999999418,621.919999999998
"1011","strong",900,34,53560745,0.370000000009895,2.53000000001339,614.939999999988
"1011","strong",900,35,53560746,0.320000000006985,2.47999999999593,616.279999999999
"1011","strong",900,36,53560747,0.389999999999418,2.75,632.570000000007
"1011","strong",900,37,53560748,0.369999999995343,2.58999999999651,630.520000000004
"1011","strong",900,38,53560749,0.490000000005239,2.77999999999884,637.389999999999
"1011","strong",900,39,53560750,0.330000000001746,2.82000000000698,633.099999999991
"1011","strong",900,40,53560751,0.55000000000291,2.52999999999884,633.660000000003
"1011","strong",900,41,53560752,0.479999999995925,2.75,643.330000000002
"1011","strong",900,42,53560753,0.349999999991269,2.44999999999709,622.399999999994
"1011","strong",900,43,53560754,0.410000000003492,2.58999999999651,619.789999999994
"1011","strong",900,44,53560755,0.360000000000582,2.83000000000175,639.729999999996
"1011","strong",900,45,53560756,0.389999999999418,3.0399999999936,637.320000000007
"1011","strong",900,46,53560757,0.339999999996508,3.08000000000175,633.37000000001
"1011","strong",900,47,53560758,0.5,2.47000000000116,630.279999999999
"1011","strong",900,48,53560759,0.44999999999709,2.52999999999884,639.470000000001
"1011","strong",900,49,53560760,0.329999999987194,2.50999999999476,667.029999999999
"1011","strong",900,50,53560761,0.520000000004075,2.43999999998778,637.25
"1011","strong",900,51,53560762,0.379999999990105,2.49000000000524,623.369999999995
"1011","strong",900,52,53560763,0.430000000007567,2.47000000000116,619.490000000005
"1011","strong",900,53,53560764,0.310000000012224,2.5,638.790000000008
"1011","strong",900,54,53560765,0.360000000000582,2.52999999999884,625.889999999999
"1011","strong",900,55,53560766,0.379999999990105,2.79000000000815,648.119999999995
"1011","strong",900,56,53560767,0.360000000000582,2.52999999999884,619.389999999999
"1011","strong",900,57,53560768,0.339999999996508,3.1299999999901,632.790000000008
"1011","strong",900,58,53560769,0.440000000002328,2.72000000000116,632.649999999994
"1011","strong",900,59,53560770,0.330000000001746,2.52000000000407,623
"1011","strong",900,60,53560771,0.409999999988941,2.51999999998952,620.029999999999
"1011","strong",900,61,53560772,0.339999999996508,2.5,664.149999999994
"1011","strong",900,62,53560773,0.429999999993015,2.64999999999418,622.330000000002
"1011","strong",900,63,53560774,0.329999999987194,2.67999999999302,620.48000000001
"1011","strong",900,64,53560775,0.419999999998254,2.47000000000116,623.639999999999
"1011","strong",900,65,53560776,0.5,2.63999999999942,630.970000000001
"1011","strong",900,66,53560777,0.410000000003492,2.5,640.780000000013
"1011","strong",900,67,53560778,0.350000000005821,2.59000000001106,618.440000000002
"1011","strong",900,68,53560779,0.329999999987194,2.77000000001863,637.979999999996
"1011","strong",900,69,53560780,0.470000000001164,2.72999999998137,635.529999999999
"1011","strong",900,70,53560781,0.369999999995343,2.5,636
"1011","strong",900,71,53560782,0.410000000003492,2.64000000001397,640.970000000001
"1011","strong",900,72,53560783,0.360000000015134,2.73000000001048,625.5
"1011","strong",900,73,53560784,0.339999999996508,2.54999999998836,648.220000000001
"1011","strong",900,74,53560785,0.339999999996508,2.98000000001048,637.200000000012
"1011","strong",900,75,53560786,0.350000000005821,2.70000000001164,637.709999999992
"1011","strong",900,76,53560787,0.410000000003492,2.63999999998487,626.369999999995
"1011","strong",900,77,53560788,0.399999999994179,2.82999999998719,636.279999999999
"1011","strong",900,78,53560789,0.39000000001397,2.6699999999837,626.309999999998
"1011","strong",900,79,53560790,0.319999999977881,2.4199999999837,637.380000000005
"1011","strong",900,80,53560791,0.35999999998603,2.51000000000931,648.199999999983
"1011","strong",900,81,53560792,0.360000000015134,2.38000000000466,625.26999999999
"1011","strong",900,82,53560793,0.399999999994179,2.5,626.540000000008
"1011","strong",900,83,53560794,0.449999999982538,2.67999999999302,615.149999999994
"1011","strong",900,84,53560795,0.389999999984866,2.61999999999534,620.660000000003
"1011","strong",900,85,53560796,0.380000000004657,2.27999999999884,625.330000000016
"1011","strong",900,86,53560797,0.309999999997672,2.47000000000116,634.160000000003
"1011","strong",900,87,53560798,0.330000000016298,2.76000000000931,632.209999999992
"1011","strong",900,88,53560799,0.35999999998603,2.28999999997905,632.170000000013
"1011","strong",900,89,53560800,0.350000000005821,2.69000000000233,639.220000000001
"1011","strong",900,90,53560801,0.319999999977881,2.52000000001863,633.119999999995
"1011","strong",900,91,53560802,0.389999999984866,2.44999999998254,609.550000000017
"1011","strong",900,92,53560803,0.35999999998603,2.52000000001863,606.26999999999
"1011","strong",900,93,53560804,0.369999999995343,2.61000000001513,631.670000000013
"1011","strong",900,94,53560805,0.440000000002328,2.69000000000233,618.399999999994
"1011","strong",900,95,53560806,0.369999999995343,2.69000000000233,616.839999999997
"1011","strong",900,96,53560807,0.329999999987194,3.08999999999651,632.320000000007
"1011","strong",900,97,53560808,0.440000000002328,2.86000000001513,626
"1011","strong",900,98,53560809,0.290000000008149,2.64000000001397,632.420000000013
"1011","strong",900,99,53560810,0.39000000001397,2.98000000001048,636.910000000003
"1011","strong",900,100,53560811,0.299999999988358,2.78999999997905,629.529999999999
"1011","strong",900,101,53560812,0.330000000016298,2.63000000000466,627.559999999998
"1011","strong",900,102,53560813,0.339999999996508,2.97000000000116,626.829999999987
"1011","strong",900,103,53560814,0.329999999987194,2.55999999999767,640.050000000017
"1011","strong",900,104,53560815,0.339999999996508,2.47999999998137,643.299999999988
"1011","strong",900,105,53560816,0.320000000006985,2.61999999999534,639.860000000015
"1011","strong",900,106,53560817,0.440000000002328,2.85999999998603,619.669999999984
"1011","strong",900,107,53560818,0.330000000016298,2.75,633.199999999983
"1011","strong",900,108,53560819,0.529999999998836,2.80000000001746,627.830000000016
"1011","strong",900,109,53560820,0.479999999981374,3.10999999998603,627.919999999984
"1011","strong",900,110,53560821,0.410000000003492,2.80999999999767,620.419999999984
"1011","strong",900,111,53560822,0.579999999987194,2.5800000000163,649.610000000015
"1011","strong",900,112,53560823,0.289999999979045,2.92000000001281,643.029999999999
"1011","strong",900,113,53560824,0.449999999982538,3.08999999999651,626.949999999983
"1011","strong",900,114,53560825,0.279999999998836,2.26000000000931,623.919999999984
"1011","strong",900,115,53560826,0.339999999996508,2.80000000001746,634.609999999986
"1011","strong",900,116,53560827,0.419999999983702,2.36999999999534,623.809999999998
"1011","strong",900,117,53560828,0.419999999983702,2.8300000000163,618.229999999981
"1011","strong",900,118,53560829,0.470000000001164,2.42999999999302,609.149999999994
"1011","strong",900,119,53560830,0.330000000016298,3.32999999998719,610.410000000003
"1011","strong",900,120,53560831,0.399999999994179,2.63999999998487,621.270000000019
"1011","strong",900,121,53560832,0.549999999988358,3,611.779999999999
"1011","strong",900,122,53560833,0.360000000015134,2.70999999999185,633.220000000001
"1011","strong",900,123,53560834,0.369999999995343,2.58999999999651,630.790000000008
"1011","strong",900,124,53560835,0.470000000001164,2.5800000000163,647.430000000022
"1011","strong",900,125,53560836,0.35999999998603,2.61999999999534,650.23000000001
"1011","strong",900,126,53560837,0.430000000022119,2.88999999998487,628.369999999995
"1011","strong",900,127,53560838,0.459999999991851,3.22000000000116,654.329999999987
"1011","strong",900,128,53560839,0.450000000011642,3.1699999999837,624.420000000013
"1011","strong",900,129,53560840,0.330000000016298,2.66000000000349,645.73000000001
"1011","strong",900,130,53560841,0.429999999993015,2.89000000001397,601.5
"1011","strong",900,131,53560842,0.449999999982538,2.57000000000698,624.139999999985
"1011","strong",900,132,53560843,0.470000000001164,2.70999999999185,620.660000000003
"1011","strong",900,133,53560844,0.369999999995343,2.42000000001281,648.130000000005
"1011","strong",900,134,53560845,0.369999999995343,2.5,633.720000000001
"1011","strong",900,135,53560846,0.350000000005821,2.57999999998719,625.5
"1011","strong",900,136,53560847,0.35999999998603,2.47000000000116,636.860000000015
"1011","strong",900,137,53560848,0.35999999998603,2.44000000000233,642
"1011","strong",900,138,53560849,0.290000000008149,2.5,630.700000000012
"1011","strong",900,139,53560850,0.399999999994179,2.44000000000233,645.080000000016
"1011","strong",900,140,53560851,0.289999999979045,2.76000000000931,646.170000000013
"1011","strong",900,141,53560852,0.39000000001397,2.51000000000931,631.829999999987
"1011","strong",900,142,53560853,0.39000000001397,2.39999999999418,627.630000000005
"1011","strong",900,143,53560854,0.339999999996508,2.61999999999534,644.589999999997
"1011","strong",900,144,53560855,0.35999999998603,2.61000000001513,636.930000000022
"1011","strong",900,145,53560856,0.350000000005821,2.36999999999534,635.279999999999
"1011","strong",900,146,53560857,0.399999999994179,2.57999999998719,645.25
"1011","strong",900,147,53560858,0.339999999996508,2.63999999998487,635.359999999986
"1011","strong",900,148,53560859,0.440000000002328,2.69999999998254,615.389999999985
"1011","strong",900,149,53560860,0.330000000016298,2.6699999999837,620.669999999984
"1011","strong",900,150,53560861,0.430000000022119,2.51999999998952,636.910000000003
"1011","strong",900,151,53560862,0.380000000004657,2.60000000000582,626.479999999981
"1011","strong",900,152,53560863,0.389999999984866,2.69999999998254,621.839999999997
"1011","strong",900,153,53560864,0.320000000006985,2.73999999999069,627.440000000002
"1011","strong",900,154,53560865,0.380000000004657,2.60000000000582,649.450000000012
"1011","strong",900,155,53560866,0.440000000002328,2.58999999999651,636.5
"1011","strong",900,156,53560867,0.419999999983702,2.5,647
"1011","strong",900,157,53560868,0.480000000010477,2.58999999999651,646.660000000003
"1011","strong",900,158,53560869,0.360000000015134,2.75,611.76999999999
"1011","strong",900,159,53560870,0.35999999998603,2.5800000000163,643.109999999986
"1011","strong",900,160,53560871,0.380000000004657,2.52999999999884,629.75
"1011","strong",900,161,53560872,0.35999999998603,2.5,617.790000000008
"1011","strong",900,162,53560873,0.35999999998603,2.54000000000815,633.889999999985
"1011","strong",900,163,53560874,0.470000000001164,2.5,629.889999999985
"1011","strong",900,164,53560875,0.329999999987194,2.69000000000233,636.110000000015
"1011","strong",900,165,53560876,0.399999999994179,2.72999999998137,628.890000000014
"1011","strong",900,166,53560877,0.369999999995343,2.72000000000116,633.360000000015
"1011","strong",900,167,53560878,0.450000000011642,2.38999999998487,627.669999999984
"1011","strong",900,168,53560879,0.330000000016298,2.36999999999534,627.639999999985
"1011","strong",900,169,53560880,0.380000000004657,2.47000000000116,650.339999999997
"1011","strong",900,170,53560881,0.39000000001397,3.04000000000815,625.010000000009
"1011","strong",900,171,53560882,0.380000000004657,2.58999999999651,629.389999999985
"1011","strong",900,172,53560883,0.329999999987194,2.60000000000582,639.869999999995
"1011","strong",900,173,53560884,0.329999999987194,2.42000000001281,639.109999999986
"1011","strong",900,174,53560885,0.399999999994179,2.54999999998836,633
"1011","strong",900,175,53560886,0.39000000001397,2.6699999999837,653.799999999988
"1011","strong",900,176,53560887,0.419999999983702,2.63000000000466,628.589999999997
"1011","strong",900,177,53560888,0.35999999998603,2.60000000000582,652.390000000014
"1011","strong",900,178,53560889,0.440000000002328,2.48999999999069,625.75
"1011","strong",900,179,53560890,0.35999999998603,2.55999999999767,649.139999999985
"1011","strong",900,180,53560891,0.35999999998603,2.60999999998603,634.160000000003
"1011","strong",900,181,53560892,0.360000000015134,2.61999999999534,627.720000000001
"1011","strong",900,182,53560893,0.330000000016298,2.42000000001281,606.299999999988
"1011","strong",900,183,53560894,0.330000000016298,2.54999999998836,580.540000000008
"1011","strong",900,184,53560895,0.389999999984866,2.33999999999651,588.470000000001
"1011","strong",900,185,53560896,0.430000000022119,2.77999999999884,593.5
"1011","strong",900,186,53560897,0.339999999996508,2.22999999998137,561.830000000016
"1011","strong",900,187,53560898,0.449999999982538,2.44000000000233,573.869999999995
"1011","strong",900,188,53560899,0.339999999996508,2.32000000000698,581.640000000014
"1011","strong",900,189,53560900,0.410000000003492,2.75,589.360000000015
"1011","strong",900,190,53560901,0.35999999998603,2.39999999999418,568.429999999993
"1011","strong",900,191,53560902,0.35999999998603,2.22000000000116,579.630000000005
"1011","strong",900,192,53560903,0.309999999997672,2.4199999999837,559.679999999993
"1011","strong",900,193,53560904,0.350000000005821,2.42000000001281,575.130000000005
"1011","strong",900,194,53560905,0.239999999990687,2.36999999999534,566.470000000001
"1011","strong",900,195,53560906,0.309999999997672,2.5800000000163,562.869999999995
"1011","strong",900,196,53560907,0.410000000003492,3.14999999999418,586.390000000014
"1011","strong",900,197,53560908,0.329999999987194,2.64999999999418,578.549999999988
"1011","strong",900,198,53560909,0.39000000001397,2.14999999999418,588.550000000017
"1011","strong",900,199,53560910,0.399999999994179,2.45999999999185,589.520000000019
"1011","strong",900,200,53560911,0.369999999995343,2.51999999998952,638.040000000008
"1011","strong",900,201,53560912,0.320000000006985,2.58999999999651,629.589999999997
"1011","strong",900,202,53560913,0.350000000005821,2.63000000000466,633.850000000006
"1011","strong",900,203,53560914,0.39000000001397,2.69000000000233,657.779999999999
"1011","strong",900,204,53560915,0.350000000005821,2.47000000000116,633.25
"1011","strong",900,205,53560916,0.429999999993015,2.86000000001513,639.74000000002
"1011","strong",900,206,53560917,0.399999999994179,2.63000000000466,634.279999999999
"1011","strong",900,207,53560918,0.399999999994179,2.66000000000349,627.059999999998
"1011","strong",900,208,53560919,0.299999999988358,2.30999999999767,630.260000000009
"1011","strong",900,209,53560920,0.299999999988358,2.89000000001397,632.319999999978
"1011","strong",900,210,53560921,0.399999999994179,2.54000000000815,643.039999999979
"1011","strong",900,211,53560922,0.35999999998603,2.58999999999651,643.330000000016
"1011","strong",900,212,53560923,0.329999999987194,2.83999999999651,624.760000000009
"1011","strong",900,213,53560924,0.39000000001397,2.79999999998836,644.859999999986
"1011","strong",900,214,53560925,0.360000000015134,2.89999999999418,613.309999999998
"1011","strong",900,215,53560926,0.339999999996508,2.45999999999185,633.350000000006
"1011","strong",900,216,53560927,0.440000000002328,2.6699999999837,628
"1011","strong",900,217,53560928,0.39000000001397,2.5800000000163,615.050000000017
"1011","strong",900,218,53560929,0.459999999991851,2.44000000000233,658.260000000009
"1011","strong",900,219,53560930,0.369999999995343,2.60999999998603,639.869999999995
"1011","strong",900,220,53560931,0.450000000011642,2.74000000001979,613.149999999994
"1011","strong",900,221,53560932,0.290000000008149,2.55000000001746,641.690000000002
"1011","strong",900,222,53560933,0.309999999997672,2.35000000000582,636.470000000001
"1011","strong",900,223,53560934,0.410000000003492,2.63999999998487,659.320000000007
"1011","strong",900,224,53560935,0.449999999982538,2.5,649.49000000002
"1011","strong",900,225,53560936,0.410000000003492,2.72000000000116,633.799999999988
"1011","strong",900,226,53560937,0.369999999995343,2.5,647.679999999993
"1011","strong",900,227,53560938,0.420000000012806,2.58999999999651,642.779999999999
"1011","strong",900,228,53560939,0.419999999983702,2.46000000002095,636.710000000021
"1011","strong",900,229,53560940,0.399999999994179,2.36999999999534,626.25
"1011","strong",900,230,53560941,0.300000000017462,2.97000000000116,631.75
"1011","strong",900,231,53560942,0.360000000015134,2.55999999999767,616.910000000003
"1011","strong",900,232,53560943,0.39000000001397,2.54999999998836,623.690000000002
"1011","strong",900,233,53560944,0.320000000006985,2.92999999999302,634.940000000002
"1011","strong",900,234,53560945,0.470000000001164,2.95999999999185,646.529999999999
"1011","strong",900,235,53560946,0.479999999981374,2.85000000000582,677.380000000005
"1011","strong",900,236,53560947,0.440000000002328,2.70000000001164,649.630000000005
"1011","strong",900,237,53560948,0.300000000017462,3.05999999999767,625
"1011","strong",900,238,53560949,0.5,2.64999999999418,627.369999999995
"1011","strong",900,239,53560950,0.320000000006985,2.8300000000163,646.989999999991
"1011","strong",900,240,53560951,0.470000000001164,2.75,633.420000000013
"1011","strong",900,241,53560952,0.360000000015134,2.77999999999884,635.360000000015
"1011","strong",900,242,53560953,0.399999999994179,2.83999999999651,643.390000000014
"1011","strong",900,243,53560954,0.369999999995343,2.94000000000233,630.369999999995
"1011","strong",900,244,53560955,0.380000000004657,2.51999999998952,662.760000000009
"1011","strong",900,245,53560956,0.520000000018626,2.69000000000233,643.660000000003
"1011","strong",900,246,53560957,0.35999999998603,2.86000000001513,645.76999999999
"1011","strong",900,247,53560958,0.290000000008149,2.58999999999651,621.5
"1011","strong",900,248,53560959,0.389999999984866,2.60999999998603,628.799999999988
"1011","strong",900,249,53560960,0.35999999998603,2.91000000000349,634.220000000001
"1011","strong",900,250,53560961,0.420000000012806,2.45000000001164,621.5
"1011","strong",900,251,53560962,0.419999999983702,2.74000000001979,631.339999999997
"1011","strong",900,252,53560963,0.509999999980209,2.57000000000698,648.910000000003
"1011","strong",900,253,53560964,0.510000000009313,2.70000000001164,649
"1011","strong",900,254,53560965,0.339999999996508,2.75,624.140000000014
"1011","strong",900,255,53560966,0.5,2.67000000001281,608.01999999999
"1011","strong",900,256,53560967,0.420000000012806,2.75,628.51999999999
"1011","strong",900,257,53560968,0.380000000004657,2.64000000001397,618.529999999999
"1011","strong",900,258,53560969,0.470000000001164,2.58999999999651,626.550000000017
"1011","strong",900,259,53560970,0.299999999988358,2.54000000000815,630.709999999992
"1011","strong",900,260,53560971,0.330000000016298,2.58999999999651,620.720000000001
"1011","strong",900,261,53560972,0.489999999990687,2.47000000000116,625.660000000003
"1011","strong",900,262,53560973,0.279999999998836,2.83999999999651,627
"1011","strong",900,263,53560974,0.320000000006985,2.44000000000233,618.860000000015
"1011","strong",900,264,53560975,0.410000000003492,2.72000000000116,626.190000000002
"1011","strong",900,265,53560976,0.529999999998836,2.88999999998487,620.169999999984
"1011","strong",900,266,53560977,0.339999999996508,3.11999999999534,641.049999999988
"1011","strong",900,267,53560978,0.399999999994179,2.55000000001746,616.059999999998
"1011","strong",900,268,53560979,0.369999999995343,2.69000000000233,611.309999999998
"1011","strong",900,269,53560980,0.399999999994179,2.64000000001397,617.710000000021
"1011","strong",900,270,53560981,0.380000000004657,2.35000000000582,633.089999999997
"1011","strong",900,271,53560982,0.279999999998836,2.36000000001513,613.070000000007
"1011","strong",900,272,53560983,0.470000000001164,2.77999999999884,623.809999999998
"1011","strong",900,273,53560984,0.279999999998836,2.73000000001048,630.300000000017
"1011","strong",900,274,53560985,0.339999999996508,2.50999999998021,615.579999999987
"1011","strong",900,275,53560986,0.470000000001164,2.46999999997206,624.110000000015
"1011","strong",900,276,53560987,0.320000000006985,2.40999999997439,616.890000000014
"1011","strong",900,277,53560988,0.64000000001397,2.85000000003492,614.880000000005
"1011","strong",900,278,53560989,0.470000000030268,2.79999999998836,611.070000000007
"1011","strong",900,279,53560990,0.340000000025611,2.19000000000233,554.570000000007
"1011","strong",900,280,53560991,0.25,2.23000000003958,510.98000000004
"1011","strong",900,281,53560992,0.299999999988358,2.30999999999767,521.170000000042
"1011","strong",900,282,53560993,0.25,2.05999999999767,522.329999999958
"1011","strong",900,283,53560994,0.35999999998603,2.1699999999837,519.890000000014
"1011","strong",900,284,53560995,0.300000000046566,2.19000000000233,528.190000000002
"1011","strong",900,285,53560996,0.28000000002794,2.09000000002561,520.27999999997
"1011","strong",900,286,53560997,0.309999999997672,1.94999999995343,450.049999999988
"1011","strong",900,287,53560998,0.259999999951106,1.78999999997905,383.690000000002
"1011","strong",900,288,53560999,0.220000000030268,1.94000000000233,397.169999999984
"1011","strong",900,289,53561000,0.25,1.88000000000466,400.419999999984
"1011","strong",900,290,53561001,0.25,1.89000000001397,398.309999999998
"1011","strong",900,291,53561002,0.25,1.90000000002328,391.469999999972
"1011","strong",900,292,53561003,0.229999999981374,1.82999999995809,363.919999999984
"1011","strong",900,293,53561004,0.239999999990687,1.75,374.340000000026
"1011","strong",900,294,53561005,0.229999999981374,1.88999999995576,362.390000000014
"1011","strong",900,295,53561006,0.25,1.85999999998603,364.140000000014
"1011","strong",900,296,53561007,0.220000000030268,1.92000000004191,384.109999999986
"1011","strong",900,297,53561008,0.25,1.88000000000466,377.390000000014
"1011","strong",900,298,53561009,0.21999999997206,1.85999999998603,388.239999999991
"1011","strong",900,299,53561010,0.279999999969732,1.88000000000466,375.419999999984
"1011","strong",900,300,53561011,0.229999999981374,1.9199999999837,379.860000000044
"1111","realistic",900,1,34560712,0.270000000018626,2.60999999998603,363.580000000016
"1111","realistic",900,2,34560713,0.159999999974389,2.71000000002095,362.890000000014
"1111","realistic",900,3,34560714,0.33,5.20999999999992,606.32
"1111","realistic",900,4,34560715,0.230000000000018,4.34999999999991,619.03
"1111","realistic",900,5,34560716,0.309999999999945,4.54999999999995,615.47
"1111","realistic",900,6,34560717,0.380000000000109,4.57999999999993,634.99
"1111","realistic",900,7,34560718,0.239999999999782,4.57000000000016,643.71
"1111","realistic",900,8,34560719,0.2800000000002,4.06999999999971,646.05
"1111","realistic",900,9,34560720,0.2800000000002,4.39000000000033,640.14
"1111","realistic",900,10,34560721,0.289999999999964,4.27999999999975,668.73
"1111","realistic",900,11,34560722,0.3100000000004,4.68000000000029,688.79
"1111","realistic",900,12,34560723,0.360000000000582,3.98999999999978,662.38
"1111","realistic",900,13,34560724,0.210000000000036,4.58999999999924,660.32
"1111","realistic",900,14,34560725,0.260000000000218,4.23999999999978,619.280000000001
"1111","realistic",900,15,34560726,0.3700000000008,3.91000000000167,630.629999999999
"1111","realistic",900,16,34560727,0.190000000000509,4.02000000000044,634.18
"1111","realistic",900,17,34560728,0.290000000000873,4.47999999999956,624.949999999999
"1111","realistic",900,18,34560729,0.25,4.17000000000007,620.440000000001
"1111","realistic",900,19,34560730,0.229999999999563,4.18000000000029,628.690000000001
"1111","realistic",900,20,34560731,0.25,3.97999999999956,623.380000000001
"1111","realistic",900,21,34560732,0.260000000000218,4.20999999999913,616.389999999999
"1111","realistic",900,22,34560733,0.269999999998618,4.45000000000073,619.139999999999
"1111","realistic",900,23,34560734,0.25,4.26000000000022,610.25
"1111","realistic",900,24,34560735,0.220000000001164,4.01000000000022,614.459999999999
"1111","realistic",900,25,34560736,0.239999999999782,4.27999999999884,614.5
"1111","realistic",900,26,34560737,0.229999999999563,4.42000000000007,615.280000000001
"1111","realistic",900,27,34560738,0.270000000000437,4.36999999999898,628.530000000001
"1111","realistic",900,28,34560739,0.25,4.20999999999913,614.01
"1111","realistic",900,29,34560740,0.290000000000873,4.54999999999927,609.220000000001
"1111","realistic",900,30,34560741,0.299999999999272,4.06000000000131,605.98
"1111","realistic",900,31,34560742,0.239999999997963,3.93999999999869,611.060000000001
"1111","realistic",900,32,34560743,0.260000000002037,3.78000000000247,612.59
"1111","realistic",900,33,34560744,0.31000000000131,4.77999999999884,603.09
"1111","realistic",900,34,34560745,0.25,4.06999999999971,583.43
"1111","realistic",900,35,34560746,0.279999999998836,4.26000000000204,583.220000000001
"1111","realistic",900,36,34560747,0.25,4.5,579.329999999998
"1111","realistic",900,37,34560748,0.25,4.45000000000073,585.809999999998
"1111","realistic",900,38,34560749,0.18999999999869,4.36000000000058,592.029999999999
"1111","realistic",900,39,34560750,0.239999999997963,4.20999999999913,616.079999999998
"1111","realistic",900,40,34560751,0.25,4.26000000000204,597.760000000002
"1111","realistic",900,41,34560752,0.260000000002037,4.30000000000291,604.970000000001
"1111","realistic",900,42,34560753,0.229999999999563,4.35000000000218,594.690000000002
"1111","realistic",900,43,34560754,0.270000000000437,4.40000000000146,606.240000000002
"1111","realistic",900,44,34560755,0.25,3.90999999999985,582.639999999999
"1111","realistic",900,45,34560756,0.349999999998545,3.71999999999753,600.360000000001
"1111","realistic",900,46,34560757,0.279999999998836,4.40999999999985,592.969999999998
"1111","realistic",900,47,34560758,0.260000000002037,4.33000000000175,608.119999999999
"1111","realistic",900,48,34560759,0.25,4.33000000000175,604.299999999999
"1111","realistic",900,49,34560760,0.25,4.2599999999984,600.879999999997
"1111","realistic",900,50,34560761,0.219999999997526,4.05000000000291,616.66
"1111","realistic",900,51,34560762,0.270000000000437,3.95000000000073,651.41
"1111","realistic",900,52,34560763,0.280000000002474,4.07999999999811,601.099999999999
"1111","realistic",900,53,34560764,0.279999999998836,4.06999999999971,599.559999999998
"1111","realistic",900,54,34560765,0.279999999998836,3.94000000000233,605.389999999999
"1111","realistic",900,55,34560766,0.25,3.95999999999913,592.349999999999
"1111","realistic",900,56,34560767,0.309999999997672,3.83000000000175,614.349999999999
"1111","realistic",900,57,34560768,0.25,3.90999999999622,597.610000000001
"1111","realistic",900,58,34560769,0.239999999997963,3.77000000000407,608.970000000001
"1111","realistic",900,59,34560770,0.290000000000873,3.7699999999968,591.029999999999
"1111","realistic",900,60,34560771,0.269999999996799,4.12000000000262,596.690000000002
"1111","realistic",900,61,34560772,0.299999999995634,4.02999999999884,597.889999999999
"1111","realistic",900,62,34560773,0.25,4.16999999999825,603.280000000006
"1111","realistic",900,63,34560774,0.279999999998836,3.93000000000029,601.780000000006
"1111","realistic",900,64,34560775,0.220000000001164,4.07999999999447,620.549999999996
"1111","realistic",900,65,34560776,0.25,4.34999999999854,618.110000000001
"1111","realistic",900,66,34560777,0.230000000003201,4.29000000000087,620.650000000001
"1111","realistic",900,67,34560778,0.220000000001164,3.96999999999389,598.169999999998
"1111","realistic",900,68,34560779,0.139999999999418,4.11000000000058,594.669999999998
"1111","realistic",900,69,34560780,0.309999999997672,4.08000000000175,589.159999999996
"1111","realistic",900,70,34560781,0.269999999996799,4.37000000000262,598.519999999997
"1111","realistic",900,71,34560782,0.269999999996799,4.11000000000058,604.409999999996
"1111","realistic",900,72,34560783,0.25,4.18000000000029,617.829999999994
"1111","realistic",900,73,34560784,0.269999999996799,4.45000000000437,588.029999999999
"1111","realistic",900,74,34560785,0.269999999996799,3.52999999999884,592.75
"1111","realistic",900,75,34560786,0.220000000001164,4.25,605.75
"1111","realistic",900,76,34560787,0.25,4.08000000000175,595.739999999998
"1111","realistic",900,77,34560788,0.230000000003201,4.58000000000175,598
"1111","realistic",900,78,34560789,0.200000000004366,4.40000000000146,613.029999999999
"1111","realistic",900,79,34560790,0.220000000001164,3.87000000000262,613.940000000002
"1111","realistic",900,80,34560791,0.239999999997963,3.88999999999942,595.610000000001
"1111","realistic",900,81,34560792,0.200000000004366,3.79000000000087,600.589999999997
"1111","realistic",900,82,34560793,0.25,3.94000000000233,608.279999999999
"1111","realistic",900,83,34560794,0.239999999997963,4.23999999999796,651.720000000001
"1111","realistic",900,84,34560795,0.220000000001164,4.2300000000032,602.330000000002
"1111","realistic",900,85,34560796,0.279999999998836,4.33000000000175,605.139999999999
"1111","realistic",900,86,34560797,0.260000000002037,4.27999999999884,649.07
"1111","realistic",900,87,34560798,0.229999999995925,4.25,600.389999999999
"1111","realistic",900,88,34560799,0.25,3.88999999999942,588.389999999999
"1111","realistic",900,89,34560800,0.230000000003201,3.79999999999563,620.010000000002
"1111","realistic",900,90,34560801,0.180000000000291,4.26000000000204,631.279999999999
"1111","realistic",900,91,34560802,0.269999999996799,4.04000000000087,595.110000000001
"1111","realistic",900,92,34560803,0.139999999999418,3.95999999999913,601.370000000003
"1111","realistic",900,93,34560804,0.25,4.12000000000262,615.620000000003
"1111","realistic",900,94,34560805,0.239999999997963,4.22000000000116,582.589999999997
"1111","realistic",900,95,34560806,0.230000000003201,4.2300000000032,594.75
"1111","realistic",900,96,34560807,0.19999999999709,4.01000000000204,601.260000000002
"1111","realistic",900,97,34560808,0.25,4.11000000000058,601.110000000001
"1111","realistic",900,98,34560809,0.270000000004075,4.01000000000204,610.129999999997
"1111","realistic",900,99,34560810,0.220000000001164,4.31000000000495,598.110000000001
"1111","realistic",900,100,34560811,0.319999999999709,3.86999999999534,591.729999999996
"1111","realistic",900,101,34560812,0.229999999995925,4.40000000000146,603.5
"1111","realistic",900,102,34560813,0.190000000002328,4.09000000000378,594.029999999999
"1111","realistic",900,103,34560814,0.209999999999127,4.34000000000378,597.239999999998
"1111","realistic",900,104,34560815,0.220000000001164,4.26000000000204,597.529999999999
"1111","realistic",900,105,34560816,0.290000000000873,4.12000000000262,590.310000000005
"1111","realistic",900,106,34560817,0.230000000003201,4.06000000000495,592.07
"1111","realistic",900,107,34560818,0.19999999999709,4.42000000000553,611.830000000002
"1111","realistic",900,108,34560819,0.269999999996799,3.81999999999971,590.790000000001
"1111","realistic",900,109,34560820,0.220000000001164,4.14999999999418,598.190000000002
"1111","realistic",900,110,34560821,0.330000000001746,3.95000000001164,590.5
"1111","realistic",900,111,34560822,0.169999999998254,4.06999999999243,592.800000000003
"1111","realistic",900,112,34560823,0.25,3.86000000000058,608.540000000008
"1111","realistic",900,113,34560824,0.380000000004657,4.27000000000407,601.700000000012
"1111","realistic",900,114,34560825,0.279999999998836,4.05000000000291,597.610000000001
"1111","realistic",900,115,34560826,0.19999999999709,4.5,606.009999999995
"1111","realistic",900,116,34560827,0.30000000000291,4.55999999999767,606.889999999999
"1111","realistic",900,117,34560828,0.30000000000291,4.02000000000407,614.139999999999
"1111","realistic",900,118,34560829,0.260000000009313,4.25999999999476,583.660000000003
"1111","realistic",900,119,34560830,0.25,4.05999999999767,589.580000000002
"1111","realistic",900,120,34560831,0.19999999999709,4.58999999999651,579.539999999994
"1111","realistic",900,121,34560832,0.290000000008149,3.86000000000058,582.929999999993
"1111","realistic",900,122,34560833,0.210000000006403,4.22000000000116,601.940000000002
"1111","realistic",900,123,34560834,0.280000000013388,4.39000000001397,597.849999999991
"1111","realistic",900,124,34560835,0.190000000002328,4.13999999999942,593.549999999988
"1111","realistic",900,125,34560836,0.25,4.18000000000757,606.110000000001
"1111","realistic",900,126,34560837,0.220000000001164,4.19000000000233,583.739999999991
"1111","realistic",900,127,34560838,0.25,4.11000000000058,592.080000000002
"1111","realistic",900,128,34560839,0.310000000012224,3.94000000000233,587.139999999999
"1111","realistic",900,129,34560840,0.279999999998836,4.05000000000291,596.990000000005
"1111","realistic",900,130,34560841,0.259999999994761,4.11000000000058,609.349999999991
"1111","realistic",900,131,34560842,0.210000000006403,4.30999999999767,590.25
"1111","realistic",900,132,34560843,0.229999999995925,4.25,622.800000000003
"1111","realistic",900,133,34560844,0.19999999999709,4.18000000000757,611.330000000002
"1111","realistic",900,134,34560845,0.190000000002328,4.27999999999884,580.639999999999
"1111","realistic",900,135,34560846,0.240000000005239,4.22000000000116,600.770000000004
"1111","realistic",900,136,34560847,0.240000000005239,4.11000000000058,597.690000000002
"1111","realistic",900,137,34560848,0.259999999994761,3.84000000001106,584.229999999996
"1111","realistic",900,138,34560849,0.220000000001164,4.13999999999942,649.559999999998
"1111","realistic",900,139,34560850,0.219999999986612,3.94000000000233,593.110000000001
"1111","realistic",900,140,34560851,0.25,4.26999999998952,595.139999999999
"1111","realistic",900,141,34560852,0.279999999998836,4.11000000000058,582.440000000002
"1111","realistic",900,142,34560853,0.229999999995925,4.13999999999942,585.660000000003
"1111","realistic",900,143,34560854,0.25,4.47000000000116,625.309999999998
"1111","realistic",900,144,34560855,0.290000000008149,4.20999999999185,591.430000000008
"1111","realistic",900,145,34560856,0.289999999993597,4.55999999999767,601.449999999997
"1111","realistic",900,146,34560857,0.19999999999709,4.47000000000116,601.940000000002
"1111","realistic",900,147,34560858,0.190000000002328,4.20000000001164,593.119999999995
"1111","realistic",900,148,34560859,0.25,3.79000000000815,631.48000000001
"1111","realistic",900,149,34560860,0.279999999998836,3.83000000000175,591.339999999997
"1111","realistic",900,150,34560861,0.229999999995925,4.23999999999069,609.209999999992
"1111","realistic",900,151,34560862,0.190000000002328,4.30999999999767,593.320000000007
"1111","realistic",900,152,34560863,0.239999999990687,4.07999999998719,595.389999999999
"1111","realistic",900,153,34560864,0.219999999986612,4.29999999998836,590.530000000013
"1111","realistic",900,154,34560865,0.279999999998836,4.52999999999884,592.940000000002
"1111","realistic",900,155,34560866,0.279999999998836,3.96999999998661,606.440000000002
"1111","realistic",900,156,34560867,0.309999999997672,4.13000000000466,632.410000000003
"1111","realistic",900,157,34560868,0.25,4.34999999999127,609.669999999998
"1111","realistic",900,158,34560869,0.270000000004075,3.91999999999825,605.350000000006
"1111","realistic",900,159,34560870,0.220000000001164,4.11000000000058,601.360000000001
"1111","realistic",900,160,34560871,0.220000000001164,3.93000000000757,632.98000000001
"1111","realistic",900,161,34560872,0.30000000000291,3.97000000000116,591.26999999999
"1111","realistic",900,162,34560873,0.290000000008149,4.27999999999884,613.069999999992
"1111","realistic",900,163,34560874,0.330000000001746,4.30999999999767,611.779999999999
"1111","realistic",900,164,34560875,0.25,3.70999999999185,611.050000000003
"1111","realistic",900,165,34560876,0.260000000009313,4.11000000000058,612.029999999999
"1111","realistic",900,166,34560877,0.209999999991851,3.95000000001164,589.079999999987
"1111","realistic",900,167,34560878,0.290000000008149,3.94999999999709,603.919999999998
"1111","realistic",900,168,34560879,0.25,4.55000000000291,600.279999999999
"1111","realistic",900,169,34560880,0.279999999998836,4,590.579999999987
"1111","realistic",900,170,34560881,0.210000000006403,3.89999999999418,585.51999999999
"1111","realistic",900,171,34560882,0.25,4.40000000000873,626.559999999998
"1111","realistic",900,172,34560883,0.409999999988941,4.11000000000058,585.330000000002
"1111","realistic",900,173,34560884,0.25,4.11999999999534,597.889999999999
"1111","realistic",900,174,34560885,0.179999999993015,4.13999999999942,612.729999999996
"1111","realistic",900,175,34560886,0.299999999988358,4.44000000000233,590.259999999995
"1111","realistic",900,176,34560887,0.190000000002328,4.27999999999884,597.389999999999
"1111","realistic",900,177,34560888,0.280000000013388,4.05000000000291,585.210000000006
"1111","realistic",900,178,34560889,0.320000000006985,4.08999999999651,595.919999999998
"1111","realistic",900,179,34560890,0.229999999995925,3.8700000000099,612.430000000008
"1111","realistic",900,180,34560891,0.30000000000291,4.19000000000233,609.190000000002
"1111","realistic",900,181,34560892,0.270000000004075,4.09999999999127,582.580000000002
"1111","realistic",900,182,34560893,0.230000000010477,3.98999999999069,592.87000000001
"1111","realistic",900,183,34560894,0.219999999986612,4.25,593.330000000002
"1111","realistic",900,184,34560895,0.209999999991851,4.34000000001106,596.130000000005
"1111","realistic",900,185,34560896,0.239999999990687,4.04000000000815,595.080000000002
"1111","realistic",900,186,34560897,0.270000000004075,4.02000000000407,609.360000000001
"1111","realistic",900,187,34560898,0.25,4.5,594.430000000008
"1111","realistic",900,188,34560899,0.309999999997672,3.92999999999302,620.589999999997
"1111","realistic",900,189,34560900,0.279999999998836,3.86999999999534,610.740000000005
"1111","realistic",900,190,34560901,0.229999999995925,4.36000000000058,618.450000000012
"1111","realistic",900,191,34560902,0.210000000006403,4.19000000000233,599.489999999991
"1111","realistic",900,192,34560903,0.240000000005239,3.75,601.100000000006
"1111","realistic",900,193,34560904,0.25,4.44000000000233,613.699999999997
"1111","realistic",900,194,34560905,0.25,4.67999999999302,600.009999999995
"1111","realistic",900,195,34560906,0.270000000004075,4.2899999999936,638.490000000005
"1111","realistic",900,196,34560907,0.19999999999709,4.25,597.300000000003
"1111","realistic",900,197,34560908,0.229999999995925,4.13000000000466,619.62000000001
"1111","realistic",900,198,34560909,0.220000000001164,4.27999999999884,602.330000000002
"1111","realistic",900,199,34560910,0.160000000003492,4.41999999999825,611.080000000002
"1111","realistic",900,200,34560911,0.25,4.30999999999767,598.279999999999
"1111","realistic",900,201,34560912,0.270000000004075,4.15999999998894,601.059999999998
"1111","realistic",900,202,34560913,0.279999999998836,4.51999999998952,611.589999999997
"1111","realistic",900,203,34560914,0.339999999996508,4.19999999999709,595.739999999991
"1111","realistic",900,204,34560915,0.25,4.02999999999884,613.810000000012
"1111","realistic",900,205,34560916,0.25,4.11999999999534,612.389999999999
"1111","realistic",900,206,34560917,0.259999999994761,4.01999999998952,610.200000000012
"1111","realistic",900,207,34560918,0.210000000006403,4.13000000000466,607.009999999995
"1111","realistic",900,208,34560919,0.220000000001164,4.19000000000233,602.790000000008
"1111","realistic",900,209,34560920,0.229999999995925,4.42000000001281,601.320000000007
"1111","realistic",900,210,34560921,0.259999999994761,3.66000000000349,599.280000000013
"1111","realistic",900,211,34560922,0.19999999999709,4.22000000000116,599.149999999994
"1111","realistic",900,212,34560923,0.240000000005239,3.80999999999767,592.970000000001
"1111","realistic",900,213,34560924,0.190000000002328,4.02000000000407,592.489999999991
"1111","realistic",900,214,34560925,0.220000000001164,4.22999999999593,596.529999999999
"1111","realistic",900,215,34560926,0.25,4.05999999999767,596.75
"1111","realistic",900,216,34560927,0.25,4,599.610000000001
"1111","realistic",900,217,34560928,0.240000000005239,3.92000000001281,617.010000000009
"1111","realistic",900,218,34560929,0.279999999998836,4.36999999999534,601.139999999985
"1111","realistic",900,219,34560930,0.200000000011642,4.44000000000233,617.170000000013
"1111","realistic",900,220,34560931,0.270000000018626,4.41000000000349,606.950000000012
"1111","realistic",900,221,34560932,0.200000000011642,4.13999999998487,594.920000000013
"1111","realistic",900,222,34560933,0.270000000018626,4.27999999999884,585.069999999978
"1111","realistic",900,223,34560934,0.300000000017462,4.55999999999767,583.389999999985
"1111","realistic",900,224,34560935,0.270000000018626,3.83999999999651,612.329999999987
"1111","realistic",900,225,34560936,0.279999999998836,4.22000000000116,607.260000000009
"1111","realistic",900,226,34560937,0.190000000002328,3.92999999999302,593.959999999992
"1111","realistic",900,227,34560938,0.299999999988358,4.44000000000233,607.869999999995
"1111","realistic",900,228,34560939,0.269999999989523,4.13000000000466,592.679999999993
"1111","realistic",900,229,34560940,0.229999999981374,3.91000000000349,605.709999999992
"1111","realistic",900,230,34560941,0.309999999997672,4.38000000000466,598.079999999987
"1111","realistic",900,231,34560942,0.299999999988358,4.72999999998137,587.050000000017
"1111","realistic",900,232,34560943,0.279999999998836,3.98000000001048,596.309999999998
"1111","realistic",900,233,34560944,0.279999999998836,4.07000000000698,608.00999999998
"1111","realistic",900,234,34560945,0.279999999998836,4.16000000000349,596.01999999999
"1111","realistic",900,235,34560946,0.220000000001164,3.86000000001513,602.559999999998
"1111","realistic",900,236,34560947,0.25,4.01999999998952,596.470000000001
"1111","realistic",900,237,34560948,0.300000000017462,4.25,593.75999999998
"1111","realistic",900,238,34560949,0.269999999989523,3.83999999999651,598.380000000005
"1111","realistic",900,239,34560950,0.220000000001164,4.11000000001513,628.119999999995
"1111","realistic",900,240,34560951,0.279999999998836,4.38000000000466,610.050000000017
"1111","realistic",900,241,34560952,0.320000000006985,3.80999999999767,594.559999999998
"1111","realistic",900,242,34560953,0.309999999997672,4.02999999999884,602.989999999991
"1111","realistic",900,243,34560954,0.309999999997672,4.02999999999884,601.800000000017
"1111","realistic",900,244,34560955,0.229999999981374,4.07999999998719,606.729999999981
"1111","realistic",900,245,34560956,0.389999999984866,3.89000000001397,624.639999999985
"1111","realistic",900,246,34560957,0.220000000001164,3.61000000001513,598.580000000016
"1111","realistic",900,247,34560958,0.25,4,614.020000000019
"1111","realistic",900,248,34560959,0.220000000001164,3.75,585.390000000014
"1111","realistic",900,249,34560960,0.190000000002328,3.55000000001746,601.630000000005
"1111","realistic",900,250,34560961,0.199999999982538,3.75,585.600000000006
"1111","realistic",900,251,34560962,0.290000000008149,3.82000000000698,588.76999999999
"1111","realistic",900,252,34560963,0.35999999998603,3.72999999998137,593.610000000015
"1111","realistic",900,253,34560964,0.209999999991851,4.24000000001979,592.549999999988
"1111","realistic",900,254,34560965,0.25,3.85999999998603,599.700000000012
"1111","realistic",900,255,34560966,0.25,4.47000000000116,579.809999999998
"1111","realistic",900,256,34560967,0.210000000020955,4.25,602.98000000001
"1111","realistic",900,257,34560968,0.190000000002328,3.55999999999767,585.070000000007
"1111","realistic",900,258,34560969,0.230000000010477,3.83999999999651,602.169999999984
"1111","realistic",900,259,34560970,0.220000000001164,3.79999999998836,605.829999999987
"1111","realistic",900,260,34560971,0.25,3.94999999998254,597.559999999998
"1111","realistic",900,261,34560972,0.190000000002328,4.47000000000116,615.309999999998
"1111","realistic",900,262,34560973,0.259999999980209,4.30999999999767,599.279999999999
"1111","realistic",900,263,34560974,0.279999999998836,4.17000000001281,604.110000000015
"1111","realistic",900,264,34560975,0.290000000008149,3.95999999999185,599.450000000012
"1111","realistic",900,265,34560976,0.239999999990687,4.19999999998254,600.640000000014
"1111","realistic",900,266,34560977,0.199999999982538,4.10999999998603,606.529999999999
"1111","realistic",900,267,34560978,0.209999999991851,3.54999999998836,584.5
"1111","realistic",900,268,34560979,0.239999999990687,4.22000000000116,601.899999999994
"1111","realistic",900,269,34560980,0.290000000008149,3.83999999999651,573.75
"1111","realistic",900,270,34560981,0.209999999991851,4.05999999999767,586.419999999984
"1111","realistic",900,271,34560982,0.329999999987194,3.73000000001048,582.329999999987
"1111","realistic",900,272,34560983,0.200000000011642,4.47000000000116,584.130000000005
"1111","realistic",900,273,34560984,0.300000000017462,3.88999999998487,590.149999999994
"1111","realistic",900,274,34560985,0.330000000016298,4.33999999999651,582.089999999997
"1111","realistic",900,275,34560986,0.190000000002328,3.91000000000349,614.160000000003
"1111","realistic",900,276,34560987,0.279999999998836,3.79999999998836,593.899999999994
"1111","realistic",900,277,34560988,0.270000000018626,4.36000000001513,601.119999999995
"1111","realistic",900,278,34560989,0.220000000001164,4.05999999999767,597.220000000001
"1111","realistic",900,279,34560990,0.239999999990687,4.25,596.299999999988
"1111","realistic",900,280,34560991,0.240000000019791,4.38000000000466,605.200000000012
"1111","realistic",900,281,34560992,0.209999999991851,4.27999999999884,600.770000000019
"1111","realistic",900,282,34560993,0.260000000009313,4.04999999998836,603.830000000016
"1111","realistic",900,283,34560994,0.230000000010477,3.54999999998836,606.290000000008
"1111","realistic",900,284,34560995,0.330000000016298,4.44000000000233,603.709999999992
"1111","realistic",900,285,34560996,0.200000000011642,4.05999999999767,589.25
"1111","realistic",900,286,34560997,0.230000000010477,4.47000000000116,603.51999999999
"1111","realistic",900,287,34560998,0.309999999997672,4.29000000000815,598.339999999997
"1111","realistic",900,288,34560999,0.290000000008149,4.30000000001746,593.410000000003
"1111","realistic",900,289,34561000,0.290000000008149,4.02999999999884,603.520000000019
"1111","realistic",900,290,34561001,0.230000000010477,3.98000000001048,615.790000000008
"1111","realistic",900,291,34561002,0.25,3.97000000000116,596.059999999998
"1111","realistic",900,292,34561003,0.279999999998836,4.02999999999884,600.970000000001
"1111","realistic",900,293,34561004,0.179999999993015,4.27999999999884,603.649999999994
"1111","realistic",900,294,34561005,0.270000000018626,4.07000000000698,606.050000000017
"1111","realistic",900,295,34561006,0.289999999979045,4.05999999999767,601.430000000022
"1111","realistic",900,296,34561007,0.279999999998836,4,605.050000000017
"1111","realistic",900,297,34561008,0.299999999988358,3.75,595.430000000022
"1111","realistic",900,298,34561009,0.170000000012806,4.04999999998836,609.649999999994
"1111","realistic",900,299,34561010,0.289999999979045,4.16000000000349,605.98000000001
"1111","realistic",900,300,34561011,0.25,4.23000000001048,589.470000000001
"0111","realistic",900,1,44560712,0.309999999997672,0.75,603.529999999999
"0111","realistic",900,2,44560713,0.25,0.759999999980209,598.190000000002
"0111","realistic",900,3,44560714,0.25,0.709999999991851,621.309999999998
"0111","realistic",900,4,44560715,0.199999999982538,0.699999999982538,604.850000000006
"0111","realistic",900,5,44560716,0.279999999998836,0.779999999998836,591.190000000002
"0111","realistic",900,6,44560717,0.260000000009313,0.64000000001397,605.529999999999
"0111","realistic",900,7,44560718,0.209999999991851,0.559999999997672,664.600000000006
"0111","realistic",900,8,44560719,0.270000000018626,0.579999999987194,607.5
"0111","realistic",900,9,44560720,0.279999999998836,0.630000000004657,613.25999999998
"0111","realistic",900,10,44560721,0.25,0.64000000001397,595.23000000001
"0111","realistic",900,11,44560722,0.220000000001164,0.720000000001164,607.959999999992
"0111","realistic",900,12,44560723,0.300000000017462,0.639999999984866,598.290000000008
"0111","realistic",900,13,44560724,0.309999999997672,0.64000000001397,609.24000000002
"0111","realistic",900,14,44560725,0.25,0.660000000003492,595.260000000009
"0111","realistic",900,15,44560726,0.259999999980209,0.669999999983702,605.25999999998
"0111","realistic",900,16,44560727,0.300000000017462,0.720000000001164,597.889999999985
"0111","realistic",900,17,44560728,0.269999999989523,0.660000000003492,589.5
"0111","realistic",900,18,44560729,0.269999999989523,0.740000000019791,612.570000000007
"0111","realistic",900,19,44560730,0.220000000001164,0.660000000003492,598.799999999988
"0111","realistic",900,20,44560731,0.25,0.699999999982538,597.48000000001
"0111","realistic",900,21,44560732,0.240000000019791,0.700000000011642,596.520000000019
"0111","realistic",900,22,44560733,0.260000000009313,0.660000000003492,587.660000000003
"0111","realistic",900,23,44560734,0.270000000018626,0.670000000012806,607.529999999999
"0111","realistic",900,24,44560735,0.220000000001164,0.729999999981374,596.440000000002
"0111","realistic",900,25,44560736,0.239999999990687,0.75,595.140000000014
"0111","realistic",900,26,44560737,0.230000000010477,0.700000000011642,603.5
"0111","realistic",900,27,44560738,0.240000000019791,0.649999999994179,609.720000000001
"0111","realistic",900,28,44560739,0.220000000001164,0.669999999983702,583.260000000009
"0111","realistic",900,29,44560740,0.279999999998836,0.60999999998603,614.910000000003
"0111","realistic",900,30,44560741,0.299999999988358,0.630000000004657,597.390000000014
"0111","realistic",900,31,44560742,0.290000000008149,0.559999999997672,602.529999999999
"0111","realistic",900,32,44560743,0.279999999998836,0.60999999998603,604.190000000002
"0111","realistic",900,33,44560744,0.279999999998836,0.690000000002328,603.73000000001
"0111","realistic",900,34,44560745,0.220000000001164,0.660000000003492,619.270000000019
"0111","realistic",900,35,44560746,0.299999999988358,0.579999999987194,581.830000000016
"0111","realistic",900,36,44560747,0.300000000017462,0.649999999994179,586.899999999994
"0111","realistic",900,37,44560748,0.309999999997672,0.470000000001164,582.00999999998
"0111","realistic",900,38,44560749,0.190000000002328,0.60999999998603,545.309999999998
"0111","realistic",900,39,44560750,0.270000000018626,0.649999999994179,537.809999999998
"0111","realistic",900,40,44560751,0.229999999981374,0.539999999979045,562.149999999994
"0111","realistic",900,41,44560752,0.279999999998836,0.559999999997672,554.720000000001
"0111","realistic",900,42,44560753,0.25,0.549999999988358,556.050000000017
"0111","realistic",900,43,44560754,0.160000000003492,0.35999999998603,560.089999999997
"0111","realistic",900,44,44560755,0.25,0.64000000001397,552.589999999997
"0111","realistic",900,45,44560756,0.25,0.5,552.669999999984
"0111","realistic",900,46,44560757,0.239999999990687,0.570000000006985,540.959999999992
"0111","realistic",900,47,44560758,0.220000000001164,0.559999999997672,534.179999999993
"0111","realistic",900,48,44560759,0.160000000003492,0.64000000001397,558.890000000014
"0111","realistic",900,49,44560760,0.190000000002328,0.320000000006985,554.390000000014
"0111","realistic",900,50,44560761,0.279999999998836,0.5,533.190000000002
"0111","realistic",900,51,44560762,0.230000000010477,0.770000000018626,544.839999999997
"0111","realistic",900,52,44560763,0.220000000001164,0.670000000012806,554.300000000017
"0111","realistic",900,53,44560764,0.139999999984866,0.529999999998836,546.26999999999
"0111","realistic",900,54,44560765,0.25,0.740000000019791,528.76999999999
"0111","realistic",900,55,44560766,0.209999999991851,0.600000000005821,539.5
"0111","realistic",900,56,44560767,0.240000000019791,0.619999999995343,603.040000000008
"0111","realistic",900,57,44560768,0.230000000010477,0.700000000011642,590.25
"0111","realistic",900,58,44560769,0.230000000010477,0.580000000016298,618.440000000002
"0111","realistic",900,59,44560770,0.209999999991851,0.75,613.23000000001
"0111","realistic",900,60,44560771,0.25,0.700000000011642,597.160000000003
"0111","realistic",900,61,44560772,0.25,0.690000000002328,614.25
"0111","realistic",900,62,44560773,0.220000000001164,0.639999999984866,610.649999999994
"0111","realistic",900,63,44560774,0.200000000011642,0.64000000001397,598.649999999994
"0111","realistic",900,64,44560775,0.320000000006985,0.579999999987194,601.470000000001
"0111","realistic",900,65,44560776,0.220000000001164,0.610000000015134,583.829999999987
"0111","realistic",900,66,44560777,0.309999999997672,0.580000000016298,599.320000000007
"0111","realistic",900,67,44560778,0.230000000010477,0.600000000005821,586.529999999999
"0111","realistic",900,68,44560779,0.220000000001164,0.699999999982538,603.919999999984
"0111","realistic",900,69,44560780,0.339999999996508,0.799999999988358,599.700000000012
"0111","realistic",900,70,44560781,0.320000000006985,0.720000000001164,587.359999999986
"0111","realistic",900,71,44560782,0.209999999991851,0.630000000004657,605.190000000002
"0111","realistic",900,72,44560783,0.260000000009313,0.75,589.529999999999
"0111","realistic",900,73,44560784,0.200000000011642,0.580000000016298,607.309999999998
"0111","realistic",900,74,44560785,0.260000000009313,0.75,597.440000000002
"0111","realistic",900,75,44560786,0.239999999990687,0.619999999995343,613.26999999999
"0111","realistic",900,76,44560787,0.309999999997672,0.559999999997672,628.110000000015
"0111","realistic",900,77,44560788,0.330000000016298,0.679999999993015,594.670000000013
"0111","realistic",900,78,44560789,0.290000000008149,0.710000000020955,587.399999999994
"0111","realistic",900,79,44560790,0.229999999981374,0.669999999983702,607.449999999983
"0111","realistic",900,80,44560791,0.289999999979045,0.699999999982538,597.220000000001
"0111","realistic",900,81,44560792,0.369999999995343,0.5,613.059999999998
"0111","realistic",900,82,44560793,0.269999999989523,0.60999999998603,606.449999999983
"0111","realistic",900,83,44560794,0.279999999998836,0.64000000001397,594.680000000022
"0111","realistic",900,84,44560795,0.269999999989523,0.639999999984866,593.169999999984
"0111","realistic",900,85,44560796,0.259999999980209,0.729999999981374,602.149999999994
"0111","realistic",900,86,44560797,0.270000000018626,0.580000000016298,597.179999999993
"0111","realistic",900,87,44560798,0.330000000016298,0.739999999990687,615.859999999986
"0111","realistic",900,88,44560799,0.329999999987194,0.670000000012806,585.800000000017
"0111","realistic",900,89,44560800,0.220000000001164,0.670000000012806,587.440000000002
"0111","realistic",900,90,44560801,0.230000000010477,0.549999999988358,605.779999999999
"0111","realistic",900,91,44560802,0.290000000008149,0.679999999993015,584.859999999986
"0111","realistic",900,92,44560803,0.229999999981374,0.589999999996508,595.110000000015
"0111","realistic",900,93,44560804,0.350000000005821,0.570000000006985,597.389999999985
"0111","realistic",900,94,44560805,0.320000000006985,0.720000000001164,603.049999999988
"0111","realistic",900,95,44560806,0.25,0.649999999994179,615.23000000001
"0111","realistic",900,96,44560807,0.199999999982538,0.660000000003492,599.169999999984
"0111","realistic",900,97,44560808,0.209999999991851,0.779999999998836,595.080000000016
"0111","realistic",900,98,44560809,0.200000000011642,0.690000000002328,602.049999999988
"0111","realistic",900,99,44560810,0.240000000019791,0.510000000009313,605.970000000001
"0111","realistic",900,100,44560811,0.220000000001164,0.829999999987194,597.570000000007
"0111","realistic",900,101,44560812,0.260000000009313,0.579999999987194,647.070000000007
"0111","realistic",900,102,44560813,0.220000000001164,0.639999999984866,618.619999999995
"0111","realistic",900,103,44560814,0.139999999984866,0.589999999996508,597.139999999985
"0111","realistic",900,104,44560815,0.190000000002328,0.619999999995343,616.520000000019
"0111","realistic",900,105,44560816,0.169999999983702,0.759999999980209,609.910000000003
"0111","realistic",900,106,44560817,0.25,0.669999999983702,600.720000000001
"0111","realistic",900,107,44560818,0.25,0.559999999997672,615.679999999993
"0111","realistic",900,108,44560819,0.279999999998836,0.64000000001397,581.209999999992
"0111","realistic",900,109,44560820,0.220000000001164,0.690000000002328,596.639999999985
"0111","realistic",900,110,44560821,0.369999999995343,0.600000000005821,615.360000000015
"0111","realistic",900,111,44560822,0.240000000019791,0.589999999996508,610.020000000019
"0111","realistic",900,112,44560823,0.330000000016298,0.600000000005821,596.690000000002
"0111","realistic",900,113,44560824,0.199999999982538,0.660000000003492,624.720000000001
"0111","realistic",900,114,44560825,0.240000000019791,0.679999999993015,592.799999999988
"0111","realistic",900,115,44560826,0.25,0.730000000010477,590.970000000001
"0111","realistic",900,116,44560827,0.220000000001164,0.60999999998603,583.779999999999
"0111","realistic",900,117,44560828,0.330000000016298,0.600000000005821,580.950000000012
"0111","realistic",900,118,44560829,0.239999999990687,0.610000000015134,591.339999999997
"0111","realistic",900,119,44560830,0.300000000017462,0.600000000005821,603.720000000001
"0111","realistic",900,120,44560831,0.209999999991851,0.5,608.899999999994
"0111","realistic",900,121,44560832,0.330000000016298,0.64000000001397,586.039999999979
"0111","realistic",900,122,44560833,0.25,0.649999999994179,594.139999999985
"0111","realistic",900,123,44560834,0.410000000003492,0.5,603.910000000003
"0111","realistic",900,124,44560835,0.190000000002328,0.619999999995343,590.919999999984
"0111","realistic",900,125,44560836,0.190000000002328,0.589999999996508,584.529999999999
"0111","realistic",900,126,44560837,0.179999999993015,0.799999999988358,599.130000000005
"0111","realistic",900,127,44560838,0.220000000001164,0.5,584.119999999995
"0111","realistic",900,128,44560839,0.170000000012806,0.679999999993015,604.859999999986
"0111","realistic",900,129,44560840,0.139999999984866,0.519999999989523,582.419999999984
"0111","realistic",900,130,44560841,0.300000000017462,0.570000000006985,596.790000000008
"0111","realistic",900,131,44560842,0.190000000002328,0.75,622.760000000009
"0111","realistic",900,132,44560843,0.160000000003492,0.690000000002328,607.600000000006
"0111","realistic",900,133,44560844,0.220000000001164,0.529999999998836,581.98000000001
"0111","realistic",900,134,44560845,0.220000000001164,0.730000000010477,588.319999999978
"0111","realistic",900,135,44560846,0.210000000020955,0.800000000017462,616.869999999995
"0111","realistic",900,136,44560847,0.149999999994179,0.779999999969732,592.110000000015
"0111","realistic",900,137,44560848,0.210000000020955,0.580000000016298,589.140000000014
"0111","realistic",900,138,44560849,0.200000000011642,0.470000000030268,606.090000000026
"0111","realistic",900,139,44560850,0.169999999983702,0.709999999962747,583.559999999998
"0111","realistic",900,140,44560851,0.260000000009313,0.5,509
"0111","realistic",900,141,44560852,0.21999999997206,0.449999999953434,499.119999999995
"0111","realistic",900,142,44560853,0.200000000011642,0.60999999998603,517.479999999981
"0111","realistic",900,143,44560854,0.190000000002328,0.580000000016298,494.530000000028
"0111","realistic",900,144,44560855,0.200000000011642,0.449999999953434,480.089999999967
"0111","realistic",900,145,44560856,0.190000000002328,0.429999999993015,500.219999999972
"0111","realistic",900,146,44560857,0.199999999953434,0.480000000039581,476.590000000026
"0111","realistic",900,147,44560858,0.169999999983702,0.470000000030268,443.5
"0111","realistic",900,148,44560859,0.190000000002328,0.39000000001397,384.950000000012
"0111","realistic",900,149,44560860,0.179999999993015,0.39000000001397,373.859999999986
"0111","realistic",900,150,44560861,0.190000000002328,0.35999999998603,376.329999999958
"0111","realistic",900,151,44560862,0.169999999983702,0.339999999967404,384.919999999984
"0111","realistic",900,152,44560863,0.160000000032596,0.39000000001397,365.740000000049
"0111","realistic",900,153,44560864,0.31,1.45999999999992,627.98
"0111","realistic",900,154,44560865,0.240000000000009,0.75,615.13
"0111","realistic",900,155,44560866,0.2800000000002,0.720000000000027,633.13
"0111","realistic",900,156,44560867,0.2800000000002,0.699999999999818,623
"0111","realistic",900,157,44560868,0.319999999999709,0.639999999999873,649.38
"0111","realistic",900,158,44560869,0.319999999999709,0.799999999999727,621.83
"0111","realistic",900,159,44560870,0.240000000000236,0.800000000000182,624.41
"0111","realistic",900,160,44560871,0.25,0.720000000000255,638.48
"0111","realistic",900,161,44560872,0.25,0.6899999999996,619.78
"0111","realistic",900,162,44560873,0.210000000000036,0.640000000000327,629.679999999999
"0111","realistic",900,163,44560874,0.309999999999491,0.5600000000004,625.280000000001
"0111","realistic",900,164,44560875,0.239999999999782,0.739999999999782,627.8
"0111","realistic",900,165,44560876,0.329999999999927,0.6299999999992,631.08
"0111","realistic",900,166,44560877,0.280000000000655,0.690000000000509,610.299999999999
"0111","realistic",900,167,44560878,0.409999999999854,0.649999999999636,611.66
"0111","realistic",900,168,44560879,0.299999999999272,0.729999999999563,669.91
"0111","realistic",900,169,44560880,0.300000000001091,0.739999999999782,631.619999999999
"0111","realistic",900,170,44560881,0.309999999999491,0.729999999999563,616.369999999999
"0111","realistic",900,171,44560882,0.300000000001091,0.829999999999927,663.25
"0111","realistic",900,172,44560883,0.389999999999418,0.670000000000073,630.34
"0111","realistic",900,173,44560884,0.190000000000509,0.690000000000509,587.620000000001
"0111","realistic",900,174,44560885,0.260000000000218,0.790000000000873,610.17
"0111","realistic",900,175,44560886,0.300000000001091,0.640000000001237,623.219999999999
"0111","realistic",900,176,44560887,0.239999999999782,0.610000000000582,611.889999999999
"0111","realistic",900,177,44560888,0.299999999999272,0.719999999999345,643.51
"0111","realistic",900,178,44560889,0.280000000000655,0.569999999999709,618.280000000001
"0111","realistic",900,179,44560890,0.279999999998836,0.75,611.83
"0111","realistic",900,180,44560891,0.239999999997963,0.610000000000582,615.099999999999
"0111","realistic",900,181,44560892,0.299999999999272,0.670000000001892,606.59
"0111","realistic",900,182,44560893,0.279999999998836,0.719999999997526,603.029999999999
"0111","realistic",900,183,44560894,0.25,0.659999999999854,619.119999999999
"0111","realistic",900,184,44560895,0.290000000000873,0.669999999998254,592.380000000001
"0111","realistic",900,185,44560896,0.260000000002037,0.569999999999709,589.66
"0111","realistic",900,186,44560897,0.290000000000873,0.659999999999854,592.73
"0111","realistic",900,187,44560898,0.220000000001164,0.75,591.049999999999
"0111","realistic",900,188,44560899,0.269999999996799,0.630000000001019,591.529999999999
"0111","realistic",900,189,44560900,0.229999999999563,0.75,569.799999999999
"0111","realistic",900,190,44560901,0.180000000000291,0.649999999997817,592.139999999999
"0111","realistic",900,191,44560902,0.200000000000728,0.700000000000728,599.489999999998
"0111","realistic",900,192,44560903,0.25,0.650000000001455,602.329999999998
"0111","realistic",900,193,44560904,0.319999999999709,0.680000000000291,586.530000000002
"0111","realistic",900,194,44560905,0.25,0.75,598.170000000002
"0111","realistic",900,195,44560906,0.309999999997672,0.649999999997817,618.420000000002
"0111","realistic",900,196,44560907,0.150000000001455,0.700000000000728,605.82
"0111","realistic",900,197,44560908,0.25,0.600000000002183,596.93
"0111","realistic",900,198,44560909,0.270000000000437,0.729999999999563,601.860000000001
"0111","realistic",900,199,44560910,0.220000000001164,0.610000000000582,602.150000000001
"0111","realistic",900,200,44560911,0.259999999998399,0.620000000002619,633.959999999999
"0111","realistic",900,201,44560912,0.25,0.719999999997526,602.66
"0111","realistic",900,202,44560913,0.25,0.669999999998254,601.790000000001
"0111","realistic",900,203,44560914,0.200000000000728,0.56000000000131,592.98
"0111","realistic",900,204,44560915,0.229999999999563,0.700000000000728,601.889999999999
"0111","realistic",900,205,44560916,0.25,0.700000000000728,599.220000000001
"0111","realistic",900,206,44560917,0.25,0.659999999996217,596.900000000001
"0111","realistic",900,207,44560918,0.230000000003201,0.639999999999418,603.290000000001
"0111","realistic",900,208,44560919,0.269999999996799,0.610000000000582,620.870000000003
"0111","realistic",900,209,44560920,0.260000000002037,0.720000000001164,604.349999999999
"0111","realistic",900,210,44560921,0.25,0.650000000001455,597.279999999999
"0111","realistic",900,211,44560922,0.220000000001164,0.75,611.260000000002
"0111","realistic",900,212,44560923,0.230000000003201,0.660000000003492,613.760000000002
"0111","realistic",900,213,44560924,0.279999999998836,0.55000000000291,606.25
"0111","realistic",900,214,44560925,0.169999999998254,0.730000000003201,616.160000000003
"0111","realistic",900,215,44560926,0.239999999997963,0.69999999999709,583.200000000004
"0111","realistic",900,216,44560927,0.25,0.669999999998254,591.080000000002
"0111","realistic",900,217,44560928,0.230000000003201,0.720000000001164,595.279999999999
"0111","realistic",900,218,44560929,0.25,0.669999999998254,606.340000000004
"0111","realistic",900,219,44560930,0.25,0.57999999999447,633.879999999997
"0111","realistic",900,220,44560931,0.25,0.659999999996217,598.559999999998
"0111","realistic",900,221,44560932,0.379999999997381,0.680000000000291,587.970000000001
"0111","realistic",900,222,44560933,0.299999999995634,0.639999999999418,610.459999999999
"0111","realistic",900,223,44560934,0.25,0.620000000002619,593.089999999997
"0111","realistic",900,224,44560935,0.220000000001164,0.639999999999418,609.659999999996
"0111","realistic",900,225,44560936,0.220000000001164,0.739999999997963,635.849999999999
"0111","realistic",900,226,44560937,0.25,0.75,592.400000000001
"0111","realistic",900,227,44560938,0.239999999997963,0.75,589.830000000002
"0111","realistic",900,228,44560939,0.239999999997963,0.599999999998545,584.800000000003
"0111","realistic",900,229,44560940,0.239999999997963,0.67000000000553,603.329999999994
"0111","realistic",900,230,44560941,0.19999999999709,0.75,596.949999999997
"0111","realistic",900,231,44560942,0.230000000003201,0.75,589.139999999999
"0111","realistic",900,232,44560943,0.209999999999127,0.659999999996217,588.730000000003
"0111","realistic",900,233,44560944,0.260000000002037,0.639999999999418,590.450000000004
"0111","realistic",900,234,44560945,0.349999999998545,0.620000000002619,591.330000000002
"0111","realistic",900,235,44560946,0.219999999993888,0.760000000002037,607.370000000003
"0111","realistic",900,236,44560947,0.25,0.680000000000291,592
"0111","realistic",900,237,44560948,0.260000000002037,0.689999999995052,592.760000000002
"0111","realistic",900,238,44560949,0.260000000002037,0.709999999999127,593.669999999998
"0111","realistic",900,239,44560950,0.19999999999709,0.769999999996799,592.449999999997
"0111","realistic",900,240,44560951,0.19999999999709,0.760000000002037,619.670000000006
"0111","realistic",900,241,44560952,0.269999999996799,0.760000000002037,609.93
"0111","realistic",900,242,44560953,0.260000000002037,0.590000000003783,591.120000000003
"0111","realistic",900,243,44560954,0.220000000001164,0.75,608.660000000003
"0111","realistic",900,244,44560955,0.230000000003201,0.720000000001164,598.830000000002
"0111","realistic",900,245,44560956,0.230000000003201,0.760000000002037,593.849999999999
"0111","realistic",900,246,44560957,0.279999999998836,0.709999999999127,603.5
"0111","realistic",900,247,44560958,0.260000000002037,0.840000000003783,583.310000000005
"0111","realistic",900,248,44560959,0.220000000001164,0.580000000001746,593.169999999998
"0111","realistic",900,249,44560960,0.169999999998254,0.669999999998254,596.650000000001
"0111","realistic",900,250,44560961,0.25,0.580000000001746,610.099999999999
"0111","realistic",900,251,44560962,0.150000000001455,0.709999999999127,608.25
"0111","realistic",900,252,44560963,0.220000000001164,0.739999999997963,597.290000000001
"0111","realistic",900,253,44560964,0.230000000003201,0.690000000002328,589.389999999999
"0111","realistic",900,254,44560965,0.25,0.639999999999418,590.309999999998
"0111","realistic",900,255,44560966,0.269999999996799,0.629999999997381,620.610000000001
"0111","realistic",900,256,44560967,0.190000000002328,0.720000000001164,596.32
"0111","realistic",900,257,44560968,0.319999999999709,0.669999999998254,604.239999999998
"0111","realistic",900,258,44560969,0.25,0.5,615.340000000004
"0111","realistic",900,259,44560970,0.220000000001164,0.639999999999418,595.579999999994
"0111","realistic",900,260,44560971,0.269999999996799,0.660000000003492,586.639999999999
"0111","realistic",900,261,44560972,0.209999999991851,0.690000000002328,585.300000000003
"0111","realistic",900,262,44560973,0.25,0.619999999995343,604.949999999997
"0111","realistic",900,263,44560974,0.240000000005239,0.690000000002328,596.860000000001
"0111","realistic",900,264,44560975,0.279999999998836,0.479999999995925,584.720000000001
"0111","realistic",900,265,44560976,0.19999999999709,0.580000000001746,598.75
"0111","realistic",900,266,44560977,0.230000000010477,0.630000000004657,603.169999999998
"0111","realistic",900,267,44560978,0.25,0.600000000005821,590.859999999986
"0111","realistic",900,268,44560979,0.240000000005239,0.580000000001746,605.130000000005
"0111","realistic",900,269,44560980,0.25,0.529999999998836,588.169999999998
"0111","realistic",900,270,44560981,0.220000000001164,0.660000000003492,641.389999999999
"0111","realistic",900,271,44560982,0.229999999995925,0.629999999990105,592.410000000003
"0111","realistic",900,272,44560983,0.230000000010477,0.660000000003492,586.909999999989
"0111","realistic",900,273,44560984,0.229999999995925,0.610000000000582,608.760000000009
"0111","realistic",900,274,44560985,0.220000000001164,0.75,592.069999999992
"0111","realistic",900,275,44560986,0.189999999987776,0.580000000001746,574.970000000001
"0111","realistic",900,276,44560987,0.229999999995925,0.55000000000291,646.5
"0111","realistic",900,277,44560988,0.259999999994761,0.529999999998836,583.950000000012
"0111","realistic",900,278,44560989,0.279999999998836,0.770000000004075,579.610000000001
"0111","realistic",900,279,44560990,0.269999999989523,0.670000000012806,578.609999999986
"0111","realistic",900,280,44560991,0.25,0.589999999996508,588.309999999998
"0111","realistic",900,281,44560992,0.290000000008149,0.569999999992433,581.369999999995
"0111","realistic",900,282,44560993,0.229999999995925,0.619999999995343,590.119999999995
"0111","realistic",900,283,44560994,0.189999999987776,0.719999999986612,576.549999999988
"0111","realistic",900,284,44560995,0.25,0.660000000003492,601.410000000003
"0111","realistic",900,285,44560996,0.279999999998836,0.690000000002328,590.76999999999
"0111","realistic",900,286,44560997,0.229999999995925,0.720000000001164,600.5
"0111","realistic",900,287,44560998,0.289999999993597,0.580000000001746,609.039999999994
"0111","realistic",900,288,44560999,0.30000000000291,0.69999999999709,592.850000000006
"0111","realistic",900,289,44561000,0.19999999999709,0.779999999998836,594.779999999999
"0111","realistic",900,290,44561001,0.259999999994761,0.669999999998254,635.419999999998
"0111","realistic",900,291,44561002,0.260000000009313,0.639999999999418,582.789999999994
"0111","realistic",900,292,44561003,0.25,0.679999999993015,598.729999999996
"0111","realistic",900,293,44561004,0.360000000000582,0.780000000013388,599.449999999997
"0111","realistic",900,294,44561005,0.190000000002328,0.690000000002328,590.429999999993
"0111","realistic",900,295,44561006,0.220000000001164,0.779999999998836,600.729999999996
"0111","realistic",900,296,44561007,0.240000000005239,0.740000000005239,586.970000000001
"0111","realistic",900,297,44561008,0.220000000001164,0.690000000002328,586.359999999986
"0111","realistic",900,298,44561009,0.279999999998836,0.660000000003492,579.260000000009
"0111","realistic",900,299,44561010,0.309999999997672,0.729999999995925,582.710000000006
"0111","realistic",900,300,44561011,0.25,0.789999999993597,644.419999999998
"1011","realistic",900,1,54560712,0.25,2.59999999999127,585.529999999999
"1011","realistic",900,2,54560713,0.30000000000291,2.59999999999127,590.340000000011
"1011","realistic",900,3,54560714,0.25,2.72000000000116,603.869999999995
"1011","realistic",900,4,54560715,0.240000000005239,2.74000000000524,599.050000000003
"1011","realistic",900,5,54560716,0.269999999989523,2.50999999999476,605.580000000002
"1011","realistic",900,6,54560717,0.25,2.60000000000582,614.149999999994
"1011","realistic",900,7,54560718,0.270000000004075,2.58000000000175,599.049999999988
"1011","realistic",900,8,54560719,0.220000000001164,2.51000000000931,588.899999999994
"1011","realistic",900,9,54560720,0.229999999995925,2.66000000000349,603.789999999994
"1011","realistic",900,10,54560721,0.309999999997672,2.47000000000116,606.360000000001
"1011","realistic",900,11,54560722,0.259999999994761,2.47999999999593,606.5
"1011","realistic",900,12,54560723,0.240000000005239,2.5399999999936,601.899999999994
"1011","realistic",900,13,54560724,0.25,2.2899999999936,586.720000000001
"1011","realistic",900,14,54560725,0.240000000005239,2.72000000000116,611.360000000001
"1011","realistic",900,15,54560726,0.220000000001164,2.58999999999651,607.75
"1011","realistic",900,16,54560727,0.289999999993597,2.64999999999418,592.940000000002
"1011","realistic",900,17,54560728,0.25,2.5,610.880000000005
"1011","realistic",900,18,54560729,0.260000000009313,2.56000000001222,602.419999999998
"1011","realistic",900,19,54560730,0.239999999990687,2.61000000000058,584.220000000001
"1011","realistic",900,20,54560731,0.220000000001164,2.43000000000757,607.590000000011
"1011","realistic",900,21,54560732,0.289999999993597,2.66999999999825,592.080000000002
"1011","realistic",900,22,54560733,0.209999999991851,3.05999999999767,587.290000000008
"1011","realistic",900,23,54560734,0.25,2.55999999999767,586.860000000001
"1011","realistic",900,24,54560735,0.279999999998836,2.47000000000116,592.659999999989
"1011","realistic",900,25,54560736,0.360000000000582,2.52999999999884,573.979999999996
"1011","realistic",900,26,54560737,0.289999999993597,2.69000000000233,584.060000000012
"1011","realistic",900,27,54560738,0.25,2.30999999999767,601.110000000001
"1011","realistic",900,28,54560739,0.259999999994761,2.69000000000233,594.199999999997
"1011","realistic",900,29,54560740,0.25,2.55000000000291,597.220000000001
"1011","realistic",900,30,54560741,0.220000000001164,2.69999999999709,592.190000000002
"1011","realistic",900,31,54560742,0.209999999991851,2.54999999998836,589.699999999997
"1011","realistic",900,32,54560743,0.200000000011642,2.77999999999884,585.189999999988
"1011","realistic",900,33,54560744,0.270000000004075,2.39999999999418,591.680000000008
"1011","realistic",900,34,54560745,0.19999999999709,2.55999999999767,572.940000000002
"1011","realistic",900,35,54560746,0.270000000004075,2.58000000000175,592.689999999988
"1011","realistic",900,36,54560747,0.190000000002328,2.50999999999476,589.790000000008
"1011","realistic",900,37,54560748,0.19999999999709,2.61000000000058,593.559999999998
"1011","realistic",900,38,54560749,0.190000000002328,2.83000000000175,631.380000000005
"1011","realistic",900,39,54560750,0.229999999995925,2.75,598.779999999999
"1011","realistic",900,40,54560751,0.25,2.58000000000175,610.740000000005
"1011","realistic",900,41,54560752,0.270000000004075,2.61000000000058,599.990000000005
"1011","realistic",900,42,54560753,0.229999999995925,2.7899999999936,618.240000000005
"1011","realistic",900,43,54560754,0.30000000000291,2.55999999999767,605.199999999997
"1011","realistic",900,44,54560755,0.230000000010477,2.44999999999709,585.75
"1011","realistic",900,45,54560756,0.25,2.48000000001048,601.220000000001
"1011","realistic",900,46,54560757,0.25,2.86999999999534,599.610000000001
"1011","realistic",900,47,54560758,0.30000000000291,2.92999999999302,620.720000000001
"1011","realistic",900,48,54560759,0.370000000009895,3.13000000000466,598.460000000006
"1011","realistic",900,49,54560760,0.320000000006985,2.95999999999185,600.070000000007
"1011","realistic",900,50,54560761,0.270000000004075,2.52999999999884,609.140000000014
"1011","realistic",900,51,54560762,0.25,2.64999999999418,602.889999999999
"1011","realistic",900,52,54560763,0.25,2.54000000000815,577.779999999999
"1011","realistic",900,53,54560764,0.179999999993015,2.66000000000349,599.98000000001
"1011","realistic",900,54,54560765,0.30000000000291,2.72999999999593,594.589999999997
"1011","realistic",900,55,54560766,0.220000000001164,2.57000000000698,583.139999999999
"1011","realistic",900,56,54560767,0.209999999991851,2.41000000000349,601.25
"1011","realistic",900,57,54560768,0.169999999998254,2.77999999999884,597.559999999998
"1011","realistic",900,58,54560769,0.239999999990687,2.68000000000757,574.020000000004
"1011","realistic",900,59,54560770,0.220000000001164,3,593.139999999999
"1011","realistic",900,60,54560771,0.25,2.61000000000058,608.080000000002
"1011","realistic",900,61,54560772,0.270000000004075,2.45999999999185,571
"1011","realistic",900,62,54560773,0.220000000001164,2.81999999999243,598.970000000001
"1011","realistic",900,63,54560774,0.169999999998254,2.49000000000524,599.240000000005
"1011","realistic",900,64,54560775,0.25,2.72000000000116,589.090000000011
"1011","realistic",900,65,54560776,0.270000000004075,2.63999999999942,600.080000000002
"1011","realistic",900,66,54560777,0.25,2.6299999999901,589.889999999999
"1011","realistic",900,67,54560778,0.25,2.86000000000058,633.229999999996
"1011","realistic",900,68,54560779,0.220000000001164,2.65000000000873,594.640000000014
"1011","realistic",900,69,54560780,0.279999999998836,2.50999999998021,594.110000000001
"1011","realistic",900,70,54560781,0.259999999980209,2.59999999997672,606.779999999999
"1011","realistic",900,71,54560782,0.279999999998836,2.72000000000116,588.899999999994
"1011","realistic",900,72,54560783,0.309999999997672,2.38000000000466,602.779999999999
"1011","realistic",900,73,54560784,0.220000000001164,2.6699999999837,577.520000000019
"1011","realistic",900,74,54560785,0.270000000018626,2.76999999998952,585.940000000002
"1011","realistic",900,75,54560786,0.230000000010477,2.45000000001164,599.489999999991
"1011","realistic",900,76,54560787,0.270000000018626,2.84000000002561,593.390000000014
"1011","realistic",900,77,54560788,0.269999999989523,2.89999999999418,586.200000000012
"1011","realistic",900,78,54560789,0.200000000011642,2.60000000000582,612.669999999984
"1011","realistic",900,79,54560790,0.210000000020955,2.44000000000233,575.440000000002
"1011","realistic",900,80,54560791,0.279999999998836,2.54000000000815,597.889999999985
"1011","realistic",900,81,54560792,0.279999999998836,2.47000000000116,588.970000000001
"1011","realistic",900,82,54560793,0.279999999998836,2.61999999999534,587.029999999999
"1011","realistic",900,83,54560794,0.279999999998836,2.55999999999767,611.359999999986
"1011","realistic",900,84,54560795,0.309999999997672,2.47000000000116,597.380000000005
"1011","realistic",900,85,54560796,0.300000000017462,2.30999999999767,601.080000000016
"1011","realistic",900,86,54560797,0.220000000001164,2.5,642.350000000006
"1011","realistic",900,87,54560798,0.179999999993015,2.77000000001863,584.589999999997
"1011","realistic",900,88,54560799,0.279999999998836,2.75,597.030000000028
"1011","realistic",900,89,54560800,0.25,2.64000000001397,605.26999999999
"1011","realistic",900,90,54560801,0.300000000017462,2.42999999999302,587.739999999991
"1011","realistic",900,91,54560802,0.230000000010477,2.49000000001979,602.049999999988
"1011","realistic",900,92,54560803,0.220000000001164,2.67999999999302,605.270000000019
"1011","realistic",900,93,54560804,0.240000000019791,2.75,594
"1011","realistic",900,94,54560805,0.260000000009313,2.61999999999534,591.420000000013
"1011","realistic",900,95,54560806,0.189999999973224,2.77999999999884,601.25
"1011","realistic",900,96,54560807,0.240000000019791,2.69999999998254,596.25999999998
"1011","realistic",900,97,54560808,0.199999999982538,2.63999999998487,594.699999999983
"1011","realistic",900,98,54560809,0.289999999979045,2.88999999998487,615.889999999985
"1011","realistic",900,99,54560810,0.259999999980209,2.5800000000163,602.329999999987
"1011","realistic",900,100,54560811,0.290000000008149,2.54999999998836,604.510000000009
"1011","realistic",900,101,54560812,0.190000000002328,2.5,587.130000000005
"1011","realistic",900,102,54560813,0.370000000024447,2.86000000001513,575.720000000001
"1011","realistic",900,103,54560814,0.270000000018626,2.57999999998719,591.839999999997
"1011","realistic",900,104,54560815,0.259999999980209,2.67000000001281,586.720000000001
"1011","realistic",900,105,54560816,0.25,2.79999999998836,593.190000000002
"1011","realistic",900,106,54560817,0.14000000001397,2.60999999998603,596.470000000001
"1011","realistic",900,107,54560818,0.230000000010477,2.44000000000233,576.279999999999
"1011","realistic",900,108,54560819,0.220000000001164,2.32000000000698,606.940000000002
"1011","realistic",900,109,54560820,0.25,3.02000000001863,584.660000000003
"1011","realistic",900,110,54560821,0.260000000009313,2.50999999998021,585.810000000027
"1011","realistic",900,111,54560822,0.279999999998836,2.92000000001281,603.089999999997
"1011","realistic",900,112,54560823,0.309999999997672,3.07000000000698,596.25
"1011","realistic",900,113,54560824,0.25,2.77000000001863,587.720000000001
"1011","realistic",900,114,54560825,0.229999999981374,2.79000000000815,591.589999999997
"1011","realistic",900,115,54560826,0.270000000018626,2.92000000001281,605
"1011","realistic",900,116,54560827,0.290000000008149,2.86999999999534,597.300000000017
"1011","realistic",900,117,54560828,0.169999999983702,3,611.600000000006
"1011","realistic",900,118,54560829,0.269999999989523,2.89000000001397,592.109999999986
"1011","realistic",900,119,54560830,0.279999999998836,2.54999999998836,615.98000000001
"1011","realistic",900,120,54560831,0.220000000001164,2.64000000001397,588.299999999988
"1011","realistic",900,121,54560832,0.239999999990687,2.94000000000233,595.529999999999
"1011","realistic",900,122,54560833,0.300000000017462,2.26000000000931,583.869999999995
"1011","realistic",900,123,54560834,0.279999999998836,2.39000000001397,581.690000000002
"1011","realistic",900,124,54560835,0.330000000016298,2.76000000000931,594.470000000001
"1011","realistic",900,125,54560836,0.209999999991851,2.38000000000466,565.119999999995
"1011","realistic",900,126,54560837,0.190000000002328,2.53999999997905,593.699999999983
"1011","realistic",900,127,54560838,0.279999999998836,3.3300000000163,614.220000000001
"1011","realistic",900,128,54560839,0.329999999987194,2.75,575.360000000015
"1011","realistic",900,129,54560840,0.349999999976717,2.80999999999767,589.450000000012
"1011","realistic",900,130,54560841,0.220000000001164,3.05999999999767,572.640000000014
"1011","realistic",900,131,54560842,0.440000000002328,3.02999999999884,583.01999999999
"1011","realistic",900,132,54560843,0.309999999997672,2.29000000000815,614.959999999992
"1011","realistic",900,133,54560844,0.230000000010477,2.5,576.359999999986
"1011","realistic",900,134,54560845,0.269999999989523,2.72000000000116,595.48000000001
"1011","realistic",900,135,54560846,0.25,2.5,584.229999999981
"1011","realistic",900,136,54560847,0.329999999987194,2.65000000002328,599.690000000002
"1011","realistic",900,137,54560848,0.200000000011642,2.64000000001397,592.350000000006
"1011","realistic",900,138,54560849,0.339999999996508,2.47000000000116,598.190000000002
"1011","realistic",900,139,54560850,0.309999999997672,2.72000000000116,580.049999999988
"1011","realistic",900,140,54560851,0.259999999980209,2.63999999998487,599.700000000012
"1011","realistic",900,141,54560852,0.259999999980209,2.42999999999302,596.229999999981
"1011","realistic",900,142,54560853,0.229999999981374,2.60000000000582,603.660000000003
"1011","realistic",900,143,54560854,0.240000000019791,2.68999999997322,608.689999999973
"1011","realistic",900,144,54560855,0.270000000018626,2.64000000001397,590.649999999994
"1011","realistic",900,145,54560856,0.230000000010477,2.57000000000698,590.470000000001
"1011","realistic",900,146,54560857,0.25,2.75,599.670000000013
"1011","realistic",900,147,54560858,0.239999999990687,2.60999999998603,585.619999999995
"1011","realistic",900,148,54560859,0.279999999998836,2.5,593.98000000001
"1011","realistic",900,149,54560860,0.220000000001164,2.54999999998836,589.459999999992
"1011","realistic",900,150,54560861,0.220000000001164,2.51999999998952,595.739999999991
"1011","realistic",900,151,54560862,0.25,2.36999999999534,594.850000000006
"1011","realistic",900,152,54560863,0.199999999982538,2.66000000000349,601.799999999988
"1011","realistic",900,153,54560864,0.279999999998836,2.55999999999767,583.589999999997
"1011","realistic",900,154,54560865,0.279999999998836,2.79999999998836,581.720000000001
"1011","realistic",900,155,54560866,0.279999999998836,2.45000000001164,606.369999999995
"1011","realistic",900,156,54560867,0.239999999990687,2.39999999999418,622.889999999985
"1011","realistic",900,157,54560868,0.25,2.44000000000233,592.830000000016
"1011","realistic",900,158,54560869,0.279999999998836,2.4199999999837,590.040000000008
"1011","realistic",900,159,54560870,0.220000000001164,2.5,600.110000000015
"1011","realistic",900,160,54560871,0.169999999983702,2.5800000000163,609.279999999999
"1011","realistic",900,161,54560872,0.279999999998836,2.61999999999534,604.639999999985
"1011","realistic",900,162,54560873,0.25,2.89000000001397,605.910000000003
"1011","realistic",900,163,54560874,0.270000000018626,2.67999999999302,611.5
"1011","realistic",900,164,54560875,0.279999999998836,2.77999999999884,603.970000000001
"1011","realistic",900,165,54560876,0.279999999998836,2.5800000000163,615.549999999988
"1011","realistic",900,166,54560877,0.230000000010477,2.52999999999884,599.779999999999
"1011","realistic",900,167,54560878,0.229999999981374,2.49000000001979,597.470000000001
"1011","realistic",900,168,54560879,0.25,2.61000000001513,617.920000000013
"1011","realistic",900,169,54560880,0.260000000009313,2.54999999998836,611.639999999985
"1011","realistic",900,170,54560881,0.289999999979045,2.5800000000163,595.899999999994
"1011","realistic",900,171,54560882,0.230000000010477,2.79999999998836,591.440000000002
"1011","realistic",900,172,54560883,0.279999999998836,2.63999999998487,610.99000000002
"1011","realistic",900,173,54560884,0.21999999997206,2.47000000000116,603.220000000001
"1011","realistic",900,174,54560885,0.270000000018626,2.77999999999884,589.200000000012
"1011","realistic",900,175,54560886,0.25,3.02999999999884,605.109999999986
"1011","realistic",900,176,54560887,0.279999999998836,2.50999999998021,602.809999999998
"1011","realistic",900,177,54560888,0.220000000001164,2.82000000000698,591.399999999994
"1011","realistic",900,178,54560889,0.220000000001164,2.60999999998603,617.410000000003
"1011","realistic",900,179,54560890,0.260000000009313,2.63999999998487,600.789999999979
"1011","realistic",900,180,54560891,0.240000000019791,2.80000000001746,607.190000000002
"1011","realistic",900,181,54560892,0.290000000008149,2.63000000000466,594.359999999986
"1011","realistic",900,182,54560893,0.25,2.8300000000163,586.919999999984
"1011","realistic",900,183,54560894,0.279999999998836,2.39000000001397,603.789999999979
"1011","realistic",900,184,54560895,0.329999999987194,2.75,596.720000000001
"1011","realistic",900,185,54560896,0.239999999990687,2.54000000000815,621.550000000017
"1011","realistic",900,186,54560897,0.279999999998836,2.45999999999185,585.940000000002
"1011","realistic",900,187,54560898,0.200000000011642,2.57000000000698,607.26999999999
"1011","realistic",900,188,54560899,0.229999999981374,2.77000000001863,601.880000000005
"1011","realistic",900,189,54560900,0.300000000017462,2.38000000000466,579.75
"1011","realistic",900,190,54560901,0.279999999998836,2.47999999998137,607.100000000006
"1011","realistic",900,191,54560902,0.170000000012806,2.38999999998487,547.73000000001
"1011","realistic",900,192,54560903,0.25,2.55999999999767,535.170000000013
"1011","realistic",900,193,54560904,0.25,2.17000000001281,548.200000000012
"1011","realistic",900,194,54560905,0.170000000012806,2.52999999999884,540.420000000013
"1011","realistic",900,195,54560906,0.169999999983702,2.52999999999884,544.49000000002
"1011","realistic",900,196,54560907,0.169999999983702,2.44999999998254,546.450000000012
"1011","realistic",900,197,54560908,0.259999999980209,2.54999999998836,543.350000000006
"1011","realistic",900,198,54560909,0.300000000017462,2.21000000002095,532.619999999995
"1011","realistic",900,199,54560910,0.200000000011642,2.58999999999651,558
"1011","realistic",900,200,54560911,0.25,2.39000000001397,550.160000000003
"1011","realistic",900,201,54560912,0.269999999989523,2.52999999999884,552.900000000023
"1011","realistic",900,202,54560913,0.259999999980209,2.44000000000233,526.680000000022
"1011","realistic",900,203,54560914,0.320000000006985,2.41000000000349,532.450000000012
"1011","realistic",900,204,54560915,0.14000000001397,2.54999999998836,541.029999999999
"1011","realistic",900,205,54560916,0.229999999981374,2.27999999999884,569.359999999986
"1011","realistic",900,206,54560917,0.199999999982538,2.49000000001979,566.859999999986
"1011","realistic",900,207,54560918,0.25,2.69000000000233,536.169999999984
"1011","realistic",900,208,54560919,0.190000000002328,2.55999999999767,555.880000000005
"1011","realistic",900,209,54560920,0.21999999997206,2.67000000001281,575.470000000001
"1011","realistic",900,210,54560921,0.269999999989523,2.5,599.959999999992
"1011","realistic",900,211,54560922,0.220000000001164,2.4199999999837,610.510000000009
"1011","realistic",900,212,54560923,0.25,2.74000000001979,610.470000000001
"1011","realistic",900,213,54560924,0.229999999981374,2.5,613.089999999997
"1011","realistic",900,214,54560925,0.270000000018626,2.5,622.029999999999
"1011","realistic",900,215,54560926,0.25,2.72999999998137,602
"1011","realistic",900,216,54560927,0.240000000019791,2.5,591.75
"1011","realistic",900,217,54560928,0.279999999998836,2.5800000000163,596.079999999987
"1011","realistic",900,218,54560929,0.209999999991851,2.82999999998719,566.23000000001
"1011","realistic",900,219,54560930,0.260000000009313,2.64999999999418,588.449999999983
"1011","realistic",900,220,54560931,0.309999999997672,2.82999999998719,604.48000000001
"1011","realistic",900,221,54560932,0.330000000016298,2.94000000000233,584.720000000001
"1011","realistic",900,222,54560933,0.220000000001164,2.73000000001048,594.979999999981
"1011","realistic",900,223,54560934,0.289999999979045,2.98000000001048,632.299999999988
"1011","realistic",900,224,54560935,0.220000000001164,2.62999999997555,610.520000000019
"1011","realistic",900,225,54560936,0.190000000002328,2.75,593.579999999987
"1011","realistic",900,226,54560937,0.229999999981374,2.64000000001397,617.170000000013
"1011","realistic",900,227,54560938,0.169999999983702,2.79999999998836,582.220000000001
"1011","realistic",900,228,54560939,0.329999999987194,2.54999999998836,593.170000000013
"1011","realistic",900,229,54560940,0.329999999987194,2.81999999997788,586.98000000001
"1011","realistic",900,230,54560941,0.290000000008149,2.63999999998487,597.01999999999
"1011","realistic",900,231,54560942,0.369999999995343,2.70000000001164,592.580000000016
"1011","realistic",900,232,54560943,0.200000000011642,2.64000000001397,624.979999999981
"1011","realistic",900,233,54560944,0.269999999989523,2.80999999999767,588.190000000002
"1011","realistic",900,234,54560945,0.25,2.67000000001281,593.829999999987
"1011","realistic",900,235,54560946,0.150000000023283,2.80999999999767,597.610000000015
"1011","realistic",900,236,54560947,0.270000000018626,2.62000000002445,611.659999999974
"1011","realistic",900,237,54560948,0.279999999998836,2.98000000001048,604
"1011","realistic",900,238,54560949,0.220000000001164,2.67000000001281,611.869999999995
"1011","realistic",900,239,54560950,0.190000000002328,3,594.710000000021
"1011","realistic",900,240,54560951,0.25,2.86000000001513,598.360000000015
"1011","realistic",900,241,54560952,0.399999999994179,2.99000000001979,602.299999999988
"1011","realistic",900,242,54560953,0.299999999988358,2.72000000000116,574.879999999976
"1011","realistic",900,243,54560954,0.179999999993015,3.04999999998836,583.840000000026
"1011","realistic",900,244,54560955,0.25,2.83999999999651,593.309999999998
"1011","realistic",900,245,54560956,0.169999999983702,2.64000000001397,590.690000000002
"1011","realistic",900,246,54560957,0.159999999974389,2.94999999998254,613.559999999998
"1011","realistic",900,247,54560958,0.379999999975553,2.69999999998254,601.229999999981
"1011","realistic",900,248,54560959,0.25,2.83999999999651,609.470000000001
"1011","realistic",900,249,54560960,0.269999999989523,2.90999999997439,649.979999999981
"1011","realistic",900,250,54560961,0.220000000001164,2.85999999998603,602.820000000007
"1011","realistic",900,251,54560962,0.309999999997672,2.80999999999767,609.899999999994
"1011","realistic",900,252,54560963,0.169999999983702,3.27999999999884,614.559999999998
"1011","realistic",900,253,54560964,0.299999999988358,3.04999999998836,611.51999999999
"1011","realistic",900,254,54560965,0.209999999991851,3.01999999998952,604.890000000014
"1011","realistic",900,255,54560966,0.329999999987194,2.62999999997555,605.029999999999
"1011","realistic",900,256,54560967,0.279999999998836,2.64000000001397,595.029999999999
"1011","realistic",900,257,54560968,0.230000000010477,2.69000000000233,585.220000000001
"1011","realistic",900,258,54560969,0.279999999998836,2.38999999998487,589.599999999977
"1011","realistic",900,259,54560970,0.28000000002794,2.42999999999302,592.800000000017
"1011","realistic",900,260,54560971,0.449999999982538,2.41000000000349,572.779999999999
"1011","realistic",900,261,54560972,0.310000000026776,2.36999999999534,582.670000000013
"1011","realistic",900,262,54560973,0.220000000001164,2.91000000000349,594.229999999981
"1011","realistic",900,263,54560974,0.209999999991851,2.43000000002212,588.890000000014
"1011","realistic",900,264,54560975,0.299999999988358,2.9199999999837,595.720000000001
"1011","realistic",900,265,54560976,0.259999999980209,2.80999999999767,609.559999999998
"1011","realistic",900,266,54560977,0.350000000005821,2.43000000002212,610.979999999981
"1011","realistic",900,267,54560978,0.330000000016298,2.47000000000116,613.5
"1011","realistic",900,268,54560979,0.220000000001164,2.77000000001863,578.410000000003
"1011","realistic",900,269,54560980,0.200000000011642,2.70000000001164,574.640000000014
"1011","realistic",900,270,54560981,0.190000000002328,2.63999999998487,586.800000000017
"1011","realistic",900,271,54560982,0.210000000020955,2.52999999999884,568.779999999999
"1011","realistic",900,272,54560983,0.259999999980209,2.74000000001979,574.469999999972
"1011","realistic",900,273,54560984,0.229999999981374,2.61999999999534,579.640000000014
"1011","realistic",900,274,54560985,0.279999999998836,2.64999999999418,575.510000000009
"1011","realistic",900,275,54560986,0.200000000011642,2.94000000000233,592.109999999986
"1011","realistic",900,276,54560987,0.309999999997672,3.0800000000163,584.279999999999
"1011","realistic",900,277,54560988,0.160000000003492,2.60999999998603,643.559999999998
"1011","realistic",900,278,54560989,0.309999999997672,2.86000000001513,590.23000000001
"1011","realistic",900,279,54560990,0.299999999988358,3.07999999998719,596.050000000017
"1011","realistic",900,280,54560991,0.270000000018626,2.36000000001513,579.520000000019
"1011","realistic",900,281,54560992,0.160000000003492,3.07999999998719,594.170000000013
"1011","realistic",900,282,54560993,0.229999999981374,2.42999999999302,592.609999999986
"1011","realistic",900,283,54560994,0.210000000020955,2.87000000002445,626.739999999991
"1011","realistic",900,284,54560995,0.380000000004657,2.69999999998254,583.649999999994
"1011","realistic",900,285,54560996,0.25,2.6699999999837,578.589999999997
"1011","realistic",900,286,54560997,0.330000000016298,2.75999999998021,590.190000000002
"1011","realistic",900,287,54560998,0.199999999982538,3.01999999998952,595.890000000014
"1011","realistic",900,288,54560999,0.319999999977881,2.63999999998487,577.809999999998
"1011","realistic",900,289,54561000,0.170000000012806,2.39000000001397,579.940000000031
"1011","realistic",900,290,54561001,0.28000000002794,2.5800000000163,596.880000000005
"1011","realistic",900,291,54561002,0.309999999997672,2.5,591.079999999958
"1011","realistic",900,292,54561003,0.369999999995343,2.84000000002561,594.859999999986
"1011","realistic",900,293,54561004,0.190000000002328,2.11999999999534,536.77999999997
"1011","realistic",900,294,54561005,0.21999999997206,2.14000000001397,506.950000000012
"1011","realistic",900,295,54561006,0.21999999997206,2.0899999999674,496.659999999974
"1011","realistic",900,296,54561007,0.210000000020955,2.17999999999302,504.270000000019
"1011","realistic",900,297,54561008,0.25,2.19000000000233,495.360000000044
"1011","realistic",900,298,54561009,0.229999999981374,2.23999999999069,488.309999999998
"1011","realistic",900,299,54561010,0.230000000039581,1.97000000003027,489.27999999997
"1011","realistic",900,300,54561011,0.200000000011642,2.10000000003492,463.190000000002
