"dgp","paramset","n","rep","seed","sec_gen","sec_A","sec_B"
"1111","weak",400,1,31460712,0.17,1.44999999999999,133.94
"1111","weak",400,2,31460713,0.219999999999999,0.670000000000016,141.69
"1111","weak",400,3,31460714,0.169999999999959,0.78000000000003,138.95
"1111","weak",400,4,31460715,0.230000000000018,0.559999999999945,140.92
"1111","weak",400,5,31460716,0.17999999999995,0.799999999999955,139.03
"1111","weak",400,6,31460717,0.259999999999991,0.75,146.15
"1111","weak",400,7,31460718,0.160000000000082,0.610000000000014,142.42
"1111","weak",400,8,31460719,0.189999999999941,0.630000000000109,141.22
"1111","weak",400,9,31460720,0.229999999999791,0.610000000000127,140.42
"1111","weak",400,10,31460721,0.190000000000055,0.610000000000127,138.06
"1111","weak",400,11,31460722,0.160000000000082,0.720000000000027,138.69
"1111","weak",400,12,31460723,0.230000000000018,0.620000000000118,142.29
"1111","weak",400,13,31460724,0.169999999999845,0.670000000000073,145.16
"1111","weak",400,14,31460725,0.200000000000045,0.720000000000027,145.98
"1111","weak",400,15,31460726,0.199999999999818,0.670000000000073,135
"1111","weak",400,16,31460727,0.179999999999836,0.660000000000309,140.44
"1111","weak",400,17,31460728,0.130000000000109,0.619999999999891,144.79
"1111","weak",400,18,31460729,0.190000000000055,0.570000000000164,136.34
"1111","weak",400,19,31460730,0.159999999999854,0.619999999999891,143.58
"1111","weak",400,20,31460731,0.160000000000309,0.629999999999654,136.58
"1111","weak",400,21,31460732,0.159999999999854,0.659999999999854,139.09
"1111","weak",400,22,31460733,0.259999999999764,0.720000000000255,138.5
"1111","weak",400,23,31460734,0.230000000000018,0.580000000000382,144.78
"1111","weak",400,24,31460735,0.179999999999836,0.679999999999836,134.55
"1111","weak",400,25,31460736,0.2199999999998,0.720000000000255,136.31
"1111","weak",400,26,31460737,0.190000000000055,0.670000000000073,134.55
"1111","weak",400,27,31460738,0.170000000000073,0.590000000000146,137.06
"1111","weak",400,28,31460739,0.210000000000036,0.75,157.56
"1111","weak",400,29,31460740,0.190000000000055,0.659999999999854,141.85
"1111","weak",400,30,31460741,0.220000000000255,0.600000000000364,146.03
"1111","weak",400,31,31460742,0.190000000000509,0.659999999999854,142.339999999999
"1111","weak",400,32,31460743,0.199999999999818,0.780000000000655,140.21
"1111","weak",400,33,31460744,0.149999999999636,0.720000000000255,139.57
"1111","weak",400,34,31460745,0.210000000000036,0.659999999999854,139.4
"1111","weak",400,35,31460746,0.169999999999163,0.610000000000582,138.92
"1111","weak",400,36,31460747,0.150000000000546,0.739999999999782,139.24
"1111","weak",400,37,31460748,0.190000000000509,0.520000000000437,138.25
"1111","weak",400,38,31460749,0.3100000000004,0.75,148.59
"1111","weak",400,39,31460750,0.200000000000728,0.710000000000036,141.64
"1111","weak",400,40,31460751,0.190000000000509,0.589999999999236,136.559999999999
"1111","weak",400,41,31460752,0.199999999999818,0.639999999999418,142.06
"1111","weak",400,42,31460753,0.220000000000255,0.670000000000073,141.139999999999
"1111","weak",400,43,31460754,0.220000000000255,0.670000000000073,149.68
"1111","weak",400,44,31460755,0.220000000000255,0.710000000000036,142.830000000001
"1111","weak",400,45,31460756,0.170000000000073,0.590000000000146,147.87
"1111","weak",400,46,31460757,0.199999999999818,0.720000000000255,135.059999999999
"1111","weak",400,47,31460758,0.159999999999854,0.729999999999563,149.01
"1111","weak",400,48,31460759,0.199999999999818,0.600000000000364,135.22
"1111","weak",400,49,31460760,0.220000000000255,0.559999999999491,140
"1111","weak",400,50,31460761,0.150000000000546,0.659999999999854,141.81
"1111","weak",400,51,31460762,0.190000000000509,0.779999999999745,149.889999999999
"1111","weak",400,52,31460763,0.160000000000764,0.609999999999673,137.03
"1111","weak",400,53,31460764,0.140000000000327,0.550000000000182,142.58
"1111","weak",400,54,31460765,0.159999999999854,0.640000000000327,142.48
"1111","weak",400,55,31460766,0.150000000000546,0.529999999999745,135.66
"1111","weak",400,56,31460767,0.220000000000255,0.729999999999563,139.41
"1111","weak",400,57,31460768,0.199999999999818,0.530000000000655,142.860000000001
"1111","weak",400,58,31460769,0.25,0.550000000001091,140.39
"1111","weak",400,59,31460770,0.170000000000073,0.739999999999782,152.99
"1111","weak",400,60,31460771,0.170000000000073,0.590000000000146,142.190000000001
"1111","weak",400,61,31460772,0.110000000000582,0.640000000001237,138.68
"1111","weak",400,62,31460773,0.219999999999345,0.640000000001237,154.219999999999
"1111","weak",400,63,31460774,0.220000000001164,0.590000000000146,142.950000000001
"1111","weak",400,64,31460775,0.200000000000728,0.699999999998909,141.040000000001
"1111","weak",400,65,31460776,0.170000000000073,0.609999999998763,141.41
"1111","weak",400,66,31460777,0.219999999999345,0.550000000001091,143.24
"1111","weak",400,67,31460778,0.190000000000509,0.680000000000291,140.93
"1111","weak",400,68,31460779,0.159999999999854,0.649999999999636,144.610000000001
"1111","weak",400,69,31460780,0.139999999999418,0.610000000000582,156.17
"1111","weak",400,70,31460781,0.200000000000728,0.659999999999854,140.129999999999
"1111","weak",400,71,31460782,0.18999999999869,0.6200000000008,140.309999999999
"1111","weak",400,72,31460783,0.200000000000728,0.6200000000008,141.51
"1111","weak",400,73,31460784,0.220000000001164,0.579999999999927,138.449999999999
"1111","weak",400,74,31460785,0.229999999999563,0.539999999999054,139.559999999999
"1111","weak",400,75,31460786,0.200000000000728,0.559999999999491,134.360000000001
"1111","weak",400,76,31460787,0.180000000000291,0.530000000000655,150.059999999999
"1111","weak",400,77,31460788,0.219999999999345,0.719999999999345,145.91
"1111","weak",400,78,31460789,0.190000000000509,0.610000000000582,147.02
"1111","weak",400,79,31460790,0.190000000000509,0.570000000001528,140.209999999999
"1111","weak",400,80,31460791,0.170000000000073,0.639999999999418,142.4
"1111","weak",400,81,31460792,0.149999999999636,0.639999999999418,144.26
"1111","weak",400,82,31460793,0.180000000000291,0.559999999999491,159.5
"1111","weak",400,83,31460794,0.199999999998909,0.590000000000146,140.59
"1111","weak",400,84,31460795,0.190000000000509,0.709999999999127,137.359999999999
"1111","weak",400,85,31460796,0.139999999999418,0.590000000000146,143.140000000001
"1111","weak",400,86,31460797,0.150000000001455,0.690000000000509,138.690000000001
"1111","weak",400,87,31460798,0.199999999998909,0.609999999998763,138.15
"1111","weak",400,88,31460799,0.170000000000073,0.690000000000509,140.440000000001
"1111","weak",400,89,31460800,0.170000000000073,0.6299999999992,137.969999999999
"1111","weak",400,90,31460801,0.190000000000509,0.699999999998909,150.639999999999
"1111","weak",400,91,31460802,0.159999999999854,0.719999999999345,140.639999999999
"1111","weak",400,92,31460803,0.229999999999563,0.649999999999636,142.77
"1111","weak",400,93,31460804,0.149999999999636,0.600000000000364,138.07
"1111","weak",400,94,31460805,0.149999999999636,0.600000000000364,142.33
"1111","weak",400,95,31460806,0.190000000000509,0.609999999998763,149.299999999999
"1111","weak",400,96,31460807,0.159999999999854,0.759999999998399,145.050000000001
"1111","weak",400,97,31460808,0.200000000000728,0.530000000000655,138.550000000001
"1111","weak",400,98,31460809,0.139999999999418,0.570000000001528,142.549999999999
"1111","weak",400,99,31460810,0.170000000000073,0.75,160.42
"1111","weak",400,100,31460811,0.190000000000509,0.640000000001237,141.58
"1111","weak",400,101,31460812,0.180000000000291,0.479999999999563,143.25
"1111","weak",400,102,31460813,0.170000000000073,0.6200000000008,144.57
"1111","weak",400,103,31460814,0.290000000000873,0.590000000000146,138.200000000001
"1111","weak",400,104,31460815,0.180000000000291,0.670000000000073,139.75
"1111","weak",400,105,31460816,0.18999999999869,0.81000000000131,144.15
"1111","weak",400,106,31460817,0.150000000001455,0.690000000000509,144.049999999999
"1111","weak",400,107,31460818,0.219999999999345,0.569999999999709,144.549999999999
"1111","weak",400,108,31460819,0.200000000000728,0.6299999999992,145.290000000001
"1111","weak",400,109,31460820,0.159999999999854,0.540000000000873,147.42
"1111","weak",400,110,31460821,0.149999999999636,0.600000000000364,139.799999999999
"1111","weak",400,111,31460822,0.180000000000291,0.530000000000655,139.719999999999
"1111","weak",400,112,31460823,0.159999999999854,0.729999999999563,144.51
"1111","weak",400,113,31460824,0.200000000000728,0.670000000000073,140.310000000001
"1111","weak",400,114,31460825,0.159999999999854,0.669999999998254,139.92
"1111","weak",400,115,31460826,0.25,0.56000000000131,140.41
"1111","weak",400,116,31460827,0.170000000001892,0.580000000001746,141.139999999999
"1111","weak",400,117,31460828,0.220000000001164,0.580000000001746,144.639999999999
"1111","weak",400,118,31460829,0.159999999999854,0.529999999998836,138.93
"1111","weak",400,119,31460830,0.150000000001455,0.549999999999272,151.689999999999
"1111","weak",400,120,31460831,0.209999999999127,0.659999999999854,139.379999999997
"1111","weak",400,121,31460832,0.150000000001455,0.650000000001455,141.18
"1111","weak",400,122,31460833,0.18999999999869,0.619999999998981,143.950000000001
"1111","weak",400,123,31460834,0.159999999999854,0.690000000002328,138.039999999997
"1111","weak",400,124,31460835,0.19999999999709,0.610000000000582,139.559999999998
"1111","weak",400,125,31460836,0.180000000000291,0.590000000000146,145.920000000002
"1111","weak",400,126,31460837,0.159999999999854,0.610000000000582,143.139999999999
"1111","weak",400,127,31460838,0.169999999998254,0.659999999999854,139.59
"1111","weak",400,128,31460839,0.200000000000728,0.610000000000582,140.290000000001
"1111","weak",400,129,31460840,0.209999999999127,0.729999999999563,137
"1111","weak",400,130,31460841,0.170000000001892,0.610000000000582,143.07
"1111","weak",400,131,31460842,0.229999999999563,0.670000000001892,139.349999999999
"1111","weak",400,132,31460843,0.219999999997526,0.68999999999869,139.43
"1111","weak",400,133,31460844,0.139999999999418,0.700000000000728,147.559999999998
"1111","weak",400,134,31460845,0.159999999999854,0.630000000001019,147.630000000001
"1111","weak",400,135,31460846,0.150000000001455,0.579999999998108,136.329999999998
"1111","weak",400,136,31460847,0.220000000001164,0.639999999999418,143.599999999999
"1111","weak",400,137,31460848,0.180000000000291,0.720000000001164,139.580000000002
"1111","weak",400,138,31460849,0.180000000000291,0.549999999999272,143.580000000002
"1111","weak",400,139,31460850,0.220000000001164,0.690000000002328,141.130000000001
"1111","weak",400,140,31460851,0.180000000000291,0.659999999999854,142.650000000001
"1111","weak",400,141,31460852,0.159999999999854,0.809999999997672,142.380000000001
"1111","weak",400,142,31460853,0.240000000001601,0.590000000000146,151.849999999999
"1111","weak",400,143,31460854,0.200000000000728,0.639999999999418,141.279999999999
"1111","weak",400,144,31460855,0.18999999999869,0.649999999997817,154.52
"1111","weak",400,145,31460856,0.159999999999854,0.730000000003201,139.59
"1111","weak",400,146,31460857,0.180000000000291,0.610000000000582,144.509999999998
"1111","weak",400,147,31460858,0.140000000003056,0.659999999999854,140.23
"1111","weak",400,148,31460859,0.110000000000582,0.620000000002619,136.720000000001
"1111","weak",400,149,31460860,0.200000000000728,0.610000000000582,147.689999999999
"1111","weak",400,150,31460861,0.240000000001601,0.580000000001746,138.860000000001
"1111","weak",400,151,31460862,0.159999999999854,0.649999999997817,144.279999999999
"1111","weak",400,152,31460863,0.180000000000291,0.68999999999869,138.98
"1111","weak",400,153,31460864,0.229999999999563,0.479999999999563,144.939999999999
"1111","weak",400,154,31460865,0.170000000001892,0.779999999998836,139.670000000002
"1111","weak",400,155,31460866,0.180000000000291,0.709999999999127,135.810000000001
"1111","weak",400,156,31460867,0.25,0.690000000002328,142.57
"1111","weak",400,157,31460868,0.220000000001164,0.669999999998254,142.170000000002
"1111","weak",400,158,31460869,0.169999999998254,0.650000000001455,139.889999999999
"1111","weak",400,159,31460870,0.18999999999869,0.659999999999854,139.579999999998
"1111","weak",400,160,31460871,0.180000000000291,0.709999999999127,143.170000000002
"1111","weak",400,161,31460872,0.159999999999854,0.669999999998254,143.639999999999
"1111","weak",400,162,31460873,0.159999999999854,0.659999999999854,136.23
"1111","weak",400,163,31460874,0.140000000003056,0.799999999999272,144.209999999999
"1111","weak",400,164,31460875,0.19999999999709,0.639999999999418,142.829999999998
"1111","weak",400,165,31460876,0.210000000002765,0.579999999998108,135.959999999999
"1111","weak",400,166,31460877,0.139999999999418,0.630000000001019,143.029999999999
"1111","weak",400,167,31460878,0.159999999999854,0.659999999999854,138.049999999999
"1111","weak",400,168,31460879,0.18999999999869,0.569999999999709,152.169999999998
"1111","weak",400,169,31460880,0.240000000001601,0.650000000001455,150.610000000001
"1111","weak",400,170,31460881,0.169999999998254,0.549999999999272,135.889999999999
"1111","weak",400,171,31460882,0.150000000001455,0.529999999998836,140.669999999998
"1111","weak",400,172,31460883,0.220000000001164,0.549999999999272,141.350000000002
"1111","weak",400,173,31460884,0.180000000000291,0.639999999999418,143.939999999999
"1111","weak",400,174,31460885,0.259999999998399,0.590000000000146,146.330000000002
"1111","weak",400,175,31460886,0.25,0.639999999999418,144.779999999999
"1111","weak",400,176,31460887,0.139999999999418,0.610000000000582,142.289999999997
"1111","weak",400,177,31460888,0.18999999999869,0.670000000001892,141.400000000001
"1111","weak",400,178,31460889,0.200000000000728,0.610000000000582,146.399999999998
"1111","weak",400,179,31460890,0.209999999999127,0.690000000002328,138.870000000003
"1111","weak",400,180,31460891,0.130000000001019,0.56000000000131,142.639999999999
"1111","weak",400,181,31460892,0.159999999999854,0.650000000001455,148.579999999998
"1111","weak",400,182,31460893,0.190000000002328,0.75,151.029999999999
"1111","weak",400,183,31460894,0.229999999999563,0.639999999999418,147.18
"1111","weak",400,184,31460895,0.150000000001455,0.569999999999709,140.209999999999
"1111","weak",400,185,31460896,0.180000000000291,0.659999999999854,139.629999999997
"1111","weak",400,186,31460897,0.270000000000437,0.610000000000582,147.73
"1111","weak",400,187,31460898,0.140000000003056,0.690000000002328,152.16
"1111","weak",400,188,31460899,0.180000000000291,0.670000000001892,144.700000000001
"1111","weak",400,189,31460900,0.159999999999854,0.580000000001746,143.450000000001
"1111","weak",400,190,31460901,0.169999999998254,0.75,140.889999999999
"1111","weak",400,191,31460902,0.180000000000291,0.590000000000146,137.360000000001
"1111","weak",400,192,31460903,0.190000000002328,0.639999999999418,137.689999999999
"1111","weak",400,193,31460904,0.159999999999854,0.659999999999854,135.139999999999
"1111","weak",400,194,31460905,0.200000000000728,0.709999999999127,138.91
"1111","weak",400,195,31460906,0.139999999999418,0.609999999996944,146.73
"1111","weak",400,196,31460907,0.25,0.659999999999854,150.84
"1111","weak",400,197,31460908,0.209999999999127,0.659999999999854,144.18
"1111","weak",400,198,31460909,0.19999999999709,0.709999999999127,150.510000000002
"1111","weak",400,199,31460910,0.200000000000728,0.590000000000146,141.73
"1111","weak",400,200,31460911,0.180000000000291,0.619999999998981,143.09
"1111","weak",400,201,31460912,0.239999999997963,0.639999999999418,141.450000000001
"1111","weak",400,202,31460913,0.170000000001892,0.580000000001746,152.669999999998
"1111","weak",400,203,31460914,0.159999999999854,0.569999999999709,141.720000000001
"1111","weak",400,204,31460915,0.139999999999418,0.709999999999127,137.110000000001
"1111","weak",400,205,31460916,0.190000000002328,0.590000000000146,140.199999999997
"1111","weak",400,206,31460917,0.180000000000291,0.509999999998399,140.530000000002
"1111","weak",400,207,31460918,0.190000000002328,0.649999999997817,146.189999999999
"1111","weak",400,208,31460919,0.180000000000291,0.680000000000291,148.310000000001
"1111","weak",400,209,31460920,0.159999999999854,0.56000000000131,159.450000000001
"1111","weak",400,210,31460921,0.180000000000291,0.579999999998108,140.280000000002
"1111","weak",400,211,31460922,0.18999999999869,0.720000000001164,146.75
"1111","weak",400,212,31460923,0.229999999999563,0.630000000001019,147.84
"1111","weak",400,213,31460924,0.150000000001455,0.579999999998108,137.739999999998
"1111","weak",400,214,31460925,0.169999999998254,0.529999999998836,147.299999999999
"1111","weak",400,215,31460926,0.200000000000728,0.669999999998254,148.029999999999
"1111","weak",400,216,31460927,0.200000000000728,0.600000000002183,145.040000000001
"1111","weak",400,217,31460928,0.169999999998254,0.530000000002474,138.029999999999
"1111","weak",400,218,31460929,0.190000000002328,0.649999999997817,148.720000000001
"1111","weak",400,219,31460930,0.180000000000291,0.630000000001019,141.579999999998
"1111","weak",400,220,31460931,0.240000000001601,0.610000000000582,140.610000000001
"1111","weak",400,221,31460932,0.169999999998254,0.639999999999418,145.190000000002
"1111","weak",400,222,31460933,0.219999999997526,0.590000000000146,140
"1111","weak",400,223,31460934,0.150000000001455,0.5,141.079999999998
"1111","weak",400,224,31460935,0.219999999997526,0.68999999999869,148.050000000003
"1111","weak",400,225,31460936,0.209999999999127,0.540000000000873,141.900000000001
"1111","weak",400,226,31460937,0.259999999998399,0.580000000001746,140.060000000001
"1111","weak",400,227,31460938,0.180000000000291,0.709999999999127,142.220000000001
"1111","weak",400,228,31460939,0.18999999999869,0.650000000001455,140.529999999995
"1111","weak",400,229,31460940,0.150000000001455,0.689999999995052,146.839999999997
"1111","weak",400,230,31460941,0.120000000002619,0.599999999998545,140.459999999999
"1111","weak",400,231,31460942,0.159999999996217,0.75,136.060000000005
"1111","weak",400,232,31460943,0.230000000003201,0.669999999998254,148.400000000001
"1111","weak",400,233,31460944,0.169999999998254,0.599999999998545,139.550000000003
"1111","weak",400,234,31460945,0.180000000000291,0.739999999997963,147.220000000001
"1111","weak",400,235,31460946,0.209999999999127,0.549999999995634,146.090000000004
"1111","weak",400,236,31460947,0.220000000001164,0.580000000001746,136.629999999997
"1111","weak",400,237,31460948,0.209999999999127,0.640000000006694,146.849999999999
"1111","weak",400,238,31460949,0.169999999998254,0.659999999996217,148.639999999999
"1111","weak",400,239,31460950,0.160000000003492,0.57999999999447,140.25
"1111","weak",400,240,31460951,0.200000000004366,0.590000000003783,139.790000000001
"1111","weak",400,241,31460952,0.150000000001455,0.590000000003783,140.579999999994
"1111","weak",400,242,31460953,0.139999999999418,0.760000000002037,135.409999999996
"1111","weak",400,243,31460954,0.25,0.569999999999709,140.239999999998
"1111","weak",400,244,31460955,0.159999999996217,0.629999999997381,151.07
"1111","weak",400,245,31460956,0.230000000003201,0.569999999999709,149.93
"1111","weak",400,246,31460957,0.220000000001164,0.620000000002619,142.900000000001
"1111","weak",400,247,31460958,0.180000000000291,0.549999999995634,150.949999999997
"1111","weak",400,248,31460959,0.159999999996217,0.610000000000582,142.5
"1111","weak",400,249,31460960,0.190000000002328,0.640000000006694,143.110000000001
"1111","weak",400,250,31460961,0.19999999999709,0.669999999998254,148.639999999999
"1111","weak",400,251,31460962,0.160000000003492,0.620000000002619,147.610000000001
"1111","weak",400,252,31460963,0.17000000000553,0.709999999999127,138.120000000003
"1111","weak",400,253,31460964,0.169999999998254,0.610000000000582,148.889999999999
"1111","weak",400,254,31460965,0.209999999999127,0.75,145.839999999997
"1111","weak",400,255,31460966,0.19999999999709,0.650000000001455,138.279999999999
"1111","weak",400,256,31460967,0.189999999995052,0.459999999999127,144.449999999997
"1111","weak",400,257,31460968,0.19999999999709,0.669999999998254,139.080000000002
"1111","weak",400,258,31460969,0.209999999999127,0.57999999999447,147.200000000004
"1111","weak",400,259,31460970,0.139999999999418,0.639999999999418,140.190000000002
"1111","weak",400,260,31460971,0.25,0.510000000002037,143.43
"1111","weak",400,261,31460972,0.180000000000291,0.55000000000291,140.279999999999
"1111","weak",400,262,31460973,0.169999999998254,0.75,147.110000000001
"1111","weak",400,263,31460974,0.180000000000291,0.629999999997381,139.669999999998
"1111","weak",400,264,31460975,0.150000000001455,0.650000000001455,145.690000000002
"1111","weak",400,265,31460976,0.209999999999127,0.629999999997381,137
"1111","weak",400,266,31460977,0.159999999996217,0.669999999998254,140.269999999997
"1111","weak",400,267,31460978,0.160000000003492,0.590000000003783,146.049999999996
"1111","weak",400,268,31460979,0.189999999995052,0.560000000004948,141.970000000001
"1111","weak",400,269,31460980,0.120000000002619,0.639999999999418,157.869999999995
"1111","weak",400,270,31460981,0.19999999999709,0.650000000001455,138.68
"1111","weak",400,271,31460982,0.169999999998254,0.569999999999709,138.849999999999
"1111","weak",400,272,31460983,0.200000000004366,0.659999999996217,140.230000000003
"1111","weak",400,273,31460984,0.160000000003492,0.569999999999709,143.909999999996
"1111","weak",400,274,31460985,0.169999999998254,0.639999999999418,145.779999999999
"1111","weak",400,275,31460986,0.159999999996217,0.919999999998254,163.190000000002
"1111","weak",400,276,31460987,0.239999999997963,0.849999999998545,179.059999999998
"1111","weak",400,277,31460988,0.30000000000291,0.94999999999709,176.409999999996
"1111","weak",400,278,31460989,0.290000000000873,1.05000000000291,171.959999999999
"1111","weak",400,279,31460990,0.189999999995052,0.889999999999418,177.330000000002
"1111","weak",400,280,31460991,0.17000000000553,0.75,168.939999999995
"1111","weak",400,281,31460992,0.25,0.839999999996508,171.650000000001
"1111","weak",400,282,31460993,0.239999999997963,0.739999999997963,175
"1111","weak",400,283,31460994,0.220000000001164,0.5,163.840000000004
"1111","weak",400,284,31460995,0.150000000001455,0.610000000000582,147.489999999998
"1111","weak",400,285,31460996,0.229999999995925,0.639999999999418,142.700000000004
"1111","weak",400,286,31460997,0.17000000000553,0.620000000002619,144.550000000003
"1111","weak",400,287,31460998,0.180000000000291,0.510000000002037,147.470000000001
"1111","weak",400,288,31460999,0.159999999996217,0.680000000000291,147.150000000001
"1111","weak",400,289,31461000,0.139999999999418,0.680000000000291,139.669999999998
"1111","weak",400,290,31461001,0.169999999998254,0.620000000002619,140.879999999997
"1111","weak",400,291,31461002,0.139999999999418,0.730000000003201,142.18
"1111","weak",400,292,31461003,0.25,0.69999999999709,143.589999999997
"1111","weak",400,293,31461004,0.17000000000553,0.560000000004948,134.279999999999
"1111","weak",400,294,31461005,0.230000000003201,0.540000000000873,148.340000000004
"1111","weak",400,295,31461006,0.219999999993888,0.589999999996508,145.209999999999
"1111","weak",400,296,31461007,0.220000000001164,0.599999999998545,142.369999999995
"1111","weak",400,297,31461008,0.209999999999127,0.580000000001746,146.340000000004
"1111","weak",400,298,31461009,0.150000000001455,0.659999999996217,147.560000000005
"1111","weak",400,299,31461010,0.190000000002328,0.720000000001164,144.699999999997
"1111","weak",400,300,31461011,0.220000000001164,0.680000000000291,139.589999999997
"0111","weak",400,1,41460712,0.200000000004366,0.239999999997963,142.840000000004
"0111","weak",400,2,41460713,0.190000000002328,0.239999999997963,136.18
"0111","weak",400,3,41460714,0.190000000002328,0.30000000000291,140.299999999996
"0111","weak",400,4,41460715,0.159999999996217,0.239999999997963,142.75
"0111","weak",400,5,41460716,0.190000000002328,0.239999999997963,139.770000000004
"0111","weak",400,6,41460717,0.169999999998254,0.279999999998836,140.949999999997
"0111","weak",400,7,41460718,0.139999999999418,0.19999999999709,141.209999999999
"0111","weak",400,8,41460719,0.139999999999418,0.25,145.540000000001
"0111","weak",400,9,41460720,0.169999999998254,0.200000000004366,139
"0111","weak",400,10,41460721,0.159999999996217,0.290000000000873,151.340000000004
"0111","weak",400,11,41460722,0.190000000002328,0.279999999998836,156.209999999999
"0111","weak",400,12,41460723,0.220000000001164,0.239999999997963,136.050000000003
"0111","weak",400,13,41460724,0.150000000001455,0.17000000000553,140.25
"0111","weak",400,14,41460725,0.169999999998254,0.209999999999127,139.68
"0111","weak",400,15,41460726,0.180000000000291,0.25,143.029999999999
"0111","weak",400,16,41460727,0.190000000002328,0.290000000000873,137.489999999998
"0111","weak",400,17,41460728,0.159999999996217,0.290000000000873,144.420000000006
"0111","weak",400,18,41460729,0.190000000002328,0.25,143.910000000003
"0111","weak",400,19,41460730,0.160000000003492,0.239999999997963,140.690000000002
"0111","weak",400,20,41460731,0.200000000004366,0.239999999997963,137.360000000001
"0111","weak",400,21,41460732,0.139999999999418,0.200000000004366,136.799999999996
"0111","weak",400,22,41460733,0.139999999999418,0.299999999995634,139.849999999999
"0111","weak",400,23,41460734,0.110000000000582,0.239999999997963,137.650000000001
"0111","weak",400,24,41460735,0.139999999999418,0.200000000004366,141.25
"0111","weak",400,25,41460736,0.189999999995052,0.220000000001164,139.440000000002
"0111","weak",400,26,41460737,0.200000000004366,0.219999999993888,140.620000000003
"0111","weak",400,27,41460738,0.19999999999709,0.19999999999709,136.800000000003
"0111","weak",400,28,41460739,0.160000000003492,0.209999999999127,136.900000000001
"0111","weak",400,29,41460740,0.169999999998254,0.219999999993888,137.940000000002
"0111","weak",400,30,41460741,0.169999999998254,0.169999999998254,141.839999999997
"0111","weak",400,31,41460742,0.150000000001455,0.25,145.25
"0111","weak",400,32,41460743,0.209999999999127,0.309999999997672,149.93
"0111","weak",400,33,41460744,0.190000000002328,0.239999999997963,141.299999999996
"0111","weak",400,34,41460745,0.150000000001455,0.19999999999709,146.970000000001
"0111","weak",400,35,41460746,0.189999999995052,0.159999999996217,135.360000000001
"0111","weak",400,36,41460747,0.139999999999418,0.209999999999127,138.330000000002
"0111","weak",400,37,41460748,0.139999999999418,0.180000000000291,135.470000000001
"0111","weak",400,38,41460749,0.169999999998254,0.239999999997963,139.230000000003
"0111","weak",400,39,41460750,0.159999999996217,0.19999999999709,137.050000000003
"0111","weak",400,40,41460751,0.160000000003492,0.25,152.07
"0111","weak",400,41,41460752,0.169999999998254,0.25,139.339999999997
"0111","weak",400,42,41460753,0.160000000003492,0.209999999999127,140.919999999998
"0111","weak",400,43,41460754,0.220000000001164,0.150000000001455,139.580000000002
"0111","weak",400,44,41460755,0.190000000002328,0.260000000002037,152.209999999999
"0111","weak",400,45,41460756,0.139999999999418,0.19999999999709,142.720000000001
"0111","weak",400,46,41460757,0.190000000002328,0.239999999997963,142
"0111","weak",400,47,41460758,0.139999999999418,0.159999999996217,135.230000000003
"0111","weak",400,48,41460759,0.180000000000291,0.290000000000873,141.889999999999
"0111","weak",400,49,41460760,0.150000000001455,0.19999999999709,139.18
"0111","weak",400,50,41460761,0.169999999998254,0.209999999999127,135.450000000004
"0111","weak",400,51,41460762,0.17000000000553,0.239999999997963,136.729999999996
"0111","weak",400,52,41460763,0.130000000004657,0.239999999997963,138.370000000003
"0111","weak",400,53,41460764,0.180000000000291,0.260000000002037,137.609999999993
"0111","weak",400,54,41460765,0.160000000003492,0.239999999997963,143.939999999995
"0111","weak",400,55,41460766,0.139999999999418,0.269999999996799,138.520000000004
"0111","weak",400,56,41460767,0.150000000001455,0.220000000001164,137.290000000001
"0111","weak",400,57,41460768,0.17000000000553,0.260000000002037,141.860000000001
"0111","weak",400,58,41460769,0.19999999999709,0.30000000000291,138.809999999998
"0111","weak",400,59,41460770,0.169999999998254,0.200000000004366,141
"0111","weak",400,60,41460771,0.139999999999418,0.220000000001164,141.779999999999
"0111","weak",400,61,41460772,0.220000000001164,0.25,140.57
"0111","weak",400,62,41460773,0.200000000004366,0.209999999999127,139.459999999999
"0111","weak",400,63,41460774,0.169999999998254,0.25,139.339999999997
"0111","weak",400,64,41460775,0.209999999999127,0.220000000001164,141.349999999999
"0111","weak",400,65,41460776,0.19999999999709,0.269999999996799,134.089999999997
"0111","weak",400,66,41460777,0.110000000000582,0.239999999997963,143.629999999997
"0111","weak",400,67,41460778,0.169999999998254,0.330000000001746,137.580000000002
"0111","weak",400,68,41460779,0.139999999999418,0.200000000004366,133.629999999997
"0111","weak",400,69,41460780,0.169999999998254,0.25,135.059999999998
"0111","weak",400,70,41460781,0.150000000001455,0.200000000004366,136.57
"0111","weak",400,71,41460782,0.139999999999418,0.190000000002328,140.140000000007
"0111","weak",400,72,41460783,0.200000000004366,0.209999999999127,139.189999999995
"0111","weak",400,73,41460784,0.139999999999418,0.260000000002037,136.110000000001
"0111","weak",400,74,41460785,0.19999999999709,0.309999999997672,142.989999999998
"0111","weak",400,75,41460786,0.190000000002328,0.220000000001164,148.159999999996
"0111","weak",400,76,41460787,0.139999999999418,0.220000000001164,138.689999999995
"0111","weak",400,77,41460788,0.160000000003492,0.290000000000873,139.239999999998
"0111","weak",400,78,41460789,0.190000000002328,0.220000000001164,133.82
"0111","weak",400,79,41460790,0.150000000001455,0.269999999996799,144.900000000001
"0111","weak",400,80,41460791,0.220000000001164,0.230000000003201,133.389999999999
"0111","weak",400,81,41460792,0.190000000002328,0.209999999999127,142.779999999999
"0111","weak",400,82,41460793,0.190000000002328,0.25,142.530000000006
"0111","weak",400,83,41460794,0.159999999996217,0.209999999999127,142.029999999999
"0111","weak",400,84,41460795,0.220000000001164,0.25,143.940000000002
"0111","weak",400,85,41460796,0.130000000004657,0.25,144.699999999997
"0111","weak",400,86,41460797,0.209999999999127,0.200000000004366,139.409999999996
"0111","weak",400,87,41460798,0.190000000002328,0.279999999998836,145.489999999998
"0111","weak",400,88,41460799,0.139999999999418,0.25,140.809999999998
"0111","weak",400,89,41460800,0.190000000002328,0.299999999995634,139.589999999997
"0111","weak",400,90,41460801,0.200000000004366,0.209999999999127,152.779999999999
"0111","weak",400,91,41460802,0.190000000002328,0.269999999996799,143.689999999995
"0111","weak",400,92,41460803,0.190000000002328,0.239999999997963,144.169999999998
"0111","weak",400,93,41460804,0.169999999998254,0.25,142.080000000002
"0111","weak",400,94,41460805,0.139999999999418,0.220000000001164,140.580000000002
"0111","weak",400,95,41460806,0.139999999999418,0.25,146.150000000001
"0111","weak",400,96,41460807,0.190000000002328,0.279999999998836,140.75
"0111","weak",400,97,41460808,0.220000000001164,0.239999999997963,141.459999999999
"0111","weak",400,98,41460809,0.169999999998254,0.19999999999709,137.849999999999
"0111","weak",400,99,41460810,0.190000000002328,0.200000000004366,140.669999999998
"0111","weak",400,100,41460811,0.139999999999418,0.220000000001164,141.059999999998
"0111","weak",400,101,41460812,0.150000000001455,0.290000000000873,152.309999999998
"0111","weak",400,102,41460813,0.180000000000291,0.220000000001164,152.910000000003
"0111","weak",400,103,41460814,0.169999999998254,0.230000000003201,135.360000000001
"0111","weak",400,104,41460815,0.220000000001164,0.230000000003201,138.309999999998
"0111","weak",400,105,41460816,0.209999999999127,0.25,138.769999999997
"0111","weak",400,106,41460817,0.169999999998254,0.239999999997963,139.170000000006
"0111","weak",400,107,41460818,0.169999999998254,0.200000000004366,140.080000000002
"0111","weak",400,108,41460819,0.160000000003492,0.230000000003201,142.520000000004
"0111","weak",400,109,41460820,0.160000000003492,0.190000000002328,137.75
"0111","weak",400,110,41460821,0.190000000002328,0.19999999999709,139.25
"0111","weak",400,111,41460822,0.150000000001455,0.180000000000291,148.389999999999
"0111","weak",400,112,41460823,0.160000000003492,0.25,134.620000000003
"0111","weak",400,113,41460824,0.19999999999709,0.189999999995052,138.269999999997
"0111","weak",400,114,41460825,0.209999999999127,0.310000000004948,139.169999999998
"0111","weak",400,115,41460826,0.180000000000291,0.230000000003201,146.329999999994
"0111","weak",400,116,41460827,0.180000000000291,0.190000000002328,138.290000000001
"0111","weak",400,117,41460828,0.129999999997381,0.25,143.25
"0111","weak",400,118,41460829,0.189999999995052,0.279999999998836,146.189999999995
"0111","weak",400,119,41460830,0.189999999995052,0.260000000002037,138.580000000002
"0111","weak",400,120,41460831,0.150000000001455,0.219999999993888,137.830000000002
"0111","weak",400,121,41460832,0.220000000001164,0.169999999998254,137.589999999997
"0111","weak",400,122,41460833,0.160000000003492,0.260000000002037,142.119999999995
"0111","weak",400,123,41460834,0.25,0.169999999998254,149.549999999996
"0111","weak",400,124,41460835,0.159999999996217,0.25,145.129999999997
"0111","weak",400,125,41460836,0.160000000003492,0.269999999996799,137.940000000002
"0111","weak",400,126,41460837,0.150000000001455,0.25,139.770000000004
"0111","weak",400,127,41460838,0.129999999997381,0.309999999997672,138.029999999999
"0111","weak",400,128,41460839,0.180000000000291,0.17000000000553,146.519999999997
"0111","weak",400,129,41460840,0.180000000000291,0.220000000001164,143.730000000003
"0111","weak",400,130,41460841,0.169999999998254,0.269999999996799,145.860000000001
"0111","weak",400,131,41460842,0.150000000001455,0.279999999998836,138.5
"0111","weak",400,132,41460843,0.129999999997381,0.230000000003201,139.159999999996
"0111","weak",400,133,41460844,0.120000000002619,0.229999999995925,138.360000000001
"0111","weak",400,134,41460845,0.139999999999418,0.239999999997963,137.68
"0111","weak",400,135,41460846,0.130000000004657,0.260000000002037,137.779999999999
"0111","weak",400,136,41460847,0.209999999999127,0.220000000001164,136.920000000006
"0111","weak",400,137,41460848,0.160000000003492,0.25,146.32
"0111","weak",400,138,41460849,0.169999999998254,0.200000000004366,142.730000000003
"0111","weak",400,139,41460850,0.169999999998254,0.19999999999709,146
"0111","weak",400,140,41460851,0.220000000001164,0.30000000000291,140.029999999999
"0111","weak",400,141,41460852,0.180000000000291,0.169999999998254,140.519999999997
"0111","weak",400,142,41460853,0.189999999995052,0.169999999998254,145.160000000003
"0111","weak",400,143,41460854,0.139999999999418,0.299999999995634,142.57
"0111","weak",400,144,41460855,0.169999999998254,0.209999999999127,145.609999999993
"0111","weak",400,145,41460856,0.160000000003492,0.209999999999127,138.260000000002
"0111","weak",400,146,41460857,0.169999999998254,0.25,142.559999999998
"0111","weak",400,147,41460858,0.17000000000553,0.239999999997963,131.330000000002
"0111","weak",400,148,41460859,0.139999999999418,0.190000000002328,126.720000000001
"0111","weak",400,149,41460860,0.17,1,134.17
"0111","weak",400,150,41460861,0.169999999999987,0.310000000000002,137.85
"0111","weak",400,151,41460862,0.149999999999977,0.25,138.64
"0111","weak",400,152,41460863,0.189999999999998,0.169999999999959,153.03
"0111","weak",400,153,41460864,0.220000000000027,0.199999999999932,143.33
"0111","weak",400,154,41460865,0.159999999999968,0.209999999999923,145.29
"0111","weak",400,155,41460866,0.139999999999986,0.169999999999959,151.19
"0111","weak",400,156,41460867,0.189999999999941,0.220000000000027,138.34
"0111","weak",400,157,41460868,0.189999999999827,0.230000000000018,135.09
"0111","weak",400,158,41460869,0.119999999999891,0.210000000000036,140.06
"0111","weak",400,159,41460870,0.190000000000055,0.220000000000027,138.76
"0111","weak",400,160,41460871,0.220000000000027,0.230000000000018,133.56
"0111","weak",400,161,41460872,0.189999999999827,0.279999999999973,141.1
"0111","weak",400,162,41460873,0.210000000000036,0.199999999999818,132.5
"0111","weak",400,163,41460874,0.220000000000027,0.239999999999782,146.44
"0111","weak",400,164,41460875,0.130000000000109,0.2199999999998,135.16
"0111","weak",400,165,41460876,0.140000000000327,0.230000000000018,141.09
"0111","weak",400,166,41460877,0.170000000000073,0.230000000000018,140.14
"0111","weak",400,167,41460878,0.159999999999854,0.220000000000255,142.95
"0111","weak",400,168,41460879,0.150000000000091,0.230000000000018,135.41
"0111","weak",400,169,41460880,0.139999999999873,0.25,135.89
"0111","weak",400,170,41460881,0.179999999999836,0.179999999999836,140.08
"0111","weak",400,171,41460882,0.110000000000127,0.269999999999982,135.22
"0111","weak",400,172,41460883,0.199999999999818,0.230000000000018,136.72
"0111","weak",400,173,41460884,0.170000000000073,0.269999999999982,137.52
"0111","weak",400,174,41460885,0.159999999999854,0.240000000000236,136.19
"0111","weak",400,175,41460886,0.170000000000073,0.190000000000055,135.57
"0111","weak",400,176,41460887,0.170000000000073,0.220000000000255,139.14
"0111","weak",400,177,41460888,0.190000000000055,0.289999999999964,136.44
"0111","weak",400,178,41460889,0.199999999999818,0.220000000000255,138.53
"0111","weak",400,179,41460890,0.139999999999418,0.220000000000255,142.17
"0111","weak",400,180,41460891,0.220000000000255,0.200000000000728,138
"0111","weak",400,181,41460892,0.190000000000509,0.220000000000255,133.92
"0111","weak",400,182,41460893,0.180000000000291,0.180000000000291,135.04
"0111","weak",400,183,41460894,0.1899999999996,0.230000000000473,146.38
"0111","weak",400,184,41460895,0.130000000000109,0.1899999999996,142.18
"0111","weak",400,185,41460896,0.199999999999818,0.270000000000437,133.950000000001
"0111","weak",400,186,41460897,0.109999999999673,0.25,135.64
"0111","weak",400,187,41460898,0.160000000000764,0.280000000000655,144.95
"0111","weak",400,188,41460899,0.109999999999673,0.319999999999709,138.059999999999
"0111","weak",400,189,41460900,0.220000000000255,0.1899999999996,133.99
"0111","weak",400,190,41460901,0.119999999999891,0.25,138.910000000001
"0111","weak",400,191,41460902,0.139999999999418,0.190000000000509,133.34
"0111","weak",400,192,41460903,0.200000000000728,0.270000000000437,145.72
"0111","weak",400,193,41460904,0.210000000000036,0.220000000000255,139.69
"0111","weak",400,194,41460905,0.170000000000073,0.1899999999996,140.950000000001
"0111","weak",400,195,41460906,0.180000000000291,0.220000000000255,139.95
"0111","weak",400,196,41460907,0.170000000000073,0.220000000000255,138.99
"0111","weak",400,197,41460908,0.170000000000073,0.229999999999563,143.669999999999
"0111","weak",400,198,41460909,0.180000000000291,0.280000000000655,142.51
"0111","weak",400,199,41460910,0.180000000000291,0.260000000000218,136.450000000001
"0111","weak",400,200,41460911,0.170000000000073,0.259999999999309,143.49
"0111","weak",400,201,41460912,0.159999999999854,0.239999999999782,143.780000000001
"0111","weak",400,202,41460913,0.180000000000291,0.270000000000437,135.63
"0111","weak",400,203,41460914,0.200000000000728,0.210000000000036,134.95
"0111","weak",400,204,41460915,0.160000000000764,0.229999999999563,134.03
"0111","weak",400,205,41460916,0.139999999999418,0.25,139.11
"0111","weak",400,206,41460917,0.25,0.239999999999782,139.06
"0111","weak",400,207,41460918,0.1899999999996,0.190000000000509,137.339999999999
"0111","weak",400,208,41460919,0.139999999999418,0.260000000000218,144.119999999999
"0111","weak",400,209,41460920,0.159999999999854,0.200000000000728,144.929999999998
"0111","weak",400,210,41460921,0.229999999999563,0.239999999999782,142.52
"0111","weak",400,211,41460922,0.219999999999345,0.180000000000291,141.83
"0111","weak",400,212,41460923,0.25,0.199999999998909,142.01
"0111","weak",400,213,41460924,0.209999999999127,0.25,148.360000000001
"0111","weak",400,214,41460925,0.170000000000073,0.18999999999869,149.970000000001
"0111","weak",400,215,41460926,0.170000000000073,0.200000000000728,140.269999999999
"0111","weak",400,216,41460927,0.160000000001673,0.210000000000946,135.67
"0111","weak",400,217,41460928,0.170000000000073,0.219999999999345,139.849999999999
"0111","weak",400,218,41460929,0.140000000001237,0.319999999999709,138.280000000001
"0111","weak",400,219,41460930,0.200000000000728,0.25,130.5
"0111","weak",400,220,41460931,0.170000000000073,0.170000000000073,151.849999999999
"0111","weak",400,221,41460932,0.190000000000509,0.280000000000655,136.49
"0111","weak",400,222,41460933,0.1299999999992,0.260000000000218,133.73
"0111","weak",400,223,41460934,0.1200000000008,0.25,138.809999999999
"0111","weak",400,224,41460935,0.150000000001455,0.170000000000073,132.209999999999
"0111","weak",400,225,41460936,0.190000000000509,0.190000000000509,138.34
"0111","weak",400,226,41460937,0.170000000000073,0.219999999999345,132.530000000001
"0111","weak",400,227,41460938,0.190000000000509,0.209999999999127,138.08
"0111","weak",400,228,41460939,0.119999999998981,0.279999999998836,136.859999999999
"0111","weak",400,229,41460940,0.139999999999418,0.230000000001382,135.130000000001
"0111","weak",400,230,41460941,0.170000000000073,0.200000000000728,137.110000000001
"0111","weak",400,231,41460942,0.159999999999854,0.25,137.789999999999
"0111","weak",400,232,41460943,0.149999999999636,0.240000000001601,141.1
"0111","weak",400,233,41460944,0.119999999998981,0.269999999998618,144.949999999999
"0111","weak",400,234,41460945,0.149999999999636,0.199999999998909,150.410000000002
"0111","weak",400,235,41460946,0.190000000000509,0.299999999999272,137.940000000001
"0111","weak",400,236,41460947,0.190000000000509,0.219999999999345,133.309999999999
"0111","weak",400,237,41460948,0.139999999999418,0.229999999999563,139.85
"0111","weak",400,238,41460949,0.169999999998254,0.239999999999782,139.689999999999
"0111","weak",400,239,41460950,0.150000000001455,0.210000000000946,143.560000000001
"0111","weak",400,240,41460951,0.139999999999418,0.220000000001164,138.449999999999
"0111","weak",400,241,41460952,0.140000000001237,0.190000000000509,136.74
"0111","weak",400,242,41460953,0.150000000001455,0.309999999999491,141.209999999999
"0111","weak",400,243,41460954,0.220000000001164,0.18999999999869,140.9
"0111","weak",400,244,41460955,0.1200000000008,0.259999999998399,135.780000000001
"0111","weak",400,245,41460956,0.139999999999418,0.280000000000655,144.27
"0111","weak",400,246,41460957,0.139999999999418,0.170000000000073,138.82
"0111","weak",400,247,41460958,0.149999999999636,0.279999999998836,142.139999999999
"0111","weak",400,248,41460959,0.139999999999418,0.200000000000728,140.030000000001
"0111","weak",400,249,41460960,0.1200000000008,0.279999999998836,133.75
"0111","weak",400,250,41460961,0.139999999999418,0.270000000000437,142.84
"0111","weak",400,251,41460962,0.190000000000509,0.280000000000655,137.33
"0111","weak",400,252,41460963,0.190000000000509,0.280000000000655,141.15
"0111","weak",400,253,41460964,0.160000000001673,0.179999999998472,140.16
"0111","weak",400,254,41460965,0.149999999999636,0.25,135.690000000001
"0111","weak",400,255,41460966,0.130000000001019,0.25,141.58
"0111","weak",400,256,41460967,0.210000000000946,0.219999999999345,152.439999999999
"0111","weak",400,257,41460968,0.200000000000728,0.200000000000728,136.09
"0111","weak",400,258,41460969,0.190000000000509,0.299999999999272,146.98
"0111","weak",400,259,41460970,0.220000000001164,0.25,138.360000000001
"0111","weak",400,260,41460971,0.159999999999854,0.209999999999127,144.17
"0111","weak",400,261,41460972,0.199999999998909,0.199999999998909,140.299999999999
"0111","weak",400,262,41460973,0.159999999999854,0.229999999999563,145.610000000001
"0111","weak",400,263,41460974,0.140000000001237,0.260000000000218,153.789999999999
"0111","weak",400,264,41460975,0.149999999999636,0.279999999998836,141.33
"0111","weak",400,265,41460976,0.180000000000291,0.219999999997526,134.330000000002
"0111","weak",400,266,41460977,0.169999999998254,0.229999999999563,134.389999999999
"0111","weak",400,267,41460978,0.159999999999854,0.220000000001164,139.759999999998
"0111","weak",400,268,41460979,0.220000000001164,0.25,146.959999999999
"0111","weak",400,269,41460980,0.120000000002619,0.25,140.810000000001
"0111","weak",400,270,41460981,0.130000000001019,0.260000000002037,137.09
"0111","weak",400,271,41460982,0.150000000001455,0.25,142.389999999999
"0111","weak",400,272,41460983,0.180000000000291,0.229999999999563,139.280000000002
"0111","weak",400,273,41460984,0.18999999999869,0.25,140.110000000001
"0111","weak",400,274,41460985,0.18999999999869,0.290000000000873,141.860000000001
"0111","weak",400,275,41460986,0.229999999999563,0.229999999999563,138.310000000001
"0111","weak",400,276,41460987,0.170000000001892,0.219999999997526,143.639999999999
"0111","weak",400,277,41460988,0.139999999999418,0.299999999999272,136.440000000002
"0111","weak",400,278,41460989,0.18999999999869,0.170000000001892,144.670000000002
"0111","weak",400,279,41460990,0.219999999997526,0.190000000002328,148.470000000001
"0111","weak",400,280,41460991,0.220000000001164,0.200000000000728,138.629999999997
"0111","weak",400,281,41460992,0.200000000000728,0.25,138.459999999999
"0111","weak",400,282,41460993,0.180000000000291,0.25,136.380000000001
"0111","weak",400,283,41460994,0.159999999999854,0.280000000002474,138.119999999999
"0111","weak",400,284,41460995,0.0999999999985448,0.230000000003201,141.639999999999
"0111","weak",400,285,41460996,0.159999999999854,0.280000000002474,139.119999999999
"0111","weak",400,286,41460997,0.169999999998254,0.18999999999869,138.110000000001
"0111","weak",400,287,41460998,0.220000000001164,0.25,135.209999999999
"0111","weak",400,288,41460999,0.170000000001892,0.340000000000146,136.41
"0111","weak",400,289,41461000,0.170000000001892,0.200000000000728,137.939999999999
"0111","weak",400,290,41461001,0.220000000001164,0.139999999999418,143.360000000001
"0111","weak",400,291,41461002,0.150000000001455,0.209999999999127,141.049999999999
"0111","weak",400,292,41461003,0.119999999998981,0.240000000001601,144.490000000002
"0111","weak",400,293,41461004,0.130000000001019,0.290000000000873,137.920000000002
"0111","weak",400,294,41461005,0.190000000002328,0.180000000000291,147.07
"0111","weak",400,295,41461006,0.159999999999854,0.219999999997526,138.189999999999
"0111","weak",400,296,41461007,0.149999999997817,0.25,139.889999999999
"0111","weak",400,297,41461008,0.150000000001455,0.209999999999127,145.970000000001
"0111","weak",400,298,41461009,0.18999999999869,0.240000000001601,136.189999999999
"0111","weak",400,299,41461010,0.18999999999869,0.240000000001601,140.240000000002
"0111","weak",400,300,41461011,0.180000000000291,0.200000000000728,143.200000000001
"1011","weak",400,1,51460712,0.170000000001892,0.569999999999709,136.02
"1011","weak",400,2,51460713,0.159999999999854,0.400000000001455,146.040000000001
"1011","weak",400,3,51460714,0.159999999999854,0.409999999999854,143.32
"1011","weak",400,4,51460715,0.139999999999418,0.409999999999854,139.759999999998
"1011","weak",400,5,51460716,0.169999999998254,0.350000000002183,150.84
"1011","weak",400,6,51460717,0.109999999996944,0.380000000001019,145.959999999999
"1011","weak",400,7,51460718,0.200000000000728,0.389999999999418,141.279999999999
"1011","weak",400,8,51460719,0.220000000001164,0.430000000000291,146.560000000001
"1011","weak",400,9,51460720,0.159999999999854,0.450000000000728,151.799999999999
"1011","weak",400,10,51460721,0.200000000000728,0.400000000001455,139.059999999998
"1011","weak",400,11,51460722,0.219999999997526,0.43999999999869,139.780000000002
"1011","weak",400,12,51460723,0.169999999998254,0.469999999997526,140.420000000002
"1011","weak",400,13,51460724,0.180000000000291,0.299999999999272,147.27
"1011","weak",400,14,51460725,0.18999999999869,0.44999999999709,141.639999999999
"1011","weak",400,15,51460726,0.150000000001455,0.360000000000582,141.610000000001
"1011","weak",400,16,51460727,0.209999999999127,0.520000000000437,140.830000000002
"1011","weak",400,17,51460728,0.18999999999869,0.389999999999418,144.549999999999
"1011","weak",400,18,51460729,0.200000000000728,0.479999999999563,136.669999999998
"1011","weak",400,19,51460730,0.139999999999418,0.360000000000582,137.75
"1011","weak",400,20,51460731,0.139999999999418,0.389999999999418,136.52
"1011","weak",400,21,51460732,0.169999999998254,0.389999999999418,138.5
"1011","weak",400,22,51460733,0.180000000000291,0.420000000001892,141.310000000001
"1011","weak",400,23,51460734,0.18999999999869,0.31000000000131,139.209999999999
"1011","weak",400,24,51460735,0.25,0.389999999999418,137.649999999998
"1011","weak",400,25,51460736,0.200000000000728,0.389999999999418,144.130000000001
"1011","weak",400,26,51460737,0.170000000001892,0.409999999999854,145.09
"1011","weak",400,27,51460738,0.220000000001164,0.479999999999563,141.84
"1011","weak",400,28,51460739,0.25,0.459999999999127,136.630000000001
"1011","weak",400,29,51460740,0.229999999999563,0.450000000000728,138.130000000001
"1011","weak",400,30,51460741,0.139999999999418,0.360000000000582,136.84
"1011","weak",400,31,51460742,0.119999999998981,0.389999999999418,140.18
"1011","weak",400,32,51460743,0.159999999999854,0.380000000001019,140.639999999999
"1011","weak",400,33,51460744,0.170000000001892,0.389999999999418,143.079999999998
"1011","weak",400,34,51460745,0.180000000000291,0.450000000000728,138.75
"1011","weak",400,35,51460746,0.190000000002328,0.360000000000582,140.389999999999
"1011","weak",400,36,51460747,0.209999999999127,0.450000000000728,139.34
"1011","weak",400,37,51460748,0.119999999998981,0.430000000000291,133.189999999999
"1011","weak",400,38,51460749,0.18999999999869,0.409999999999854,152.450000000001
"1011","weak",400,39,51460750,0.180000000000291,0.420000000001892,138.079999999998
"1011","weak",400,40,51460751,0.149999999997817,0.450000000000728,141.759999999998
"1011","weak",400,41,51460752,0.149999999997817,0.409999999999854,137.029999999999
"1011","weak",400,42,51460753,0.180000000000291,0.360000000000582,133.669999999998
"1011","weak",400,43,51460754,0.220000000001164,0.360000000000582,137.240000000002
"1011","weak",400,44,51460755,0.159999999999854,0.450000000000728,156.759999999998
"1011","weak",400,45,51460756,0.180000000000291,0.299999999999272,140.110000000001
"1011","weak",400,46,51460757,0.139999999999418,0.359999999996944,135.860000000001
"1011","weak",400,47,51460758,0.190000000002328,0.349999999998545,145.030000000002
"1011","weak",400,48,51460759,0.140000000003056,0.400000000001455,139.619999999999
"1011","weak",400,49,51460760,0.180000000000291,0.440000000002328,138.209999999999
"1011","weak",400,50,51460761,0.150000000001455,0.399999999997817,137.300000000003
"1011","weak",400,51,51460762,0.220000000001164,0.349999999998545,146.959999999999
"1011","weak",400,52,51460763,0.149999999997817,0.43999999999869,137.719999999998
"1011","weak",400,53,51460764,0.169999999998254,0.389999999999418,142.360000000001
"1011","weak",400,54,51460765,0.139999999999418,0.450000000000728,144.099999999999
"1011","weak",400,55,51460766,0.180000000000291,0.389999999999418,142.029999999999
"1011","weak",400,56,51460767,0.220000000001164,0.43999999999869,146.279999999999
"1011","weak",400,57,51460768,0.139999999999418,0.479999999999563,136.640000000003
"1011","weak",400,58,51460769,0.190000000002328,0.409999999999854,137.599999999999
"1011","weak",400,59,51460770,0.200000000000728,0.409999999999854,135.260000000002
"1011","weak",400,60,51460771,0.169999999998254,0.360000000000582,158.09
"1011","weak",400,61,51460772,0.219999999997526,0.420000000001892,162.91
"1011","weak",400,62,51460773,0.140000000003056,0.420000000001892,137.25
"1011","weak",400,63,51460774,0.149999999997817,0.430000000000291,134.84
"1011","weak",400,64,51460775,0.170000000001892,0.489999999997963,138.529999999999
"1011","weak",400,65,51460776,0.209999999999127,0.369999999998981,141.75
"1011","weak",400,66,51460777,0.18999999999869,0.360000000000582,142.329999999998
"1011","weak",400,67,51460778,0.209999999999127,0.349999999998545,138.669999999998
"1011","weak",400,68,51460779,0.180000000000291,0.479999999999563,139.5
"1011","weak",400,69,51460780,0.170000000001892,0.430000000000291,147.079999999998
"1011","weak",400,70,51460781,0.159999999999854,0.419999999998254,144.369999999999
"1011","weak",400,71,51460782,0.180000000000291,0.350000000002183,139.720000000001
"1011","weak",400,72,51460783,0.169999999998254,0.450000000000728,141.48
"1011","weak",400,73,51460784,0.190000000002328,0.430000000000291,136.040000000001
"1011","weak",400,74,51460785,0.159999999999854,0.470000000001164,133.170000000002
"1011","weak",400,75,51460786,0.190000000002328,0.490000000001601,144.5
"1011","weak",400,76,51460787,0.18999999999869,0.389999999999418,144.280000000002
"1011","weak",400,77,51460788,0.159999999999854,0.389999999999418,141.330000000002
"1011","weak",400,78,51460789,0.139999999999418,0.450000000000728,144.349999999999
"1011","weak",400,79,51460790,0.150000000001455,0.43999999999869,139.620000000003
"1011","weak",400,80,51460791,0.169999999998254,0.42000000000553,147.519999999997
"1011","weak",400,81,51460792,0.169999999998254,0.370000000002619,140.389999999999
"1011","weak",400,82,51460793,0.139999999999418,0.360000000000582,144.489999999998
"1011","weak",400,83,51460794,0.200000000004366,0.319999999999709,143.059999999998
"1011","weak",400,84,51460795,0.190000000002328,0.360000000000582,141
"1011","weak",400,85,51460796,0.139999999999418,0.409999999996217,151.299999999996
"1011","weak",400,86,51460797,0.139999999999418,0.419999999998254,135.730000000003
"1011","weak",400,87,51460798,0.169999999998254,0.439999999995052,139
"1011","weak",400,88,51460799,0.159999999996217,0.389999999999418,140.720000000001
"1011","weak",400,89,51460800,0.169999999998254,0.360000000000582,144.75
"1011","weak",400,90,51460801,0.17000000000553,0.529999999998836,141.419999999998
"1011","weak",400,91,51460802,0.189999999995052,0.450000000004366,146.720000000001
"1011","weak",400,92,51460803,0.209999999999127,0.370000000002619,138.889999999999
"1011","weak",400,93,51460804,0.190000000002328,0.330000000001746,142.220000000001
"1011","weak",400,94,51460805,0.150000000001455,0.470000000001164,138.809999999998
"1011","weak",400,95,51460806,0.110000000000582,0.389999999999418,140.439999999995
"1011","weak",400,96,51460807,0.160000000003492,0.400000000001455,140.450000000004
"1011","weak",400,97,51460808,0.180000000000291,0.419999999998254,140.25
"1011","weak",400,98,51460809,0.190000000002328,0.290000000000873,145.700000000004
"1011","weak",400,99,51460810,0.190000000002328,0.440000000002328,133.339999999997
"1011","weak",400,100,51460811,0.190000000002328,0.470000000001164,136.059999999998
"1011","weak",400,101,51460812,0.159999999996217,0.44999999999709,139.440000000002
"1011","weak",400,102,51460813,0.0999999999985448,0.389999999999418,140.220000000001
"1011","weak",400,103,51460814,0.209999999999127,0.419999999998254,136.290000000001
"1011","weak",400,104,51460815,0.180000000000291,0.409999999996217,138.18
"1011","weak",400,105,51460816,0.220000000001164,0.370000000002619,143.260000000002
"1011","weak",400,106,51460817,0.220000000001164,0.319999999999709,153.800000000003
"1011","weak",400,107,51460818,0.220000000001164,0.400000000001455,140.029999999999
"1011","weak",400,108,51460819,0.190000000002328,0.440000000002328,141.050000000003
"1011","weak",400,109,51460820,0.150000000001455,0.470000000001164,145.200000000004
"1011","weak",400,110,51460821,0.180000000000291,0.459999999999127,142.550000000003
"1011","weak",400,111,51460822,0.169999999998254,0.419999999998254,137.669999999998
"1011","weak",400,112,51460823,0.160000000003492,0.330000000001746,141.610000000001
"1011","weak",400,113,51460824,0.159999999996217,0.370000000002619,146.139999999999
"1011","weak",400,114,51460825,0.139999999999418,0.370000000002619,141.840000000004
"1011","weak",400,115,51460826,0.159999999996217,0.470000000001164,141.610000000001
"1011","weak",400,116,51460827,0.150000000001455,0.459999999999127,139.099999999999
"1011","weak",400,117,51460828,0.17000000000553,0.349999999998545,139.860000000001
"1011","weak",400,118,51460829,0.120000000002619,0.400000000001455,146.25
"1011","weak",400,119,51460830,0.169999999998254,0.379999999997381,142.260000000002
"1011","weak",400,120,51460831,0.180000000000291,0.529999999998836,137.029999999999
"1011","weak",400,121,51460832,0.159999999996217,0.5,136.370000000003
"1011","weak",400,122,51460833,0.189999999995052,0.389999999999418,136.639999999999
"1011","weak",400,123,51460834,0.160000000003492,0.479999999995925,139.989999999998
"1011","weak",400,124,51460835,0.139999999999418,0.459999999999127,138.349999999999
"1011","weak",400,125,51460836,0.190000000002328,0.440000000002328,145.190000000002
"1011","weak",400,126,51460837,0.180000000000291,0.360000000000582,144.75
"1011","weak",400,127,51460838,0.139999999999418,0.409999999996217,151.32
"1011","weak",400,128,51460839,0.220000000001164,0.470000000001164,181.879999999997
"1011","weak",400,129,51460840,0.139999999999418,0.510000000002037,171.68
"1011","weak",400,130,51460841,0.220000000001164,0.700000000004366,177.349999999999
"1011","weak",400,131,51460842,0.189999999995052,0.419999999998254,169.709999999999
"1011","weak",400,132,51460843,0.220000000001164,0.650000000001455,185.139999999999
"1011","weak",400,133,51460844,0.260000000002037,0.409999999996217,154.529999999999
"1011","weak",400,134,51460845,0.209999999999127,0.580000000001746,176.389999999999
"1011","weak",400,135,51460846,0.269999999996799,0.440000000002328,180.32
"1011","weak",400,136,51460847,0.150000000001455,0.370000000002619,156.550000000003
"1011","weak",400,137,51460848,0.169999999998254,0.400000000001455,139.830000000002
"1011","weak",400,138,51460849,0.139999999999418,0.410000000003492,136.650000000001
"1011","weak",400,139,51460850,0.169999999998254,0.370000000002619,141.349999999999
"1011","weak",400,140,51460851,0.169999999998254,0.430000000000291,142.07
"1011","weak",400,141,51460852,0.129999999997381,0.44999999999709,147.639999999999
"1011","weak",400,142,51460853,0.159999999996217,0.379999999997381,143.370000000003
"1011","weak",400,143,51460854,0.200000000004366,0.409999999996217,148.889999999999
"1011","weak",400,144,51460855,0.190000000002328,0.370000000002619,142.579999999994
"1011","weak",400,145,51460856,0.159999999996217,0.419999999998254,133.620000000003
"1011","weak",400,146,51460857,0.239999999997963,0.439999999995052,136.470000000001
"1011","weak",400,147,51460858,0.140000000006694,0.360000000000582,138.360000000001
"1011","weak",400,148,51460859,0.160000000003492,0.349999999998545,147.470000000001
"1011","weak",400,149,51460860,0.139999999999418,0.470000000001164,137.279999999999
"1011","weak",400,150,51460861,0.169999999998254,0.430000000000291,139.559999999998
"1011","weak",400,151,51460862,0.139999999999418,0.349999999998545,138.440000000002
"1011","weak",400,152,51460863,0.190000000002328,0.439999999995052,140.93
"1011","weak",400,153,51460864,0.200000000004366,0.370000000002619,141.659999999996
"1011","weak",400,154,51460865,0.279999999998836,0.400000000001455,141.239999999998
"1011","weak",400,155,51460866,0.190000000002328,0.409999999996217,140.449999999997
"1011","weak",400,156,51460867,0.110000000000582,0.310000000004948,141.419999999998
"1011","weak",400,157,51460868,0.200000000004366,0.440000000002328,139.029999999999
"1011","weak",400,158,51460869,0.230000000003201,0.389999999999418,137.560000000005
"1011","weak",400,159,51460870,0.17000000000553,0.389999999999418,149.43
"1011","weak",400,160,51460871,0.209999999999127,0.410000000003492,145.889999999999
"1011","weak",400,161,51460872,0.139999999999418,0.42000000000553,142.779999999999
"1011","weak",400,162,51460873,0.220000000001164,0.360000000000582,138.419999999998
"1011","weak",400,163,51460874,0.190000000002328,0.410000000003492,138.279999999999
"1011","weak",400,164,51460875,0.230000000003201,0.360000000000582,143.610000000001
"1011","weak",400,165,51460876,0.239999999997963,0.419999999998254,145.25
"1011","weak",400,166,51460877,0.139999999999418,0.430000000000291,139.970000000001
"1011","weak",400,167,51460878,0.129999999997381,0.430000000000291,145.329999999994
"1011","weak",400,168,51460879,0.190000000002328,0.409999999996217,139.959999999999
"1011","weak",400,169,51460880,0.19999999999709,0.510000000002037,139.25
"1011","weak",400,170,51460881,0.189999999995052,0.419999999998254,140.809999999998
"1011","weak",400,171,51460882,0.190000000002328,0.439999999995052,147.049999999996
"1011","weak",400,172,51460883,0.169999999998254,0.580000000001746,155.660000000003
"1011","weak",400,173,51460884,0.230000000003201,0.440000000002328,144.090000000004
"1011","weak",400,174,51460885,0.25,0.42000000000553,139.440000000002
"1011","weak",400,175,51460886,0.220000000001164,0.389999999999418,143.260000000002
"1011","weak",400,176,51460887,0.139999999999418,0.439999999995052,145.029999999999
"1011","weak",400,177,51460888,0.160000000003492,0.430000000000291,150.799999999996
"1011","weak",400,178,51460889,0.19999999999709,0.430000000000291,136.919999999998
"1011","weak",400,179,51460890,0.139999999999418,0.370000000002619,141.970000000001
"1011","weak",400,180,51460891,0.17000000000553,0.309999999997672,135.470000000001
"1011","weak",400,181,51460892,0.180000000000291,0.450000000004366,139.260000000002
"1011","weak",400,182,51460893,0.169999999998254,0.450000000004366,140.5
"1011","weak",400,183,51460894,0.120000000002619,0.419999999998254,139.260000000002
"1011","weak",400,184,51460895,0.19999999999709,0.400000000001455,143.769999999997
"1011","weak",400,185,51460896,0.159999999996217,0.450000000004366,144.32
"1011","weak",400,186,51460897,0.139999999999418,0.430000000000291,139.470000000001
"1011","weak",400,187,51460898,0.25,0.400000000001455,150.970000000001
"1011","weak",400,188,51460899,0.169999999998254,0.419999999998254,139.520000000004
"1011","weak",400,189,51460900,0.150000000001455,0.430000000000291,142.670000000006
"1011","weak",400,190,51460901,0.25,0.379999999997381,141
"1011","weak",400,191,51460902,0.160000000003492,0.419999999998254,138.969999999994
"1011","weak",400,192,51460903,0.139999999999418,0.330000000001746,140.169999999998
"1011","weak",400,193,51460904,0.17000000000553,0.470000000001164,141.279999999999
"1011","weak",400,194,51460905,0.150000000001455,0.5,150.279999999999
"1011","weak",400,195,51460906,0.169999999998254,0.400000000001455,146.330000000002
"1011","weak",400,196,51460907,0.139999999999418,0.419999999998254,137.349999999999
"1011","weak",400,197,51460908,0.189999999995052,0.470000000001164,141.43
"1011","weak",400,198,51460909,0.220000000001164,0.430000000000291,139.93
"1011","weak",400,199,51460910,0.180000000000291,0.419999999998254,142.5
"1011","weak",400,200,51460911,0.150000000001455,0.389999999999418,139.559999999998
"1011","weak",400,201,51460912,0.200000000004366,0.409999999996217,144.840000000004
"1011","weak",400,202,51460913,0.159999999996217,0.360000000000582,143.910000000003
"1011","weak",400,203,51460914,0.139999999999418,0.360000000000582,148.300000000003
"1011","weak",400,204,51460915,0.159999999996217,0.389999999999418,140.639999999999
"1011","weak",400,205,51460916,0.220000000001164,0.450000000004366,137.639999999999
"1011","weak",400,206,51460917,0.220000000001164,0.419999999998254,144.459999999999
"1011","weak",400,207,51460918,0.160000000003492,0.400000000001455,138.529999999999
"1011","weak",400,208,51460919,0.200000000004366,0.409999999996217,137.730000000003
"1011","weak",400,209,51460920,0.220000000001164,0.419999999998254,141.18
"1011","weak",400,210,51460921,0.19999999999709,0.409999999996217,142.769999999997
"1011","weak",400,211,51460922,0.190000000002328,0.439999999995052,138.32
"1011","weak",400,212,51460923,0.19999999999709,0.5,139.120000000003
"1011","weak",400,213,51460924,0.160000000003492,0.470000000001164,145.669999999998
"1011","weak",400,214,51460925,0.25,0.389999999999418,143.059999999998
"1011","weak",400,215,51460926,0.120000000002619,0.370000000002619,138.770000000004
"1011","weak",400,216,51460927,0.110000000000582,0.370000000002619,145.340000000004
"1011","weak",400,217,51460928,0.139999999999418,0.360000000000582,137.099999999999
"1011","weak",400,218,51460929,0.189999999995052,0.419999999998254,139.470000000001
"1011","weak",400,219,51460930,0.120000000002619,0.379999999997381,143.279999999999
"1011","weak",400,220,51460931,0.169999999998254,0.349999999998545,143
"1011","weak",400,221,51460932,0.150000000001455,0.440000000002328,135.300000000003
"1011","weak",400,222,51460933,0.189999999995052,0.359999999993306,140.120000000003
"1011","weak",400,223,51460934,0.169999999998254,0.419999999998254,143.870000000003
"1011","weak",400,224,51460935,0.190000000002328,0.409999999996217,139.709999999999
"1011","weak",400,225,51460936,0.200000000004366,0.379999999997381,135.93
"1011","weak",400,226,51460937,0.19999999999709,0.470000000001164,150.760000000002
"1011","weak",400,227,51460938,0.110000000000582,0.400000000001455,140.150000000001
"1011","weak",400,228,51460939,0.139999999999418,0.379999999997381,138.279999999999
"1011","weak",400,229,51460940,0.159999999996217,0.44999999999709,138.589999999997
"1011","weak",400,230,51460941,0.169999999998254,0.410000000003492,140.32
"1011","weak",400,231,51460942,0.169999999998254,0.450000000004366,146.57
"1011","weak",400,232,51460943,0.209999999999127,0.519999999996799,140.080000000002
"1011","weak",400,233,51460944,0.190000000002328,0.400000000001455,142.269999999997
"1011","weak",400,234,51460945,0.150000000001455,0.400000000001455,142.099999999999
"1011","weak",400,235,51460946,0.150000000001455,0.419999999998254,140.220000000001
"1011","weak",400,236,51460947,0.17000000000553,0.389999999999418,137.160000000003
"1011","weak",400,237,51460948,0.139999999999418,0.340000000003783,143.779999999999
"1011","weak",400,238,51460949,0.120000000002619,0.360000000000582,148.639999999999
"1011","weak",400,239,51460950,0.150000000001455,0.430000000000291,150.110000000001
"1011","weak",400,240,51460951,0.159999999996217,0.42000000000553,146.529999999999
"1011","weak",400,241,51460952,0.139999999999418,0.440000000002328,143.900000000001
"1011","weak",400,242,51460953,0.220000000001164,0.470000000001164,136.010000000002
"1011","weak",400,243,51460954,0.189999999995052,0.400000000001455,153.68
"1011","weak",400,244,51460955,0.190000000002328,0.480000000003201,143.629999999997
"1011","weak",400,245,51460956,0.209999999999127,0.440000000002328,140.139999999999
"1011","weak",400,246,51460957,0.169999999998254,0.389999999999418,141.040000000001
"1011","weak",400,247,51460958,0.190000000002328,0.419999999998254,141.559999999998
"1011","weak",400,248,51460959,0.209999999999127,0.32999999999447,146.459999999999
"1011","weak",400,249,51460960,0.180000000000291,0.440000000002328,145.389999999999
"1011","weak",400,250,51460961,0.209999999999127,0.5,140.580000000002
"1011","weak",400,251,51460962,0.17000000000553,0.389999999999418,152.870000000003
"1011","weak",400,252,51460963,0.189999999995052,0.370000000002619,141.019999999997
"1011","weak",400,253,51460964,0.169999999998254,0.360000000000582,147.139999999999
"1011","weak",400,254,51460965,0.190000000002328,0.389999999999418,146.059999999998
"1011","weak",400,255,51460966,0.19999999999709,0.430000000000291,140.519999999997
"1011","weak",400,256,51460967,0.150000000001455,0.42000000000553,141.32
"1011","weak",400,257,51460968,0.209999999999127,0.440000000002328,147.360000000001
"1011","weak",400,258,51460969,0.150000000001455,0.439999999995052,143.300000000003
"1011","weak",400,259,51460970,0.139999999999418,0.339999999996508,136.669999999998
"1011","weak",400,260,51460971,0.169999999998254,0.409999999996217,140.209999999999
"1011","weak",400,261,51460972,0.189999999995052,0.379999999997381,142.099999999999
"1011","weak",400,262,51460973,0.19999999999709,0.409999999996217,149.279999999999
"1011","weak",400,263,51460974,0.139999999999418,0.419999999998254,139.730000000003
"1011","weak",400,264,51460975,0.139999999999418,0.419999999998254,139.830000000002
"1011","weak",400,265,51460976,0.19999999999709,0.360000000000582,151.360000000001
"1011","weak",400,266,51460977,0.209999999999127,0.370000000002619,146.169999999998
"1011","weak",400,267,51460978,0.220000000001164,0.5,144.620000000003
"1011","weak",400,268,51460979,0.200000000004366,0.400000000001455,137.169999999998
"1011","weak",400,269,51460980,0.200000000004366,0.450000000004366,154.330000000002
"1011","weak",400,270,51460981,0.200000000004366,0.389999999999418,142.739999999998
"1011","weak",400,271,51460982,0.190000000002328,0.440000000002328,145.860000000001
"1011","weak",400,272,51460983,0.190000000002328,0.450000000004366,143.68
"1011","weak",400,273,51460984,0.129999999997381,0.389999999999418,140.029999999999
"1011","weak",400,274,51460985,0.120000000002619,0.440000000002328,145.309999999998
"1011","weak",400,275,51460986,0.180000000000291,0.419999999998254,142.340000000004
"1011","weak",400,276,51460987,0.19999999999709,0.419999999998254,144.919999999998
"1011","weak",400,277,51460988,0.120000000002619,0.440000000002328,141.840000000004
"1011","weak",400,278,51460989,0.159999999996217,0.349999999998545,146.730000000003
"1011","weak",400,279,51460990,0.169999999998254,0.419999999998254,141.540000000001
"1011","weak",400,280,51460991,0.19999999999709,0.389999999999418,138.409999999996
"1011","weak",400,281,51460992,0.139999999999418,0.379999999997381,141.419999999998
"1011","weak",400,282,51460993,0.200000000004366,0.400000000001455,136.560000000005
"1011","weak",400,283,51460994,0.209999999999127,0.459999999999127,140
"1011","weak",400,284,51460995,0.169999999998254,0.370000000002619,146.090000000004
"1011","weak",400,285,51460996,0.17000000000553,0.470000000001164,146.470000000001
"1011","weak",400,286,51460997,0.239999999997963,0.470000000001164,138.769999999997
"1011","weak",400,287,51460998,0.159999999996217,0.360000000000582,138.389999999999
"1011","weak",400,288,51460999,0.160000000003492,0.440000000002328,141.529999999999
"1011","weak",400,289,51461000,0.169999999998254,0.459999999999127,141.530000000006
"1011","weak",400,290,51461001,0.189999999995052,0.32999999999447,138.940000000002
"1011","weak",400,291,51461002,0.160000000003492,0.439999999995052,141.32
"1011","weak",400,292,51461003,0.139999999999418,0.440000000002328,145.760000000002
"1011","weak",400,293,51461004,0.110000000000582,0.390000000006694,140.459999999999
"1011","weak",400,294,51461005,0.159999999996217,0.440000000002328,138.599999999999
"1011","weak",400,295,51461006,0.129999999997381,0.379999999997381,137.220000000001
"1011","weak",400,296,51461007,0.17000000000553,0.360000000000582,136.559999999998
"1011","weak",400,297,51461008,0.209999999999127,0.330000000001746,138.779999999999
"1011","weak",400,298,51461009,0.160000000003492,0.379999999997381,151.010000000002
"1011","weak",400,299,51461010,0.14,1.31,138.78
"1011","weak",400,300,51461011,0.319999999999993,0.409999999999968,136.8
"1111","mid",400,1,32460712,0.189999999999998,0.870000000000005,151.68
"1111","mid",400,2,32460713,0.199999999999989,0.720000000000027,148.5
"1111","mid",400,3,32460714,0.189999999999941,0.709999999999923,154.52
"1111","mid",400,4,32460715,0.229999999999905,0.539999999999964,156.44
"1111","mid",400,5,32460716,0.210000000000036,0.529999999999973,150.8
"1111","mid",400,6,32460717,0.139999999999873,0.600000000000136,152.49
"1111","mid",400,7,32460718,0.220000000000027,0.559999999999945,149.39
"1111","mid",400,8,32460719,0.1400000000001,0.559999999999945,146.68
"1111","mid",400,9,32460720,0.210000000000036,0.579999999999927,152.24
"1111","mid",400,10,32460721,0.220000000000027,0.569999999999936,161.69
"1111","mid",400,11,32460722,0.220000000000027,0.579999999999927,155.51
"1111","mid",400,12,32460723,0.220000000000027,0.599999999999909,157.9
"1111","mid",400,13,32460724,0.239999999999782,0.550000000000182,148.92
"1111","mid",400,14,32460725,0.190000000000055,0.639999999999873,155.84
"1111","mid",400,15,32460726,0.230000000000018,0.630000000000109,153.47
"1111","mid",400,16,32460727,0.240000000000236,0.579999999999927,151.03
"1111","mid",400,17,32460728,0.180000000000291,0.519999999999982,148.89
"1111","mid",400,18,32460729,0.220000000000255,0.649999999999636,145.76
"1111","mid",400,19,32460730,0.2199999999998,0.659999999999854,148.45
"1111","mid",400,20,32460731,0.129999999999654,0.659999999999854,144.73
"1111","mid",400,21,32460732,0.159999999999854,0.659999999999854,148.83
"1111","mid",400,22,32460733,0.170000000000073,0.670000000000073,151.74
"1111","mid",400,23,32460734,0.190000000000055,0.559999999999945,151.91
"1111","mid",400,24,32460735,0.0999999999999091,0.630000000000109,146.28
"1111","mid",400,25,32460736,0.139999999999873,0.710000000000036,162.67
"1111","mid",400,26,32460737,0.180000000000291,0.609999999999673,149.67
"1111","mid",400,27,32460738,0.210000000000036,0.759999999999309,154.349999999999
"1111","mid",400,28,32460739,0.210000000000036,0.550000000000182,147.2
"1111","mid",400,29,32460740,0.199999999999818,0.640000000000327,147.809999999999
"1111","mid",400,30,32460741,0.179999999999382,0.489999999999782,144.610000000001
"1111","mid",400,31,32460742,0.210000000000036,0.619999999999891,155.309999999999
"1111","mid",400,32,32460743,0.199999999999818,0.640000000000327,149.96
"1111","mid",400,33,32460744,0.220000000000255,0.829999999999927,153.61
"1111","mid",400,34,32460745,0.1899999999996,0.630000000000109,152.84
"1111","mid",400,35,32460746,0.220000000000255,0.860000000000582,146.77
"1111","mid",400,36,32460747,0.140000000000327,0.630000000000109,149.62
"1111","mid",400,37,32460748,0.220000000000255,0.600000000000364,151.139999999999
"1111","mid",400,38,32460749,0.210000000000036,0.660000000000764,155.58
"1111","mid",400,39,32460750,0.1899999999996,0.619999999999891,147.98
"1111","mid",400,40,32460751,0.1899999999996,0.729999999999563,164.49
"1111","mid",400,41,32460752,0.139999999999418,0.630000000000109,149.04
"1111","mid",400,42,32460753,0.180000000000291,0.550000000000182,146.69
"1111","mid",400,43,32460754,0.1899999999996,0.599999999999454,147.46
"1111","mid",400,44,32460755,0.159999999999854,0.670000000000073,147.22
"1111","mid",400,45,32460756,0.159999999999854,0.579999999999927,148.91
"1111","mid",400,46,32460757,0.210000000000036,0.579999999999927,152.72
"1111","mid",400,47,32460758,0.159999999999854,0.530000000000655,147.259999999999
"1111","mid",400,48,32460759,0.170000000000073,0.720000000000255,153.44
"1111","mid",400,49,32460760,0.220000000000255,0.670000000000073,148.98
"1111","mid",400,50,32460761,0.220000000000255,0.640000000000327,145.82
"1111","mid",400,51,32460762,0.170000000000073,0.610000000000582,150.67
"1111","mid",400,52,32460763,0.140000000000327,0.639999999999418,154.6
"1111","mid",400,53,32460764,0.210000000000946,0.610000000000582,151.5
"1111","mid",400,54,32460765,0.200000000000728,0.559999999999491,153.790000000001
"1111","mid",400,55,32460766,0.1200000000008,0.579999999999927,156.290000000001
"1111","mid",400,56,32460767,0.159999999999854,0.619999999998981,150.25
"1111","mid",400,57,32460768,0.200000000000728,0.579999999999927,149.85
"1111","mid",400,58,32460769,0.170000000000073,0.6200000000008,152.16
"1111","mid",400,59,32460770,0.18999999999869,0.559999999999491,153.699999999999
"1111","mid",400,60,32460771,0.159999999999854,0.800000000001091,164.75
"1111","mid",400,61,32460772,0.180000000000291,0.670000000000073,142.58
"1111","mid",400,62,32460773,0.149999999999636,0.6299999999992,148.75
"1111","mid",400,63,32460774,0.200000000000728,0.640000000001237,148.58
"1111","mid",400,64,32460775,0.219999999999345,0.680000000000291,155.900000000001
"1111","mid",400,65,32460776,0.180000000000291,0.700000000000728,149.199999999999
"1111","mid",400,66,32460777,0.190000000000509,0.610000000000582,148.5
"1111","mid",400,67,32460778,0.159999999999854,0.540000000000873,140.200000000001
"1111","mid",400,68,32460779,0.240000000001601,0.829999999999927,148.630000000001
"1111","mid",400,69,32460780,0.170000000000073,0.550000000001091,150.93
"1111","mid",400,70,32460781,0.219999999999345,0.6299999999992,152.280000000001
"1111","mid",400,71,32460782,0.210000000000946,0.579999999999927,152.480000000001
"1111","mid",400,72,32460783,0.200000000000728,0.729999999999563,158.610000000001
"1111","mid",400,73,32460784,0.210000000000946,0.659999999999854,153.73
"1111","mid",400,74,32460785,0.159999999999854,0.770000000000437,152.450000000001
"1111","mid",400,75,32460786,0.200000000000728,0.680000000000291,158.279999999999
"1111","mid",400,76,32460787,0.159999999999854,0.739999999999782,149.440000000001
"1111","mid",400,77,32460788,0.170000000000073,0.640000000001237,157.710000000001
"1111","mid",400,78,32460789,0.230000000001382,0.769999999998618,152.68
"1111","mid",400,79,32460790,0.219999999999345,0.68999999999869,155.129999999999
"1111","mid",400,80,32460791,0.210000000000946,0.610000000000582,160.33
"1111","mid",400,81,32460792,0.140000000001237,0.670000000000073,151.990000000002
"1111","mid",400,82,32460793,0.180000000000291,0.559999999999491,156.359999999999
"1111","mid",400,83,32460794,0.209999999999127,0.539999999999054,163.890000000001
"1111","mid",400,84,32460795,0.190000000000509,0.649999999999636,150.190000000001
"1111","mid",400,85,32460796,0.139999999999418,0.549999999999272,152.84
"1111","mid",400,86,32460797,0.180000000000291,0.670000000000073,158.1
"1111","mid",400,87,32460798,0.170000000000073,0.690000000000509,145.289999999999
"1111","mid",400,88,32460799,0.180000000000291,0.719999999999345,157.369999999999
"1111","mid",400,89,32460800,0.280000000000655,0.680000000000291,151
"1111","mid",400,90,32460801,0.170000000000073,0.579999999999927,153.110000000001
"1111","mid",400,91,32460802,0.219999999999345,0.640000000001237,160.76
"1111","mid",400,92,32460803,0.200000000000728,0.720000000001164,144.91
"1111","mid",400,93,32460804,0.210000000000946,0.709999999999127,159.449999999999
"1111","mid",400,94,32460805,0.229999999999563,0.579999999999927,150.030000000001
"1111","mid",400,95,32460806,0.200000000000728,0.680000000000291,157.5
"1111","mid",400,96,32460807,0.190000000000509,0.579999999999927,152.220000000001
"1111","mid",400,97,32460808,0.25,0.550000000001091,161.65
"1111","mid",400,98,32460809,0.180000000000291,0.600000000000364,156.5
"1111","mid",400,99,32460810,0.239999999999782,0.719999999999345,160.219999999999
"1111","mid",400,100,32460811,0.220000000001164,0.680000000000291,156.51
"1111","mid",400,101,32460812,0.209999999999127,0.590000000000146,152.219999999999
"1111","mid",400,102,32460813,0.219999999999345,0.619999999998981,149.959999999999
"1111","mid",400,103,32460814,0.219999999999345,0.590000000000146,152.84
"1111","mid",400,104,32460815,0.210000000000946,0.610000000000582,151.6
"1111","mid",400,105,32460816,0.18999999999869,0.659999999999854,150.299999999999
"1111","mid",400,106,32460817,0.139999999999418,0.670000000001892,154.84
"1111","mid",400,107,32460818,0.150000000001455,0.68999999999869,155.02
"1111","mid",400,108,32460819,0.220000000001164,0.610000000000582,150.650000000001
"1111","mid",400,109,32460820,0.150000000001455,0.590000000000146,164.27
"1111","mid",400,110,32460821,0.139999999999418,0.619999999998981,154.830000000002
"1111","mid",400,111,32460822,0.18999999999869,0.68999999999869,166.649999999998
"1111","mid",400,112,32460823,0.18999999999869,0.650000000001455,151.610000000001
"1111","mid",400,113,32460824,0.150000000001455,0.520000000000437,152.77
"1111","mid",400,114,32460825,0.220000000001164,0.659999999999854,166.48
"1111","mid",400,115,32460826,0.139999999999418,0.590000000000146,159.559999999998
"1111","mid",400,116,32460827,0.139999999999418,0.590000000000146,153.640000000003
"1111","mid",400,117,32460828,0.209999999999127,0.740000000001601,159.830000000002
"1111","mid",400,118,32460829,0.19999999999709,0.610000000000582,150.450000000001
"1111","mid",400,119,32460830,0.169999999998254,0.56000000000131,153.939999999999
"1111","mid",400,120,32460831,0.159999999999854,0.650000000001455,156.75
"1111","mid",400,121,32460832,0.270000000000437,0.659999999999854,150.639999999999
"1111","mid",400,122,32460833,0.169999999998254,0.669999999998254,152.349999999999
"1111","mid",400,123,32460834,0.220000000001164,0.650000000001455,166.560000000001
"1111","mid",400,124,32460835,0.220000000001164,0.529999999998836,148.490000000002
"1111","mid",400,125,32460836,0.150000000001455,0.680000000000291,153.200000000001
"1111","mid",400,126,32460837,0.139999999999418,0.639999999999418,149.830000000002
"1111","mid",400,127,32460838,0.169999999998254,0.569999999999709,149.25
"1111","mid",400,128,32460839,0.159999999999854,0.659999999999854,154.869999999999
"1111","mid",400,129,32460840,0.159999999999854,0.610000000000582,152.259999999998
"1111","mid",400,130,32460841,0.159999999999854,0.659999999999854,156.690000000002
"1111","mid",400,131,32460842,0.149999999997817,0.599999999998545,161.389999999999
"1111","mid",400,132,32460843,0.139999999999418,0.650000000001455,158.290000000001
"1111","mid",400,133,32460844,0.190000000002328,0.56000000000131,151.599999999999
"1111","mid",400,134,32460845,0.139999999999418,0.68999999999869,168.810000000001
"1111","mid",400,135,32460846,0.190000000002328,0.580000000001746,154.27
"1111","mid",400,136,32460847,0.150000000001455,0.760000000002037,154.259999999998
"1111","mid",400,137,32460848,0.240000000001601,0.600000000002183,150.509999999998
"1111","mid",400,138,32460849,0.0999999999985448,0.659999999999854,150.43
"1111","mid",400,139,32460850,0.170000000001892,0.659999999999854,156.920000000002
"1111","mid",400,140,32460851,0.190000000002328,0.610000000000582,148.599999999999
"1111","mid",400,141,32460852,0.169999999998254,0.629999999997381,159.310000000001
"1111","mid",400,142,32460853,0.229999999999563,0.549999999999272,151.75
"1111","mid",400,143,32460854,0.159999999999854,0.680000000000291,160.560000000001
"1111","mid",400,144,32460855,0.200000000000728,0.56000000000131,155.18
"1111","mid",400,145,32460856,0.110000000000582,0.670000000001892,152.75
"1111","mid",400,146,32460857,0.159999999999854,0.56000000000131,154.130000000001
"1111","mid",400,147,32460858,0.209999999999127,0.56000000000131,156.09
"1111","mid",400,148,32460859,0.169999999998254,0.669999999998254,158
"1111","mid",400,149,32460860,0.190000000002328,0.729999999999563,149.969999999998
"1111","mid",400,150,32460861,0.229999999999563,0.590000000000146,161.310000000001
"1111","mid",400,151,32460862,0.169999999998254,0.690000000002328,152.18
"1111","mid",400,152,32460863,0.169999999998254,0.659999999999854,147.100000000002
"1111","mid",400,153,32460864,0.200000000000728,0.68999999999869,155.48
"1111","mid",400,154,32460865,0.169999999998254,0.55000000000291,151.859999999997
"1111","mid",400,155,32460866,0.200000000000728,0.619999999998981,147.100000000002
"1111","mid",400,156,32460867,0.220000000001164,0.559999999997672,147.939999999999
"1111","mid",400,157,32460868,0.139999999999418,0.720000000001164,156.899999999998
"1111","mid",400,158,32460869,0.229999999999563,0.610000000000582,159.25
"1111","mid",400,159,32460870,0.169999999998254,0.68999999999869,148.5
"1111","mid",400,160,32460871,0.200000000000728,0.740000000001601,149.82
"1111","mid",400,161,32460872,0.209999999999127,0.669999999998254,155.919999999998
"1111","mid",400,162,32460873,0.229999999999563,0.680000000000291,166.139999999999
"1111","mid",400,163,32460874,0.169999999998254,0.669999999998254,153.959999999999
"1111","mid",400,164,32460875,0.159999999999854,0.670000000001892,147.369999999999
"1111","mid",400,165,32460876,0.190000000002328,0.700000000000728,150.639999999999
"1111","mid",400,166,32460877,0.270000000000437,0.639999999999418,150.130000000001
"1111","mid",400,167,32460878,0.169999999998254,0.590000000000146,151.459999999999
"1111","mid",400,168,32460879,0.169999999998254,0.700000000000728,152.73
"1111","mid",400,169,32460880,0.180000000000291,0.68999999999869,150.440000000002
"1111","mid",400,170,32460881,0.150000000001455,0.5,156.07
"1111","mid",400,171,32460882,0.180000000000291,0.680000000000291,152.029999999999
"1111","mid",400,172,32460883,0.169999999998254,0.639999999999418,151.220000000001
"1111","mid",400,173,32460884,0.169999999998254,0.590000000000146,150.009999999998
"1111","mid",400,174,32460885,0.140000000003056,0.619999999998981,153.029999999999
"1111","mid",400,175,32460886,0.180000000000291,0.639999999999418,154.030000000002
"1111","mid",400,176,32460887,0.209999999999127,0.669999999998254,154.639999999999
"1111","mid",400,177,32460888,0.170000000001892,0.639999999999418,163.459999999999
"1111","mid",400,178,32460889,0.220000000001164,0.840000000000146,149.43
"1111","mid",400,179,32460890,0.200000000000728,0.680000000000291,145.420000000002
"1111","mid",400,180,32460891,0.159999999999854,0.549999999999272,153.93
"1111","mid",400,181,32460892,0.170000000001892,0.669999999998254,153.25
"1111","mid",400,182,32460893,0.170000000001892,0.619999999998981,155.209999999999
"1111","mid",400,183,32460894,0.18999999999869,0.669999999998254,155.670000000002
"1111","mid",400,184,32460895,0.240000000001601,0.639999999999418,148.639999999999
"1111","mid",400,185,32460896,0.159999999999854,0.669999999998254,148.950000000001
"1111","mid",400,186,32460897,0.200000000000728,0.609999999996944,157.09
"1111","mid",400,187,32460898,0.219999999997526,0.599999999998545,162.48
"1111","mid",400,188,32460899,0.170000000001892,0.669999999998254,152.82
"1111","mid",400,189,32460900,0.270000000000437,0.690000000002328,161.609999999997
"1111","mid",400,190,32460901,0.169999999998254,0.56000000000131,154.169999999998
"1111","mid",400,191,32460902,0.180000000000291,0.559999999997672,159.259999999998
"1111","mid",400,192,32460903,0.200000000000728,0.639999999999418,156
"1111","mid",400,193,32460904,0.220000000001164,0.629999999997381,159.290000000001
"1111","mid",400,194,32460905,0.18999999999869,0.600000000002183,155.629999999997
"1111","mid",400,195,32460906,0.159999999999854,0.659999999999854,141.779999999999
"1111","mid",400,196,32460907,0.170000000001892,0.770000000000437,146.619999999999
"1111","mid",400,197,32460908,0.169999999998254,0.540000000000873,153.860000000001
"1111","mid",400,198,32460909,0.229999999999563,0.559999999997672,148.720000000001
"1111","mid",400,199,32460910,0.169999999998254,0.580000000001746,160.559999999998
"1111","mid",400,200,32460911,0.18999999999869,0.540000000000873,154.84
"1111","mid",400,201,32460912,0.18999999999869,0.719999999997526,149.77
"1111","mid",400,202,32460913,0.169999999998254,0.609999999996944,153.439999999999
"1111","mid",400,203,32460914,0.159999999999854,0.610000000000582,157.650000000001
"1111","mid",400,204,32460915,0.209999999999127,0.640000000003056,145.510000000002
"1111","mid",400,205,32460916,0.159999999999854,0.55000000000291,152.25
"1111","mid",400,206,32460917,0.119999999998981,0.610000000000582,150.27
"1111","mid",400,207,32460918,0.139999999999418,0.590000000000146,167.879999999997
"1111","mid",400,208,32460919,0.209999999999127,0.639999999999418,155.5
"1111","mid",400,209,32460920,0.220000000001164,0.580000000001746,154.23
"1111","mid",400,210,32460921,0.159999999999854,0.689999999995052,153.690000000002
"1111","mid",400,211,32460922,0.219999999993888,0.669999999998254,152.360000000001
"1111","mid",400,212,32460923,0.219999999993888,0.610000000000582,155.860000000001
"1111","mid",400,213,32460924,0.180000000000291,0.590000000003783,156
"1111","mid",400,214,32460925,0.160000000003492,0.700000000004366,150.68
"1111","mid",400,215,32460926,0.190000000002328,0.639999999999418,154.220000000001
"1111","mid",400,216,32460927,0.150000000001455,0.590000000003783,155.940000000002
"1111","mid",400,217,32460928,0.139999999999418,0.720000000001164,147.610000000001
"1111","mid",400,218,32460929,0.180000000000291,0.620000000002619,149.909999999996
"1111","mid",400,219,32460930,0.169999999998254,0.639999999999418,151.170000000006
"1111","mid",400,220,32460931,0.180000000000291,0.680000000000291,146.75
"1111","mid",400,221,32460932,0.169999999998254,0.709999999999127,150.690000000002
"1111","mid",400,222,32460933,0.19999999999709,0.75,155.580000000002
"1111","mid",400,223,32460934,0.139999999999418,0.569999999999709,153.139999999999
"1111","mid",400,224,32460935,0.159999999996217,0.640000000006694,155.040000000001
"1111","mid",400,225,32460936,0.239999999997963,0.700000000004366,157.590000000004
"1111","mid",400,226,32460937,0.169999999998254,0.599999999998545,152.879999999997
"1111","mid",400,227,32460938,0.190000000002328,0.529999999998836,149.610000000001
"1111","mid",400,228,32460939,0.180000000000291,0.620000000002619,153
"1111","mid",400,229,32460940,0.209999999999127,0.569999999999709,155.82
"1111","mid",400,230,32460941,0.19999999999709,0.530000000006112,157.139999999999
"1111","mid",400,231,32460942,0.220000000001164,0.580000000001746,150.720000000001
"1111","mid",400,232,32460943,0.200000000004366,0.57999999999447,152.340000000004
"1111","mid",400,233,32460944,0.200000000004366,0.519999999996799,165.650000000001
"1111","mid",400,234,32460945,0.220000000001164,0.629999999997381,149.110000000001
"1111","mid",400,235,32460946,0.219999999993888,0.580000000001746,156.300000000003
"1111","mid",400,236,32460947,0.209999999999127,0.620000000002619,154.389999999999
"1111","mid",400,237,32460948,0.160000000003492,0.660000000003492,161.659999999996
"1111","mid",400,238,32460949,0.120000000002619,0.709999999999127,150.510000000002
"1111","mid",400,239,32460950,0.230000000003201,0.610000000000582,154.360000000001
"1111","mid",400,240,32460951,0.169999999998254,0.69999999999709,155.889999999999
"1111","mid",400,241,32460952,0.180000000000291,0.650000000001455,151.330000000002
"1111","mid",400,242,32460953,0.190000000002328,0.719999999993888,156.510000000002
"1111","mid",400,243,32460954,0.230000000003201,0.690000000002328,152.639999999999
"1111","mid",400,244,32460955,0.180000000000291,0.659999999996217,142.059999999998
"1111","mid",400,245,32460956,0.189999999995052,0.67000000000553,147.340000000004
"1111","mid",400,246,32460957,0.150000000001455,0.779999999998836,153.75
"1111","mid",400,247,32460958,0.209999999999127,0.639999999999418,155.019999999997
"1111","mid",400,248,32460959,0.180000000000291,0.580000000001746,158.449999999997
"1111","mid",400,249,32460960,0.209999999999127,0.610000000000582,151.349999999999
"1111","mid",400,250,32460961,0.220000000001164,0.659999999996217,154.82
"1111","mid",400,251,32460962,0.279999999998836,0.560000000004948,144.489999999998
"1111","mid",400,252,32460963,0.159999999996217,0.519999999996799,153.239999999998
"1111","mid",400,253,32460964,0.190000000002328,0.580000000001746,149.700000000004
"1111","mid",400,254,32460965,0.139999999999418,0.660000000003492,150.220000000001
"1111","mid",400,255,32460966,0.239999999997963,0.909999999996217,201.730000000003
"1111","mid",400,256,32460967,0.25,0.779999999998836,195.519999999997
"1111","mid",400,257,32460968,0.239999999997963,0.80000000000291,191.189999999995
"1111","mid",400,258,32460969,0.299999999995634,0.639999999999418,188.389999999999
"1111","mid",400,259,32460970,0.25,0.779999999998836,189.5
"1111","mid",400,260,32460971,0.180000000000291,0.720000000001164,180.199999999997
"1111","mid",400,261,32460972,0.169999999998254,0.790000000000873,193.549999999996
"1111","mid",400,262,32460973,0.25,0.609999999993306,177.720000000001
"1111","mid",400,263,32460974,0.169999999998254,0.569999999999709,159.080000000002
"1111","mid",400,264,32460975,0.180000000000291,0.629999999997381,156.810000000005
"1111","mid",400,265,32460976,0.190000000002328,0.519999999996799,151.790000000001
"1111","mid",400,266,32460977,0.180000000000291,0.660000000003492,151.840000000004
"1111","mid",400,267,32460978,0.230000000003201,0.690000000002328,161
"1111","mid",400,268,32460979,0.189999999995052,0.629999999997381,152.75
"1111","mid",400,269,32460980,0.209999999999127,0.700000000004366,148.890000000007
"1111","mid",400,270,32460981,0.180000000000291,0.680000000000291,154.550000000003
"1111","mid",400,271,32460982,0.209999999999127,0.689999999995052,144.660000000003
"1111","mid",400,272,32460983,0.189999999995052,0.569999999999709,152.840000000004
"1111","mid",400,273,32460984,0.209999999999127,0.67000000000553,155.650000000001
"1111","mid",400,274,32460985,0.25,0.629999999997381,154.459999999999
"1111","mid",400,275,32460986,0.220000000001164,0.669999999998254,157.639999999999
"1111","mid",400,276,32460987,0.189999999995052,0.67000000000553,155.059999999998
"1111","mid",400,277,32460988,0.190000000002328,0.650000000001455,157.080000000002
"1111","mid",400,278,32460989,0.19999999999709,0.860000000000582,147.629999999997
"1111","mid",400,279,32460990,0.189999999995052,0.80000000000291,151.760000000002
"1111","mid",400,280,32460991,0.220000000001164,0.659999999996217,152.889999999999
"1111","mid",400,281,32460992,0.220000000001164,0.599999999998545,163.110000000001
"1111","mid",400,282,32460993,0.150000000001455,0.639999999999418,150.959999999999
"1111","mid",400,283,32460994,0.169999999998254,0.610000000000582,149.709999999999
"1111","mid",400,284,32460995,0.139999999999418,0.590000000003783,153.599999999999
"1111","mid",400,285,32460996,0.220000000001164,0.680000000000291,150.900000000001
"1111","mid",400,286,32460997,0.239999999997963,0.669999999998254,149.629999999997
"1111","mid",400,287,32460998,0.200000000004366,0.639999999999418,155.040000000001
"1111","mid",400,288,32460999,0.169999999998254,0.660000000003492,149.810000000005
"1111","mid",400,289,32461000,0.19999999999709,0.620000000002619,165.980000000003
"1111","mid",400,290,32461001,0.160000000003492,0.589999999996508,159.889999999999
"1111","mid",400,291,32461002,0.139999999999418,0.560000000004948,158.220000000001
"1111","mid",400,292,32461003,0.189999999995052,0.55000000000291,149.419999999998
"1111","mid",400,293,32461004,0.159999999996217,0.5,155.25
"1111","mid",400,294,32461005,0.220000000001164,0.580000000001746,150.43
"1111","mid",400,295,32461006,0.230000000003201,0.589999999996508,157.920000000006
"1111","mid",400,296,32461007,0.190000000002328,0.559999999997672,159.489999999998
"1111","mid",400,297,32461008,0.169999999998254,0.690000000002328,157.029999999999
"1111","mid",400,298,32461009,0.220000000001164,0.599999999998545,157.779999999999
"1111","mid",400,299,32461010,0.209999999999127,0.629999999997381,162.489999999998
"1111","mid",400,300,32461011,0.220000000001164,0.720000000001164,152.400000000001
"0111","mid",400,1,42460712,0.190000000002328,0.220000000001164,143.769999999997
"0111","mid",400,2,42460713,0.159999999996217,0.25,145.879999999997
"0111","mid",400,3,42460714,0.159999999996217,0.189999999995052,142.830000000002
"0111","mid",400,4,42460715,0.140000000006694,0.229999999995925,138.139999999999
"0111","mid",400,5,42460716,0.160000000003492,0.25,141.109999999993
"0111","mid",400,6,42460717,0.139999999999418,0.25,154.580000000002
"0111","mid",400,7,42460718,0.169999999998254,0.239999999997963,141.849999999999
"0111","mid",400,8,42460719,0.160000000003492,0.180000000000291,151.060000000005
"0111","mid",400,9,42460720,0.160000000003492,0.189999999995052,154.810000000005
"0111","mid",400,10,42460721,0.169999999998254,0.25,138.269999999997
"0111","mid",400,11,42460722,0.200000000004366,0.230000000003201,136.720000000001
"0111","mid",400,12,42460723,0.169999999998254,0.180000000000291,137.530000000006
"0111","mid",400,13,42460724,0.220000000001164,0.19999999999709,143.410000000003
"0111","mid",400,14,42460725,0.19999999999709,0.229999999995925,149.780000000006
"0111","mid",400,15,42460726,0.160000000003492,0.239999999997963,143.829999999994
"0111","mid",400,16,42460727,0.160000000003492,0.30000000000291,138.879999999997
"0111","mid",400,17,42460728,0.209999999999127,0.220000000001164,138.239999999998
"0111","mid",400,18,42460729,0.190000000002328,0.159999999996217,136.580000000002
"0111","mid",400,19,42460730,0.150000000001455,0.239999999997963,151.019999999997
"0111","mid",400,20,42460731,0.150000000001455,0.200000000004366,147.120000000003
"0111","mid",400,21,42460732,0.190000000002328,0.25,142.699999999997
"0111","mid",400,22,42460733,0.19999999999709,0.220000000001164,136.25
"0111","mid",400,23,42460734,0.190000000002328,0.159999999996217,139.650000000001
"0111","mid",400,24,42460735,0.190000000002328,0.25,139.790000000001
"0111","mid",400,25,42460736,0.169999999998254,0.25,146.650000000001
"0111","mid",400,26,42460737,0.180000000000291,0.279999999998836,144.470000000001
"0111","mid",400,27,42460738,0.139999999999418,0.230000000003201,139.419999999998
"0111","mid",400,28,42460739,0.220000000001164,0.260000000002037,140.510000000002
"0111","mid",400,29,42460740,0.139999999999418,0.19999999999709,136.690000000002
"0111","mid",400,30,42460741,0.140000000006694,0.279999999998836,137.279999999999
"0111","mid",400,31,42460742,0.120000000002619,0.260000000002037,146.029999999999
"0111","mid",400,32,42460743,0.139999999999418,0.239999999997963,142.599999999999
"0111","mid",400,33,42460744,0.180000000000291,0.25,139.93
"0111","mid",400,34,42460745,0.169999999998254,0.220000000001164,138
"0111","mid",400,35,42460746,0.190000000002328,0.299999999995634,144.980000000003
"0111","mid",400,36,42460747,0.139999999999418,0.180000000000291,140.449999999997
"0111","mid",400,37,42460748,0.160000000003492,0.239999999997963,139.18
"0111","mid",400,38,42460749,0.180000000000291,0.220000000001164,144.720000000001
"0111","mid",400,39,42460750,0.180000000000291,0.260000000002037,148.610000000001
"0111","mid",400,40,42460751,0.180000000000291,0.209999999999127,138.060000000005
"0111","mid",400,41,42460752,0.190000000002328,0.25,134.959999999999
"0111","mid",400,42,42460753,0.150000000001455,0.25,145.739999999998
"0111","mid",400,43,42460754,0.140000000006694,0.220000000001164,139.480000000003
"0111","mid",400,44,42460755,0.17000000000553,0.230000000003201,141.18
"0111","mid",400,45,42460756,0.169999999998254,0.200000000004366,134.730000000003
"0111","mid",400,46,42460757,0.180000000000291,0.239999999997963,138.860000000001
"0111","mid",400,47,42460758,0.169999999998254,0.220000000001164,138.520000000004
"0111","mid",400,48,42460759,0.139999999999418,0.25,144
"0111","mid",400,49,42460760,0.200000000004366,0.220000000001164,140.040000000001
"0111","mid",400,50,42460761,0.229999999995925,0.279999999998836,138.550000000003
"0111","mid",400,51,42460762,0.200000000004366,0.25,147.290000000001
"0111","mid",400,52,42460763,0.110000000000582,0.269999999996799,141.610000000001
"0111","mid",400,53,42460764,0.17000000000553,0.180000000000291,138.540000000001
"0111","mid",400,54,42460765,0.160000000003492,0.230000000003201,136.629999999997
"0111","mid",400,55,42460766,0.180000000000291,0.260000000002037,145.220000000001
"0111","mid",400,56,42460767,0.150000000001455,0.200000000004366,139.189999999995
"0111","mid",400,57,42460768,0.169999999998254,0.269999999996799,136.790000000001
"0111","mid",400,58,42460769,0.17000000000553,0.230000000003201,134.93
"0111","mid",400,59,42460770,0.169999999998254,0.190000000002328,151.590000000004
"0111","mid",400,60,42460771,0.169999999998254,0.209999999999127,146.800000000003
"0111","mid",400,61,42460772,0.169999999998254,0.220000000001164,141.75
"0111","mid",400,62,42460773,0.200000000004366,0.25,148.540000000001
"0111","mid",400,63,42460774,0.200000000004366,0.220000000001164,143.129999999997
"0111","mid",400,64,42460775,0.189999999995052,0.220000000001164,138.43
"0111","mid",400,65,42460776,0.169999999998254,0.25,147.060000000005
"0111","mid",400,66,42460777,0.139999999999418,0.230000000003201,142.080000000002
"0111","mid",400,67,42460778,0.180000000000291,0.169999999998254,150.800000000003
"0111","mid",400,68,42460779,0.150000000001455,0.260000000002037,138.810000000005
"0111","mid",400,69,42460780,0.19999999999709,0.220000000001164,144.690000000002
"0111","mid",400,70,42460781,0.19999999999709,0.190000000002328,140.310000000005
"0111","mid",400,71,42460782,0.159999999996217,0.19999999999709,137.659999999996
"0111","mid",400,72,42460783,0.19999999999709,0.25,147.220000000001
"0111","mid",400,73,42460784,0.169999999998254,0.279999999998836,139.920000000006
"0111","mid",400,74,42460785,0.159999999996217,0.209999999999127,159.110000000001
"0111","mid",400,75,42460786,0.169999999998254,0.280000000006112,151.169999999998
"0111","mid",400,76,42460787,0.169999999998254,0.190000000002328,141.559999999998
"0111","mid",400,77,42460788,0.220000000001164,0.279999999998836,140.709999999999
"0111","mid",400,78,42460789,0.180000000000291,0.230000000003201,139.970000000001
"0111","mid",400,79,42460790,0.129999999997381,0.260000000002037,139.720000000001
"0111","mid",400,80,42460791,0.139999999999418,0.200000000004366,138.5
"0111","mid",400,81,42460792,0.17000000000553,0.239999999997963,140.360000000001
"0111","mid",400,82,42460793,0.159999999996217,0.139999999999418,149.050000000003
"0111","mid",400,83,42460794,0.120000000002619,0.269999999996799,143.470000000001
"0111","mid",400,84,42460795,0.180000000000291,0.239999999997963,155.360000000001
"0111","mid",400,85,42460796,0.17000000000553,0.19999999999709,140.020000000004
"0111","mid",400,86,42460797,0.25,0.19999999999709,151.25
"0111","mid",400,87,42460798,0.230000000003201,0.270000000004075,147.510000000002
"0111","mid",400,88,42460799,0.120000000002619,0.19999999999709,148.599999999999
"0111","mid",400,89,42460800,0.169999999998254,0.269999999996799,150.939999999995
"0111","mid",400,90,42460801,0.169999999998254,0.19999999999709,144.659999999996
"0111","mid",400,91,42460802,0.190000000002328,0.25,142.25
"0111","mid",400,92,42460803,0.189999999995052,0.290000000000873,142.610000000001
"0111","mid",400,93,42460804,0.17000000000553,0.269999999996799,140.809999999998
"0111","mid",400,94,42460805,0.160000000003492,0.25,141.019999999997
"0111","mid",400,95,42460806,0.180000000000291,0.180000000000291,139.280000000006
"0111","mid",400,96,42460807,0.150000000001455,0.220000000001164,141.870000000003
"0111","mid",400,97,42460808,0.120000000002619,0.269999999996799,138.150000000001
"0111","mid",400,98,42460809,0.189999999995052,0.190000000002328,137.979999999996
"0111","mid",400,99,42460810,0.120000000002619,0.260000000002037,138.590000000004
"0111","mid",400,100,42460811,0.169999999998254,0.180000000000291,145.349999999999
"0111","mid",400,101,42460812,0.139999999999418,0.180000000000291,142.230000000003
"0111","mid",400,102,42460813,0.220000000001164,0.189999999995052,141.170000000006
"0111","mid",400,103,42460814,0.110000000000582,0.269999999996799,140.859999999993
"0111","mid",400,104,42460815,0.180000000000291,0.220000000001164,139.279999999999
"0111","mid",400,105,42460816,0.139999999999418,0.220000000001164,139.010000000002
"0111","mid",400,106,42460817,0.189999999995052,0.330000000001746,144.860000000001
"0111","mid",400,107,42460818,0.239999999997963,0.220000000001164,138.720000000001
"0111","mid",400,108,42460819,0.159999999996217,0.309999999997672,143.409999999996
"0111","mid",400,109,42460820,0.139999999999418,0.260000000002037,139.239999999998
"0111","mid",400,110,42460821,0.190000000002328,0.279999999998836,141.279999999999
"0111","mid",400,111,42460822,0.220000000001164,0.260000000002037,141.269999999997
"0111","mid",400,112,42460823,0.120000000002619,0.209999999999127,143.459999999999
"0111","mid",400,113,42460824,0.139999999999418,0.190000000002328,140.560000000005
"0111","mid",400,114,42460825,0.139999999999418,0.220000000001164,140.580000000002
"0111","mid",400,115,42460826,0.169999999998254,0.25,143.120000000003
"0111","mid",400,116,42460827,0.169999999998254,0.269999999996799,138.779999999999
"0111","mid",400,117,42460828,0.190000000002328,0.270000000004075,137.910000000003
"0111","mid",400,118,42460829,0.169999999998254,0.190000000002328,136.199999999997
"0111","mid",400,119,42460830,0.150000000001455,0.25,137.779999999999
"0111","mid",400,120,42460831,0.200000000004366,0.220000000001164,139.670000000006
"0111","mid",400,121,42460832,0.150000000001455,0.230000000003201,147.400000000001
"0111","mid",400,122,42460833,0.129999999997381,0.19999999999709,125.25
"0111","mid",400,123,42460834,0.169999999998254,0.19999999999709,124.190000000002
"0111","mid",400,124,42460835,0.129999999997381,0.209999999999127,114.090000000004
"0111","mid",400,125,42460836,0.120000000002619,0.180000000000291,114.300000000003
"0111","mid",400,126,42460837,0.150000000001455,0.180000000000291,109.809999999998
"0111","mid",400,127,42460838,0.159999999996217,0.150000000001455,116.199999999997
"0111","mid",400,128,42460839,0.109999999993306,0.209999999999127,113.809999999998
"0111","mid",400,129,42460840,0.120000000002619,0.150000000001455,112.379999999997
"0111","mid",400,130,42460841,0.120000000002619,0.17000000000553,116.110000000001
"0111","mid",400,131,42460842,0.110000000000582,0.19999999999709,111.359999999993
"0111","mid",400,132,42460843,0.139999999999418,0.160000000003492,113.210000000006
"0111","mid",400,133,42460844,0.160000000003492,0.169999999998254,114.639999999999
"0111","mid",400,134,42460845,0.139999999999418,0.180000000007567,109.759999999995
"0111","mid",400,135,42460846,0.139999999999418,0.139999999999418,115.929999999993
"0111","mid",400,136,42460847,0.110000000000582,0.19999999999709,117.309999999998
"0111","mid",400,137,42460848,0.139999999999418,0.189999999987776,116.869999999995
"0111","mid",400,138,42460849,0.139999999999418,0.149999999994179,111.150000000009
"0111","mid",400,139,42460850,0.130000000004657,0.220000000001164,111.5
"0111","mid",400,140,42460851,0.179999999993015,0.169999999998254,111.039999999994
"0111","mid",400,141,42460852,0.179999999993015,0.190000000002328,113.180000000008
"0111","mid",400,142,42460853,0.149999999994179,0.19999999999709,112
"0111","mid",400,143,42460854,0.139999999999418,0.219999999986612,112.550000000003
"0111","mid",400,144,42460855,0.139999999999418,0.190000000002328,109.320000000007
"0111","mid",400,145,42460856,0.100000000005821,0.190000000002328,108.37000000001
"0111","mid",400,146,42460857,0.139999999999418,0.189999999987776,107.760000000009
"0111","mid",400,147,42460858,0.160000000003492,0.139999999999418,106.610000000001
"0111","mid",400,148,42460859,0.139999999999418,0.169999999998254,108.729999999996
"0111","mid",400,149,42460860,0.130000000004657,0.160000000003492,110.130000000005
"0111","mid",400,150,42460861,0.19,1.15000000000001,130.28
"0111","mid",400,151,42460862,0.169999999999987,0.330000000000041,138.14
"0111","mid",400,152,42460863,0.169999999999959,0.259999999999991,144.05
"0111","mid",400,153,42460864,0.199999999999989,0.240000000000009,141.14
"0111","mid",400,154,42460865,0.159999999999968,0.25,137.85
"0111","mid",400,155,42460866,0.170000000000073,0.279999999999973,144.2
"0111","mid",400,156,42460867,0.190000000000055,0.259999999999991,139.22
"0111","mid",400,157,42460868,0.189999999999941,0.200000000000045,140.67
"0111","mid",400,158,42460869,0.199999999999818,0.299999999999955,134.83
"0111","mid",400,159,42460870,0.1400000000001,0.240000000000009,136.97
"0111","mid",400,160,42460871,0.170000000000073,0.209999999999809,138.44
"0111","mid",400,161,42460872,0.139999999999873,0.189999999999827,140.41
"0111","mid",400,162,42460873,0.150000000000091,0.190000000000055,140.19
"0111","mid",400,163,42460874,0.170000000000073,0.210000000000036,135.33
"0111","mid",400,164,42460875,0.170000000000073,0.25,138.69
"0111","mid",400,165,42460876,0.159999999999854,0.2199999999998,138.75
"0111","mid",400,166,42460877,0.190000000000055,0.230000000000018,142.76
"0111","mid",400,167,42460878,0.190000000000055,0.180000000000291,142.34
"0111","mid",400,168,42460879,0.170000000000073,0.200000000000273,139.77
"0111","mid",400,169,42460880,0.150000000000091,0.240000000000236,137.33
"0111","mid",400,170,42460881,0.150000000000091,0.200000000000273,145.28
"0111","mid",400,171,42460882,0.159999999999854,0.190000000000055,136.12
"0111","mid",400,172,42460883,0.159999999999854,0.199999999999818,134.75
"0111","mid",400,173,42460884,0.140000000000327,0.220000000000255,134.67
"0111","mid",400,174,42460885,0.180000000000291,0.200000000000273,134.25
"0111","mid",400,175,42460886,0.190000000000055,0.220000000000255,151.16
"0111","mid",400,176,42460887,0.190000000000055,0.279999999999745,145.05
"0111","mid",400,177,42460888,0.190000000000055,0.279999999999745,134.51
"0111","mid",400,178,42460889,0.190000000000055,0.160000000000309,137.75
"0111","mid",400,179,42460890,0.180000000000291,0.210000000000036,136.08
"0111","mid",400,180,42460891,0.180000000000291,0.25,145.809999999999
"0111","mid",400,181,42460892,0.190000000000509,0.199999999999818,135.28
"0111","mid",400,182,42460893,0.199999999999818,0.199999999999818,145.53
"0111","mid",400,183,42460894,0.199999999999818,0.199999999999818,136.49
"0111","mid",400,184,42460895,0.179999999999382,0.199999999999818,133.37
"0111","mid",400,185,42460896,0.220000000000255,0.25,135.03
"0111","mid",400,186,42460897,0.199999999999818,0.25,139.24
"0111","mid",400,187,42460898,0.170000000000073,0.270000000000437,140.54
"0111","mid",400,188,42460899,0.179999999999382,0.170000000000073,145.75
"0111","mid",400,189,42460900,0.210000000000036,0.210000000000036,135.72
"0111","mid",400,190,42460901,0.170000000000073,0.239999999999782,138.61
"0111","mid",400,191,42460902,0.139999999999418,0.229999999999563,138.650000000001
"0111","mid",400,192,42460903,0.119999999999891,0.319999999999709,135.16
"0111","mid",400,193,42460904,0.190000000000509,0.229999999999563,132.95
"0111","mid",400,194,42460905,0.1899999999996,0.190000000000509,137.08
"0111","mid",400,195,42460906,0.220000000000255,0.259999999999309,140.61
"0111","mid",400,196,42460907,0.140000000000327,0.25,146.5
"0111","mid",400,197,42460908,0.140000000000327,0.25,134.8
"0111","mid",400,198,42460909,0.140000000000327,0.230000000000473,131.18
"0111","mid",400,199,42460910,0.170000000000073,0.25,144.75
"0111","mid",400,200,42460911,0.199999999999818,0.279999999999745,144.639999999999
"0111","mid",400,201,42460912,0.199999999999818,0.25,136.91
"0111","mid",400,202,42460913,0.119999999999891,0.170000000000073,142.589999999999
"0111","mid",400,203,42460914,0.169999999999163,0.289999999999964,137.67
"0111","mid",400,204,42460915,0.210000000000036,0.199999999999818,143.31
"0111","mid",400,205,42460916,0.159999999999854,0.159999999999854,149.45
"0111","mid",400,206,42460917,0.1899999999996,0.270000000000437,148.97
"0111","mid",400,207,42460918,0.159999999999854,0.220000000000255,138.93
"0111","mid",400,208,42460919,0.1899999999996,0.280000000000655,136.66
"0111","mid",400,209,42460920,0.190000000000509,0.299999999999272,137
"0111","mid",400,210,42460921,0.200000000000728,0.190000000000509,136.669999999998
"0111","mid",400,211,42460922,0.150000000001455,0.219999999999345,140.58
"0111","mid",400,212,42460923,0.130000000001019,0.200000000000728,146.959999999999
"0111","mid",400,213,42460924,0.200000000000728,0.270000000000437,135.120000000001
"0111","mid",400,214,42460925,0.170000000000073,0.160000000001673,149.969999999999
"0111","mid",400,215,42460926,0.239999999999782,0.200000000000728,138.610000000001
"0111","mid",400,216,42460927,0.140000000001237,0.260000000000218,146.58
"0111","mid",400,217,42460928,0.239999999999782,0.25,134.49
"0111","mid",400,218,42460929,0.139999999999418,0.25,144.160000000002
"0111","mid",400,219,42460930,0.149999999999636,0.280000000000655,135.52
"0111","mid",400,220,42460931,0.200000000000728,0.299999999999272,137.370000000001
"0111","mid",400,221,42460932,0.199999999998909,0.260000000000218,142.790000000001
"0111","mid",400,222,42460933,0.170000000000073,0.229999999999563,150.75
"0111","mid",400,223,42460934,0.179999999998472,0.229999999999563,133
"0111","mid",400,224,42460935,0.210000000000946,0.270000000000437,142.58
"0111","mid",400,225,42460936,0.209999999999127,0.239999999999782,144.700000000001
"0111","mid",400,226,42460937,0.190000000000509,0.209999999999127,148.879999999999
"0111","mid",400,227,42460938,0.170000000000073,0.200000000000728,141.84
"0111","mid",400,228,42460939,0.1299999999992,0.25,148.75
"0111","mid",400,229,42460940,0.139999999999418,0.219999999999345,140.470000000001
"0111","mid",400,230,42460941,0.200000000000728,0.239999999999782,134.199999999999
"0111","mid",400,231,42460942,0.340000000000146,0.180000000000291,144.33
"0111","mid",400,232,42460943,0.200000000000728,0.289999999999054,149.029999999999
"0111","mid",400,233,42460944,0.130000000001019,0.220000000001164,154.959999999999
"0111","mid",400,234,42460945,0.150000000001455,0.199999999998909,139.66
"0111","mid",400,235,42460946,0.139999999999418,0.239999999999782,136.6
"0111","mid",400,236,42460947,0.139999999999418,0.25,140.030000000001
"0111","mid",400,237,42460948,0.170000000000073,0.209999999999127,140.709999999999
"0111","mid",400,238,42460949,0.150000000001455,0.260000000000218,149.719999999999
"0111","mid",400,239,42460950,0.170000000000073,0.270000000000437,138.289999999999
"0111","mid",400,240,42460951,0.199999999998909,0.190000000000509,147.790000000001
"0111","mid",400,241,42460952,0.170000000000073,0.229999999999563,151.1
"0111","mid",400,242,42460953,0.199999999998909,0.25,139.440000000001
"0111","mid",400,243,42460954,0.190000000000509,0.219999999999345,142.289999999999
"0111","mid",400,244,42460955,0.170000000000073,0.309999999999491,141.27
"0111","mid",400,245,42460956,0.199999999998909,0.140000000001237,139.130000000001
"0111","mid",400,246,42460957,0.139999999999418,0.25,140.83
"0111","mid",400,247,42460958,0.180000000000291,0.299999999999272,137.789999999999
"0111","mid",400,248,42460959,0.180000000000291,0.25,145.639999999999
"0111","mid",400,249,42460960,0.170000000000073,0.190000000000509,137.5
"0111","mid",400,250,42460961,0.200000000000728,0.25,143.52
"0111","mid",400,251,42460962,0.210000000000946,0.199999999998909,141.860000000001
"0111","mid",400,252,42460963,0.180000000000291,0.18999999999869,141.51
"0111","mid",400,253,42460964,0.170000000000073,0.239999999999782,146.360000000001
"0111","mid",400,254,42460965,0.220000000001164,0.18999999999869,136.139999999999
"0111","mid",400,255,42460966,0.220000000001164,0.280000000000655,136.82
"0111","mid",400,256,42460967,0.170000000000073,0.260000000000218,138.570000000002
"0111","mid",400,257,42460968,0.159999999999854,0.220000000001164,145.560000000001
"0111","mid",400,258,42460969,0.159999999999854,0.190000000000509,137.639999999999
"0111","mid",400,259,42460970,0.170000000000073,0.270000000000437,143.529999999999
"0111","mid",400,260,42460971,0.219999999999345,0.190000000000509,142.440000000001
"0111","mid",400,261,42460972,0.180000000000291,0.239999999999782,139.799999999999
"0111","mid",400,262,42460973,0.18999999999869,0.220000000001164,138.369999999999
"0111","mid",400,263,42460974,0.170000000000073,0.279999999998836,146.060000000001
"0111","mid",400,264,42460975,0.18999999999869,0.219999999999345,140.049999999999
"0111","mid",400,265,42460976,0.1200000000008,0.25,154.559999999998
"0111","mid",400,266,42460977,0.139999999999418,0.25,148.5
"0111","mid",400,267,42460978,0.190000000002328,0.239999999997963,136.169999999998
"0111","mid",400,268,42460979,0.149999999997817,0.190000000002328,136.670000000002
"0111","mid",400,269,42460980,0.19999999999709,0.230000000003201,138.650000000001
"0111","mid",400,270,42460981,0.130000000001019,0.270000000000437,142.860000000001
"0111","mid",400,271,42460982,0.209999999999127,0.229999999999563,143.59
"0111","mid",400,272,42460983,0.150000000001455,0.240000000001601,140.130000000001
"0111","mid",400,273,42460984,0.159999999999854,0.230000000003201,143
"0111","mid",400,274,42460985,0.220000000001164,0.290000000000873,151.959999999999
"0111","mid",400,275,42460986,0.240000000001601,0.220000000001164,139.23
"0111","mid",400,276,42460987,0.200000000000728,0.220000000001164,143.41
"0111","mid",400,277,42460988,0.139999999999418,0.240000000001601,137.830000000002
"0111","mid",400,278,42460989,0.180000000000291,0.190000000002328,140.860000000001
"0111","mid",400,279,42460990,0.200000000000728,0.209999999999127,135.639999999999
"0111","mid",400,280,42460991,0.129999999997381,0.299999999999272,140.220000000001
"0111","mid",400,281,42460992,0.18999999999869,0.279999999998836,138.48
"0111","mid",400,282,42460993,0.120000000002619,0.220000000001164,142.549999999999
"0111","mid",400,283,42460994,0.170000000001892,0.319999999999709,146.84
"0111","mid",400,284,42460995,0.19999999999709,0.159999999999854,147.350000000002
"0111","mid",400,285,42460996,0.170000000001892,0.330000000001746,138.75
"0111","mid",400,286,42460997,0.180000000000291,0.229999999999563,141.790000000001
"0111","mid",400,287,42460998,0.170000000001892,0.229999999999563,138.41
"0111","mid",400,288,42460999,0.130000000001019,0.19999999999709,142.43
"0111","mid",400,289,42461000,0.150000000001455,0.290000000000873,139.310000000001
"0111","mid",400,290,42461001,0.150000000001455,0.159999999999854,139.299999999999
"0111","mid",400,291,42461002,0.130000000001019,0.280000000002474,143.599999999999
"0111","mid",400,292,42461003,0.200000000000728,0.25,143.580000000002
"0111","mid",400,293,42461004,0.159999999999854,0.279999999998836,145.580000000002
"0111","mid",400,294,42461005,0.18999999999869,0.190000000002328,141.010000000002
"0111","mid",400,295,42461006,0.200000000000728,0.220000000001164,141.43
"0111","mid",400,296,42461007,0.140000000003056,0.299999999999272,143.330000000002
"0111","mid",400,297,42461008,0.139999999999418,0.18999999999869,144.07
"0111","mid",400,298,42461009,0.170000000001892,0.25,141.009999999998
"0111","mid",400,299,42461010,0.190000000002328,0.279999999998836,139.689999999999
"0111","mid",400,300,42461011,0.200000000000728,0.220000000001164,139.079999999998
"1011","mid",400,1,52460712,0.18999999999869,0.43999999999869,147.57
"1011","mid",400,2,52460713,0.260000000002037,0.389999999999418,149.23
"1011","mid",400,3,52460714,0.149999999997817,0.430000000000291,147.040000000001
"1011","mid",400,4,52460715,0.170000000001892,0.44999999999709,149.93
"1011","mid",400,5,52460716,0.140000000003056,0.450000000000728,143.830000000002
"1011","mid",400,6,52460717,0.159999999999854,0.399999999997817,151.139999999999
"1011","mid",400,7,52460718,0.190000000002328,0.380000000001019,153.370000000003
"1011","mid",400,8,52460719,0.169999999998254,0.330000000001746,153.98
"1011","mid",400,9,52460720,0.180000000000291,0.389999999999418,152.049999999999
"1011","mid",400,10,52460721,0.169999999998254,0.400000000001455,161.849999999999
"1011","mid",400,11,52460722,0.200000000000728,0.340000000000146,154.130000000001
"1011","mid",400,12,52460723,0.130000000001019,0.419999999998254,148.700000000001
"1011","mid",400,13,52460724,0.180000000000291,0.450000000000728,156.140000000003
"1011","mid",400,14,52460725,0.18999999999869,0.31000000000131,148.889999999999
"1011","mid",400,15,52460726,0.149999999997817,0.459999999999127,150.59
"1011","mid",400,16,52460727,0.200000000000728,0.430000000000291,153.09
"1011","mid",400,17,52460728,0.169999999998254,0.450000000000728,154.82
"1011","mid",400,18,52460729,0.170000000001892,0.450000000000728,157.799999999999
"1011","mid",400,19,52460730,0.219999999997526,0.43999999999869,155.02
"1011","mid",400,20,52460731,0.130000000001019,0.43999999999869,157.970000000001
"1011","mid",400,21,52460732,0.150000000001455,0.409999999999854,150.57
"1011","mid",400,22,52460733,0.139999999999418,0.419999999998254,147.150000000001
"1011","mid",400,23,52460734,0.159999999999854,0.43999999999869,146.25
"1011","mid",400,24,52460735,0.200000000000728,0.389999999999418,162.470000000001
"1011","mid",400,25,52460736,0.180000000000291,0.409999999999854,154.209999999999
"1011","mid",400,26,52460737,0.109999999996944,0.419999999998254,158.239999999998
"1011","mid",400,27,52460738,0.169999999998254,0.430000000000291,150.16
"1011","mid",400,28,52460739,0.159999999999854,0.319999999999709,149.91
"1011","mid",400,29,52460740,0.18999999999869,0.349999999998545,143.529999999999
"1011","mid",400,30,52460741,0.220000000001164,0.31000000000131,149.529999999999
"1011","mid",400,31,52460742,0.139999999999418,0.409999999999854,157.740000000002
"1011","mid",400,32,52460743,0.150000000001455,0.43999999999869,156.290000000001
"1011","mid",400,33,52460744,0.110000000000582,0.409999999999854,146.32
"1011","mid",400,34,52460745,0.159999999999854,0.450000000000728,156.68
"1011","mid",400,35,52460746,0.139999999999418,0.359999999996944,152.380000000001
"1011","mid",400,36,52460747,0.140000000003056,0.409999999999854,148.349999999999
"1011","mid",400,37,52460748,0.190000000002328,0.530000000002474,151.760000000002
"1011","mid",400,38,52460749,0.119999999998981,0.420000000001892,150.07
"1011","mid",400,39,52460750,0.180000000000291,0.459999999999127,163.670000000002
"1011","mid",400,40,52460751,0.150000000001455,0.359999999996944,144.68
"1011","mid",400,41,52460752,0.150000000001455,0.389999999999418,151.720000000001
"1011","mid",400,42,52460753,0.200000000000728,0.450000000000728,148.989999999998
"1011","mid",400,43,52460754,0.220000000001164,0.340000000000146,140.139999999999
"1011","mid",400,44,52460755,0.159999999999854,0.400000000001455,160.330000000002
"1011","mid",400,45,52460756,0.119999999998981,0.490000000001601,151
"1011","mid",400,46,52460757,0.18999999999869,0.479999999999563,146.970000000001
"1011","mid",400,47,52460758,0.149999999997817,0.470000000001164,144.34
"1011","mid",400,48,52460759,0.25,0.409999999999854,148.760000000002
"1011","mid",400,49,52460760,0.129999999997381,0.340000000000146,153.34
"1011","mid",400,50,52460761,0.200000000000728,0.430000000000291,150.580000000002
"1011","mid",400,51,52460762,0.150000000001455,0.389999999999418,149.32
"1011","mid",400,52,52460763,0.170000000001892,0.360000000000582,153.52
"1011","mid",400,53,52460764,0.180000000000291,0.330000000001746,149.369999999999
"1011","mid",400,54,52460765,0.180000000000291,0.529999999998836,145.720000000001
"1011","mid",400,55,52460766,0.190000000002328,0.379999999997381,155.269999999997
"1011","mid",400,56,52460767,0.180000000000291,0.450000000000728,161.389999999999
"1011","mid",400,57,52460768,0.220000000001164,0.330000000001746,167.310000000001
"1011","mid",400,58,52460769,0.18999999999869,0.299999999999272,148.330000000002
"1011","mid",400,59,52460770,0.180000000000291,0.389999999999418,147.830000000002
"1011","mid",400,60,52460771,0.139999999999418,0.43999999999869,144.450000000001
"1011","mid",400,61,52460772,0.18999999999869,0.450000000000728,147.040000000001
"1011","mid",400,62,52460773,0.18999999999869,0.349999999998545,160.790000000001
"1011","mid",400,63,52460774,0.170000000001892,0.450000000000728,155.730000000003
"1011","mid",400,64,52460775,0.200000000000728,0.380000000001019,158.52
"1011","mid",400,65,52460776,0.170000000001892,0.389999999999418,154.809999999998
"1011","mid",400,66,52460777,0.190000000002328,0.349999999998545,145.519999999997
"1011","mid",400,67,52460778,0.149999999997817,0.389999999999418,149.52
"1011","mid",400,68,52460779,0.119999999998981,0.459999999999127,145.299999999999
"1011","mid",400,69,52460780,0.220000000001164,0.330000000001746,146.209999999999
"1011","mid",400,70,52460781,0.169999999998254,0.389999999999418,145.279999999999
"1011","mid",400,71,52460782,0.169999999998254,0.369999999998981,150.579999999998
"1011","mid",400,72,52460783,0.190000000002328,0.379999999997381,155.25
"1011","mid",400,73,52460784,0.169999999998254,0.43999999999869,154.690000000002
"1011","mid",400,74,52460785,0.140000000003056,0.400000000001455,150.389999999999
"1011","mid",400,75,52460786,0.139999999999418,0.440000000002328,156.160000000003
"1011","mid",400,76,52460787,0.169999999998254,0.309999999997672,152.879999999997
"1011","mid",400,77,52460788,0.19999999999709,0.410000000003492,148.330000000002
"1011","mid",400,78,52460789,0.159999999996217,0.339999999996508,146.150000000001
"1011","mid",400,79,52460790,0.190000000002328,0.440000000002328,143.390000000007
"1011","mid",400,80,52460791,0.159999999996217,0.410000000003492,146.519999999997
"1011","mid",400,81,52460792,0.169999999998254,0.360000000000582,156.419999999998
"1011","mid",400,82,52460793,0.200000000004366,0.410000000003492,153.409999999996
"1011","mid",400,83,52460794,0.180000000000291,0.389999999999418,156.739999999998
"1011","mid",400,84,52460795,0.180000000000291,0.370000000002619,145.379999999997
"1011","mid",400,85,52460796,0.220000000001164,0.389999999999418,147.860000000001
"1011","mid",400,86,52460797,0.159999999996217,0.349999999998545,155.200000000004
"1011","mid",400,87,52460798,0.180000000000291,0.400000000001455,150.610000000001
"1011","mid",400,88,52460799,0.209999999999127,0.360000000000582,150.379999999997
"1011","mid",400,89,52460800,0.200000000004366,0.360000000000582,152.720000000001
"1011","mid",400,90,52460801,0.169999999998254,0.450000000004366,146.219999999994
"1011","mid",400,91,52460802,0.200000000004366,0.419999999998254,154.440000000002
"1011","mid",400,92,52460803,0.150000000001455,0.430000000000291,154.169999999998
"1011","mid",400,93,52460804,0.190000000002328,0.389999999999418,148.610000000001
"1011","mid",400,94,52460805,0.150000000001455,0.400000000001455,151.269999999997
"1011","mid",400,95,52460806,0.150000000001455,0.359999999993306,155.620000000003
"1011","mid",400,96,52460807,0.150000000001455,0.419999999998254,146.669999999998
"1011","mid",400,97,52460808,0.150000000001455,0.430000000000291,148.980000000003
"1011","mid",400,98,52460809,0.180000000000291,0.340000000003783,151.629999999997
"1011","mid",400,99,52460810,0.129999999997381,0.389999999999418,150.620000000003
"1011","mid",400,100,52460811,0.239999999997963,0.370000000002619,150.239999999998
"1011","mid",400,101,52460812,0.150000000001455,0.409999999996217,153.860000000001
"1011","mid",400,102,52460813,0.160000000003492,0.409999999996217,150.5
"1011","mid",400,103,52460814,0.160000000003492,0.479999999995925,146.68
"1011","mid",400,104,52460815,0.159999999996217,0.419999999998254,147.080000000002
"1011","mid",400,105,52460816,0.25,0.419999999998254,151.169999999998
"1011","mid",400,106,52460817,0.209999999999127,0.400000000001455,148.580000000002
"1011","mid",400,107,52460818,0.120000000002619,0.360000000000582,155.290000000001
"1011","mid",400,108,52460819,0.19999999999709,0.470000000001164,152.550000000003
"1011","mid",400,109,52460820,0.129999999997381,0.459999999999127,149.32
"1011","mid",400,110,52460821,0.139999999999418,0.349999999998545,152.269999999997
"1011","mid",400,111,52460822,0.189999999995052,0.390000000006694,155.639999999999
"1011","mid",400,112,52460823,0.159999999996217,0.430000000000291,147.169999999998
"1011","mid",400,113,52460824,0.190000000002328,0.370000000002619,151.529999999999
"1011","mid",400,114,52460825,0.17000000000553,0.370000000002619,141.419999999998
"1011","mid",400,115,52460826,0.120000000002619,0.459999999999127,145.209999999999
"1011","mid",400,116,52460827,0.190000000002328,0.290000000000873,154.469999999994
"1011","mid",400,117,52460828,0.139999999999418,0.299999999995634,150.980000000003
"1011","mid",400,118,52460829,0.180000000000291,0.489999999997963,146.989999999998
"1011","mid",400,119,52460830,0.120000000002619,0.489999999997963,151.530000000006
"1011","mid",400,120,52460831,0.190000000002328,0.470000000001164,181.970000000001
"1011","mid",400,121,52460832,0.209999999999127,0.559999999997672,193.260000000002
"1011","mid",400,122,52460833,0.169999999998254,0.700000000004366,189.080000000002
"1011","mid",400,123,52460834,0.160000000003492,0.489999999997963,180.159999999996
"1011","mid",400,124,52460835,0.160000000003492,0.55000000000291,186.889999999999
"1011","mid",400,125,52460836,0.19999999999709,0.67000000000553,181.799999999996
"1011","mid",400,126,52460837,0.230000000003201,0.599999999998545,196.669999999998
"1011","mid",400,127,52460838,0.220000000001164,0.340000000003783,183.269999999997
"1011","mid",400,128,52460839,0.169999999998254,0.470000000001164,157.050000000003
"1011","mid",400,129,52460840,0.159999999996217,0.310000000004948,147.139999999999
"1011","mid",400,130,52460841,0.139999999999418,0.379999999997381,150.059999999998
"1011","mid",400,131,52460842,0.180000000000291,0.360000000000582,158.360000000001
"1011","mid",400,132,52460843,0.159999999996217,0.5,152.629999999997
"1011","mid",400,133,52460844,0.19999999999709,0.409999999996217,151.060000000005
"1011","mid",400,134,52460845,0.159999999996217,0.389999999999418,148.590000000004
"1011","mid",400,135,52460846,0.19999999999709,0.330000000001746,149.170000000006
"1011","mid",400,136,52460847,0.169999999998254,0.409999999996217,146.559999999998
"1011","mid",400,137,52460848,0.160000000003492,0.419999999998254,152.860000000001
"1011","mid",400,138,52460849,0.209999999999127,0.32999999999447,152.260000000002
"1011","mid",400,139,52460850,0.120000000002619,0.440000000002328,150.889999999999
"1011","mid",400,140,52460851,0.219999999993888,0.400000000001455,147.470000000001
"1011","mid",400,141,52460852,0.129999999997381,0.44999999999709,153.75
"1011","mid",400,142,52460853,0.230000000003201,0.410000000003492,153.440000000002
"1011","mid",400,143,52460854,0.139999999999418,0.419999999998254,155.190000000002
"1011","mid",400,144,52460855,0.160000000003492,0.419999999998254,150.470000000001
"1011","mid",400,145,52460856,0.209999999999127,0.419999999998254,150.690000000002
"1011","mid",400,146,52460857,0.150000000001455,0.389999999999418,146.890000000007
"1011","mid",400,147,52460858,0.190000000002328,0.419999999998254,149.459999999999
"1011","mid",400,148,52460859,0.239999999997963,0.419999999998254,143.449999999997
"1011","mid",400,149,52460860,0.159999999996217,0.370000000002619,147.520000000004
"1011","mid",400,150,52460861,0.190000000002328,0.400000000001455,157.419999999998
"1011","mid",400,151,52460862,0.189999999995052,0.419999999998254,149.229999999996
"1011","mid",400,152,52460863,0.160000000003492,0.379999999997381,147.150000000001
"1011","mid",400,153,52460864,0.139999999999418,0.360000000000582,148.300000000003
"1011","mid",400,154,52460865,0.150000000001455,0.389999999999418,149.360000000001
"1011","mid",400,155,52460866,0.189999999995052,0.389999999999418,152.409999999996
"1011","mid",400,156,52460867,0.159999999996217,0.389999999999418,154.25
"1011","mid",400,157,52460868,0.120000000002619,0.339999999996508,162.299999999996
"1011","mid",400,158,52460869,0.150000000001455,0.370000000002619,173.590000000004
"1011","mid",400,159,52460870,0.169999999998254,0.459999999999127,153.120000000003
"1011","mid",400,160,52460871,0.220000000001164,0.419999999998254,155.329999999994
"1011","mid",400,161,52460872,0.160000000003492,0.389999999999418,149.329999999994
"1011","mid",400,162,52460873,0.180000000000291,0.389999999999418,161.700000000004
"1011","mid",400,163,52460874,0.120000000002619,0.489999999997963,152.18
"1011","mid",400,164,52460875,0.150000000001455,0.389999999999418,151.25
"1011","mid",400,165,52460876,0.209999999999127,0.430000000000291,157.389999999999
"1011","mid",400,166,52460877,0.180000000000291,0.430000000000291,150.43
"1011","mid",400,167,52460878,0.209999999999127,0.360000000000582,160.729999999996
"1011","mid",400,168,52460879,0.169999999998254,0.360000000000582,146.400000000001
"1011","mid",400,169,52460880,0.190000000002328,0.400000000001455,159.769999999997
"1011","mid",400,170,52460881,0.169999999998254,0.450000000004366,148.060000000005
"1011","mid",400,171,52460882,0.150000000001455,0.389999999999418,149.510000000002
"1011","mid",400,172,52460883,0.190000000002328,0.470000000001164,149.349999999999
"1011","mid",400,173,52460884,0.209999999999127,0.419999999998254,158.189999999995
"1011","mid",400,174,52460885,0.129999999997381,0.360000000000582,156.780000000006
"1011","mid",400,175,52460886,0.19999999999709,0.389999999999418,158.139999999999
"1011","mid",400,176,52460887,0.159999999996217,0.44999999999709,156.059999999998
"1011","mid",400,177,52460888,0.129999999997381,0.559999999997672,150.57
"1011","mid",400,178,52460889,0.139999999999418,0.419999999998254,148.989999999998
"1011","mid",400,179,52460890,0.189999999995052,0.400000000001455,152.5
"1011","mid",400,180,52460891,0.220000000001164,0.360000000000582,150.050000000003
"1011","mid",400,181,52460892,0.120000000002619,0.470000000001164,154.599999999999
"1011","mid",400,182,52460893,0.169999999998254,0.360000000000582,149.940000000002
"1011","mid",400,183,52460894,0.139999999999418,0.419999999998254,156.25
"1011","mid",400,184,52460895,0.169999999998254,0.360000000000582,151.190000000002
"1011","mid",400,185,52460896,0.159999999996217,0.430000000000291,158.389999999999
"1011","mid",400,186,52460897,0.150000000001455,0.419999999998254,153.969999999994
"1011","mid",400,187,52460898,0.209999999999127,0.489999999997963,145.089999999997
"1011","mid",400,188,52460899,0.19999999999709,0.439999999995052,154.689999999995
"1011","mid",400,189,52460900,0.120000000002619,0.459999999999127,146
"1011","mid",400,190,52460901,0.190000000002328,0.389999999999418,148.980000000003
"1011","mid",400,191,52460902,0.110000000000582,0.349999999998545,146.779999999999
"1011","mid",400,192,52460903,0.159999999996217,0.440000000002328,155.060000000005
"1011","mid",400,193,52460904,0.129999999997381,0.389999999999418,147.059999999998
"1011","mid",400,194,52460905,0.180000000000291,0.459999999999127,155.690000000002
"1011","mid",400,195,52460906,0.180000000000291,0.360000000000582,153.980000000003
"1011","mid",400,196,52460907,0.140000000006694,0.409999999996217,143.910000000003
"1011","mid",400,197,52460908,0.139999999999418,0.410000000003492,151.950000000004
"1011","mid",400,198,52460909,0.230000000003201,0.410000000003492,159.449999999997
"1011","mid",400,199,52460910,0.169999999998254,0.379999999997381,149.980000000003
"1011","mid",400,200,52460911,0.17000000000553,0.439999999995052,154.370000000003
"1011","mid",400,201,52460912,0.209999999999127,0.44999999999709,149.75
"1011","mid",400,202,52460913,0.169999999998254,0.440000000002328,151.349999999999
"1011","mid",400,203,52460914,0.169999999998254,0.389999999999418,145.360000000001
"1011","mid",400,204,52460915,0.169999999998254,0.330000000001746,155.07
"1011","mid",400,205,52460916,0.180000000000291,0.480000000003201,161.459999999999
"1011","mid",400,206,52460917,0.150000000001455,0.470000000001164,147.489999999998
"1011","mid",400,207,52460918,0.220000000001164,0.370000000002619,152.520000000004
"1011","mid",400,208,52460919,0.139999999999418,0.510000000002037,151.340000000004
"1011","mid",400,209,52460920,0.150000000001455,0.440000000002328,148.610000000001
"1011","mid",400,210,52460921,0.180000000000291,0.440000000002328,150.339999999997
"1011","mid",400,211,52460922,0.180000000000291,0.379999999997381,150.199999999997
"1011","mid",400,212,52460923,0.190000000002328,0.389999999999418,150.75
"1011","mid",400,213,52460924,0.169999999998254,0.409999999996217,145.910000000003
"1011","mid",400,214,52460925,0.190000000002328,0.470000000001164,146.900000000001
"1011","mid",400,215,52460926,0.160000000003492,0.360000000000582,150.870000000003
"1011","mid",400,216,52460927,0.200000000004366,0.430000000000291,153.029999999999
"1011","mid",400,217,52460928,0.220000000001164,0.430000000000291,147.779999999999
"1011","mid",400,218,52460929,0.139999999999418,0.400000000001455,159.580000000002
"1011","mid",400,219,52460930,0.160000000003492,0.370000000002619,146.980000000003
"1011","mid",400,220,52460931,0.169999999998254,0.379999999997381,151.830000000002
"1011","mid",400,221,52460932,0.140000000006694,0.450000000004366,151.860000000001
"1011","mid",400,222,52460933,0.169999999998254,0.510000000002037,153.939999999995
"1011","mid",400,223,52460934,0.169999999998254,0.370000000002619,151.25
"1011","mid",400,224,52460935,0.160000000003492,0.489999999997963,152.720000000001
"1011","mid",400,225,52460936,0.209999999999127,0.450000000004366,147.409999999996
"1011","mid",400,226,52460937,0.139999999999418,0.459999999999127,152.610000000001
"1011","mid",400,227,52460938,0.200000000004366,0.44999999999709,158.939999999995
"1011","mid",400,228,52460939,0.160000000003492,0.400000000001455,151.090000000004
"1011","mid",400,229,52460940,0.180000000000291,0.529999999998836,155.450000000004
"1011","mid",400,230,52460941,0.169999999998254,0.469999999993888,151.639999999999
"1011","mid",400,231,52460942,0.139999999999418,0.42000000000553,157.07
"1011","mid",400,232,52460943,0.150000000001455,0.439999999995052,155.269999999997
"1011","mid",400,233,52460944,0.129999999997381,0.480000000003201,151.110000000001
"1011","mid",400,234,52460945,0.150000000001455,0.44999999999709,148.860000000001
"1011","mid",400,235,52460946,0.19999999999709,0.379999999997381,164.200000000004
"1011","mid",400,236,52460947,0.169999999998254,0.44999999999709,153.669999999998
"1011","mid",400,237,52460948,0.169999999998254,0.419999999998254,154.439999999995
"1011","mid",400,238,52460949,0.129999999997381,0.489999999997963,153.760000000002
"1011","mid",400,239,52460950,0.129999999997381,0.42000000000553,155.43
"1011","mid",400,240,52460951,0.159999999996217,0.390000000006694,138.870000000003
"1011","mid",400,241,52460952,0.189999999995052,0.439999999995052,155.230000000003
"1011","mid",400,242,52460953,0.169999999998254,0.389999999999418,154.669999999998
"1011","mid",400,243,52460954,0.160000000003492,0.389999999999418,154.659999999996
"1011","mid",400,244,52460955,0.160000000003492,0.470000000001164,149.989999999998
"1011","mid",400,245,52460956,0.230000000003201,0.339999999996508,151.939999999995
"1011","mid",400,246,52460957,0.209999999999127,0.44999999999709,148.420000000006
"1011","mid",400,247,52460958,0.160000000003492,0.410000000003492,155.260000000002
"1011","mid",400,248,52460959,0.159999999996217,0.439999999995052,144.07
"1011","mid",400,249,52460960,0.220000000001164,0.470000000001164,150.590000000004
"1011","mid",400,250,52460961,0.190000000002328,0.5,152.110000000001
"1011","mid",400,251,52460962,0.139999999999418,0.409999999996217,149.050000000003
"1011","mid",400,252,52460963,0.189999999995052,0.439999999995052,154.330000000002
"1011","mid",400,253,52460964,0.139999999999418,0.480000000003201,153.690000000002
"1011","mid",400,254,52460965,0.169999999998254,0.430000000000291,150.449999999997
"1011","mid",400,255,52460966,0.17000000000553,0.459999999999127,146.32
"1011","mid",400,256,52460967,0.169999999998254,0.379999999997381,145.419999999998
"1011","mid",400,257,52460968,0.220000000001164,0.440000000002328,155.860000000001
"1011","mid",400,258,52460969,0.139999999999418,0.419999999998254,151.919999999998
"1011","mid",400,259,52460970,0.150000000001455,0.410000000003492,151.599999999999
"1011","mid",400,260,52460971,0.189999999995052,0.419999999998254,153.139999999999
"1011","mid",400,261,52460972,0.129999999997381,0.389999999999418,147.730000000003
"1011","mid",400,262,52460973,0.160000000003492,0.42000000000553,151.779999999999
"1011","mid",400,263,52460974,0.120000000002619,0.55000000000291,154.32
"1011","mid",400,264,52460975,0.139999999999418,0.470000000001164,158.909999999996
"1011","mid",400,265,52460976,0.169999999998254,0.439999999995052,147.859999999993
"1011","mid",400,266,52460977,0.19999999999709,0.459999999999127,153.18
"1011","mid",400,267,52460978,0.159999999996217,0.360000000000582,153.579999999994
"1011","mid",400,268,52460979,0.180000000000291,0.370000000002619,155.860000000001
"1011","mid",400,269,52460980,0.19999999999709,0.439999999995052,153.18
"1011","mid",400,270,52460981,0.150000000001455,0.459999999999127,151.440000000002
"1011","mid",400,271,52460982,0.139999999999418,0.67000000000553,150.440000000002
"1011","mid",400,272,52460983,0.180000000000291,0.5,146.489999999998
"1011","mid",400,273,52460984,0.189999999995052,0.459999999999127,157.529999999999
"1011","mid",400,274,52460985,0.159999999996217,0.450000000004366,155.110000000001
"1011","mid",400,275,52460986,0.200000000004366,0.400000000001455,150.329999999994
"1011","mid",400,276,52460987,0.139999999999418,0.389999999999418,146.050000000003
"1011","mid",400,277,52460988,0.169999999998254,0.349999999998545,155.5
"1011","mid",400,278,52460989,0.17000000000553,0.400000000001455,152.629999999997
"1011","mid",400,279,52460990,0.190000000002328,0.309999999997672,153.080000000002
"1011","mid",400,280,52460991,0.139999999999418,0.340000000003783,131.629999999997
"1011","mid",400,281,52460992,0.17000000000553,0.309999999997672,129.959999999999
"1011","mid",400,282,52460993,0.140000000006694,0.340000000003783,122.889999999999
"1011","mid",400,283,52460994,0.139999999999418,0.349999999998545,123.25
"1011","mid",400,284,52460995,0.139999999999418,0.310000000004948,123.939999999995
"1011","mid",400,285,52460996,0.139999999999418,0.330000000001746,124.57
"1011","mid",400,286,52460997,0.160000000003492,0.370000000002619,125.139999999999
"1011","mid",400,287,52460998,0.150000000001455,0.319999999999709,121.370000000003
"1011","mid",400,288,52460999,0.160000000003492,0.339999999996508,122.159999999996
"1011","mid",400,289,52461000,0.160000000003492,0.340000000011059,124.809999999998
"1011","mid",400,290,52461001,0.139999999999418,0.320000000006985,116.889999999999
"1011","mid",400,291,52461002,0.130000000004657,0.349999999991269,127.830000000002
"1011","mid",400,292,52461003,0.159999999988941,0.339999999996508,126.190000000002
"1011","mid",400,293,52461004,0.139999999999418,0.329999999987194,119.140000000014
"1011","mid",400,294,52461005,0.110000000000582,0.270000000004075,130.619999999995
"1011","mid",400,295,52461006,0.110000000000582,0.330000000001746,126.229999999996
"1011","mid",400,296,52461007,0.130000000004657,0.339999999996508,120.940000000002
"1011","mid",400,297,52461008,0.130000000004657,0.350000000005821,123.380000000005
"1011","mid",400,298,52461009,0.119999999995343,0.350000000005821,128.949999999997
"1011","mid",400,299,52461010,0.150000000008731,0.330000000001746,118.5
"1011","mid",400,300,52461011,0.139999999999418,0.329999999987194,121.830000000002
"1111","strong",400,1,33460712,0.22,1.53,173.95
"1111","strong",400,2,33460713,0.189999999999998,0.759999999999991,182.74
"1111","strong",400,3,33460714,0.149999999999977,0.560000000000059,173.51
"1111","strong",400,4,33460715,0.220000000000027,0.529999999999973,181.06
"1111","strong",400,5,33460716,0.220000000000027,0.779999999999973,190.9
"1111","strong",400,6,33460717,0.230000000000018,0.619999999999891,184.08
"1111","strong",400,7,33460718,0.170000000000073,0.669999999999845,168.01
"1111","strong",400,8,33460719,0.230000000000018,0.700000000000045,174.11
"1111","strong",400,9,33460720,0.200000000000045,0.75,186.95
"1111","strong",400,10,33460721,0.149999999999864,0.6099999999999,179.89
"1111","strong",400,11,33460722,0.190000000000055,0.620000000000118,175.36
"1111","strong",400,12,33460723,0.169999999999845,0.559999999999945,186.77
"1111","strong",400,13,33460724,0.210000000000036,0.75,188.49
"1111","strong",400,14,33460725,0.139999999999873,0.679999999999836,170.28
"1111","strong",400,15,33460726,0.2199999999998,0.600000000000364,181.09
"1111","strong",400,16,33460727,0.200000000000273,0.670000000000073,176.84
"1111","strong",400,17,33460728,0.169999999999618,0.5300000000002,169.38
"1111","strong",400,18,33460729,0.180000000000291,0.559999999999945,180.81
"1111","strong",400,19,33460730,0.200000000000273,0.75,167.75
"1111","strong",400,20,33460731,0.139999999999873,0.599999999999909,177.91
"1111","strong",400,21,33460732,0.220000000000255,0.559999999999945,179.54
"1111","strong",400,22,33460733,0.230000000000018,0.690000000000055,168.6
"1111","strong",400,23,33460734,0.230000000000018,0.819999999999709,170.22
"1111","strong",400,24,33460735,0.210000000000036,0.630000000000109,174.389999999999
"1111","strong",400,25,33460736,0.190000000000509,0.690000000000509,186.72
"1111","strong",400,26,33460737,0.1899999999996,0.640000000000327,177.56
"1111","strong",400,27,33460738,0.269999999999527,0.699999999999818,177.87
"1111","strong",400,28,33460739,0.200000000000728,0.699999999999818,183.67
"1111","strong",400,29,33460740,0.170000000000073,0.579999999999927,190.950000000001
"1111","strong",400,30,33460741,0.170000000000073,0.760000000000218,186.89
"1111","strong",400,31,33460742,0.149999999999636,0.539999999999964,175.92
"1111","strong",400,32,33460743,0.159999999999854,0.539999999999964,173.89
"1111","strong",400,33,33460744,0.179999999999382,0.600000000000364,175.78
"1111","strong",400,34,33460745,0.180000000000291,0.630000000000109,190.75
"1111","strong",400,35,33460746,0.200000000000728,0.690000000000509,173.25
"1111","strong",400,36,33460747,0.210000000000036,0.5600000000004,165.51
"1111","strong",400,37,33460748,0.1899999999996,0.559999999999491,181.54
"1111","strong",400,38,33460749,0.149999999999636,0.550000000000182,200.45
"1111","strong",400,39,33460750,0.1899999999996,0.690000000000509,182.190000000001
"1111","strong",400,40,33460751,0.210000000000036,0.609999999999673,177.48
"1111","strong",400,41,33460752,0.170000000000073,0.759999999999309,196.14
"1111","strong",400,42,33460753,0.199999999999818,0.640000000000327,173.45
"1111","strong",400,43,33460754,0.190000000000509,0.75,178.51
"1111","strong",400,44,33460755,0.210000000000036,0.610000000000582,179.51
"1111","strong",400,45,33460756,0.199999999999818,0.699999999999818,189.309999999999
"1111","strong",400,46,33460757,0.25,0.6299999999992,188.190000000001
"1111","strong",400,47,33460758,0.199999999998909,0.610000000000582,197.400000000001
"1111","strong",400,48,33460759,0.200000000000728,0.6299999999992,177.42
"1111","strong",400,49,33460760,0.159999999999854,0.609999999998763,178.83
"1111","strong",400,50,33460761,0.190000000000509,0.559999999999491,175.83
"1111","strong",400,51,33460762,0.200000000000728,0.690000000000509,193.51
"1111","strong",400,52,33460763,0.170000000000073,0.780000000000655,165.24
"1111","strong",400,53,33460764,0.190000000000509,0.649999999999636,174.52
"1111","strong",400,54,33460765,0.210000000000946,0.659999999999854,178.91
"1111","strong",400,55,33460766,0.139999999999418,0.559999999999491,190.08
"1111","strong",400,56,33460767,0.200000000000728,0.670000000000073,177.019999999999
"1111","strong",400,57,33460768,0.149999999999636,0.619999999998981,183.959999999999
"1111","strong",400,58,33460769,0.200000000000728,0.640000000001237,178.58
"1111","strong",400,59,33460770,0.230000000001382,0.590000000000146,172.67
"1111","strong",400,60,33460771,0.199999999998909,0.56000000000131,172.709999999999
"1111","strong",400,61,33460772,0.190000000000509,0.56000000000131,173.859999999999
"1111","strong",400,62,33460773,0.190000000000509,0.75,188.279999999999
"1111","strong",400,63,33460774,0.139999999999418,0.670000000000073,178.41
"1111","strong",400,64,33460775,0.190000000000509,0.75,196.029999999999
"1111","strong",400,65,33460776,0.149999999999636,0.659999999999854,181.549999999999
"1111","strong",400,66,33460777,0.25,0.659999999999854,187.08
"1111","strong",400,67,33460778,0.139999999999418,0.609999999998763,177.93
"1111","strong",400,68,33460779,0.170000000000073,0.630000000001019,188.560000000001
"1111","strong",400,69,33460780,0.150000000001455,0.829999999999927,172.530000000001
"1111","strong",400,70,33460781,0.200000000000728,0.540000000000873,169.630000000001
"1111","strong",400,71,33460782,0.239999999999782,0.719999999999345,197.27
"1111","strong",400,72,33460783,0.220000000001164,0.550000000001091,189.700000000001
"1111","strong",400,73,33460784,0.219999999999345,0.829999999999927,179.369999999999
"1111","strong",400,74,33460785,0.190000000000509,0.790000000000873,179.950000000001
"1111","strong",400,75,33460786,0.199999999998909,0.690000000000509,182.58
"1111","strong",400,76,33460787,0.200000000000728,0.549999999999272,178.530000000001
"1111","strong",400,77,33460788,0.139999999999418,0.590000000000146,169.83
"1111","strong",400,78,33460789,0.219999999999345,0.609999999998763,189.17
"1111","strong",400,79,33460790,0.240000000001601,0.660000000001673,168.970000000001
"1111","strong",400,80,33460791,0.220000000001164,0.700000000000728,186.029999999999
"1111","strong",400,81,33460792,0.25,0.609999999998763,176.41
"1111","strong",400,82,33460793,0.230000000001382,0.639999999999418,198.25
"1111","strong",400,83,33460794,0.190000000000509,0.699999999998909,172.389999999999
"1111","strong",400,84,33460795,0.199999999998909,0.669999999998254,165.790000000001
"1111","strong",400,85,33460796,0.140000000001237,0.489999999999782,188.960000000001
"1111","strong",400,86,33460797,0.200000000000728,0.690000000000509,183.280000000001
"1111","strong",400,87,33460798,0.159999999999854,0.68999999999869,196.84
"1111","strong",400,88,33460799,0.219999999999345,0.6200000000008,175.689999999999
"1111","strong",400,89,33460800,0.18999999999869,0.649999999999636,175.559999999999
"1111","strong",400,90,33460801,0.200000000000728,0.729999999999563,190.699999999999
"1111","strong",400,91,33460802,0.18999999999869,0.619999999998981,181
"1111","strong",400,92,33460803,0.180000000000291,0.680000000000291,193.779999999999
"1111","strong",400,93,33460804,0.25,0.729999999999563,184.34
"1111","strong",400,94,33460805,0.190000000002328,0.709999999999127,191.720000000001
"1111","strong",400,95,33460806,0.159999999999854,0.669999999998254,180.220000000001
"1111","strong",400,96,33460807,0.200000000000728,0.549999999999272,183.07
"1111","strong",400,97,33460808,0.25,0.779999999998836,188.189999999999
"1111","strong",400,98,33460809,0.159999999999854,0.540000000000873,170.059999999998
"1111","strong",400,99,33460810,0.219999999997526,0.56000000000131,187.649999999998
"1111","strong",400,100,33460811,0.200000000000728,0.759999999998399,179.349999999999
"1111","strong",400,101,33460812,0.220000000001164,0.610000000000582,183.419999999998
"1111","strong",400,102,33460813,0.159999999999854,0.640000000003056,185.009999999998
"1111","strong",400,103,33460814,0.229999999999563,0.759999999998399,190.629999999997
"1111","strong",400,104,33460815,0.149999999997817,0.680000000000291,181.350000000002
"1111","strong",400,105,33460816,0.25,0.590000000000146,187.310000000001
"1111","strong",400,106,33460817,0.209999999999127,0.619999999998981,168
"1111","strong",400,107,33460818,0.200000000000728,0.619999999998981,199.080000000002
"1111","strong",400,108,33460819,0.180000000000291,0.590000000000146,172.170000000002
"1111","strong",400,109,33460820,0.169999999998254,0.590000000000146,174.560000000001
"1111","strong",400,110,33460821,0.180000000000291,0.729999999999563,176.450000000001
"1111","strong",400,111,33460822,0.209999999999127,0.649999999997817,208.84
"1111","strong",400,112,33460823,0.220000000001164,0.610000000000582,189.239999999998
"1111","strong",400,113,33460824,0.170000000001892,0.56000000000131,188.16
"1111","strong",400,114,33460825,0.220000000001164,0.56000000000131,191.169999999998
"1111","strong",400,115,33460826,0.200000000000728,0.569999999999709,184.790000000001
"1111","strong",400,116,33460827,0.170000000001892,0.680000000000291,195.129999999997
"1111","strong",400,117,33460828,0.200000000000728,0.639999999999418,176.84
"1111","strong",400,118,33460829,0.180000000000291,0.56000000000131,173.529999999999
"1111","strong",400,119,33460830,0.209999999999127,0.639999999999418,177.560000000001
"1111","strong",400,120,33460831,0.18999999999869,0.599999999998545,178.5
"1111","strong",400,121,33460832,0.0999999999985448,0.650000000001455,196.59
"1111","strong",400,122,33460833,0.170000000001892,0.639999999999418,199.220000000001
"1111","strong",400,123,33460834,0.170000000001892,0.659999999999854,175.110000000001
"1111","strong",400,124,33460835,0.220000000001164,0.659999999999854,190.389999999999
"1111","strong",400,125,33460836,0.169999999998254,0.509999999998399,178.84
"1111","strong",400,126,33460837,0.209999999999127,0.710000000002765,183.59
"1111","strong",400,127,33460838,0.169999999998254,0.630000000001019,174.130000000001
"1111","strong",400,128,33460839,0.190000000002328,0.620000000002619,184.950000000001
"1111","strong",400,129,33460840,0.200000000000728,0.610000000000582,198.59
"1111","strong",400,130,33460841,0.149999999997817,0.659999999999854,175.73
"1111","strong",400,131,33460842,0.209999999999127,0.610000000000582,181.129999999997
"1111","strong",400,132,33460843,0.18999999999869,0.579999999998108,178.190000000002
"1111","strong",400,133,33460844,0.219999999997526,0.770000000000437,177.079999999998
"1111","strong",400,134,33460845,0.229999999999563,0.659999999999854,178.190000000002
"1111","strong",400,135,33460846,0.180000000000291,0.729999999999563,181.169999999998
"1111","strong",400,136,33460847,0.180000000000291,0.580000000001746,196.75
"1111","strong",400,137,33460848,0.159999999999854,0.619999999998981,189.579999999998
"1111","strong",400,138,33460849,0.139999999999418,0.770000000000437,174.139999999999
"1111","strong",400,139,33460850,0.18999999999869,0.590000000000146,190.639999999999
"1111","strong",400,140,33460851,0.240000000001601,0.670000000001892,177.760000000002
"1111","strong",400,141,33460852,0.170000000001892,0.610000000000582,169.170000000002
"1111","strong",400,142,33460853,0.220000000001164,0.610000000000582,195.18
"1111","strong",400,143,33460854,0.159999999999854,0.700000000000728,169.029999999999
"1111","strong",400,144,33460855,0.110000000000582,0.639999999999418,167.440000000002
"1111","strong",400,145,33460856,0.150000000001455,0.75,191.93
"1111","strong",400,146,33460857,0.18999999999869,0.610000000000582,190.049999999999
"1111","strong",400,147,33460858,0.170000000001892,0.680000000000291,180.350000000002
"1111","strong",400,148,33460859,0.219999999997526,0.639999999999418,173.07
"1111","strong",400,149,33460860,0.159999999999854,0.549999999999272,181.299999999999
"1111","strong",400,150,33460861,0.159999999999854,0.610000000000582,172.939999999999
"1111","strong",400,151,33460862,0.209999999999127,0.690000000002328,175.23
"1111","strong",400,152,33460863,0.159999999999854,0.670000000001892,180.329999999998
"1111","strong",400,153,33460864,0.18999999999869,0.609999999996944,174.32
"1111","strong",400,154,33460865,0.119999999998981,0.580000000001746,185.07
"1111","strong",400,155,33460866,0.159999999999854,0.680000000000291,182.639999999999
"1111","strong",400,156,33460867,0.219999999997526,0.620000000002619,180.830000000002
"1111","strong",400,157,33460868,0.200000000000728,0.639999999999418,170.830000000002
"1111","strong",400,158,33460869,0.200000000000728,0.600000000002183,187.209999999999
"1111","strong",400,159,33460870,0.119999999998981,0.56000000000131,207.02
"1111","strong",400,160,33460871,0.270000000000437,0.609999999996944,190.52
"1111","strong",400,161,33460872,0.139999999999418,0.610000000000582,173.689999999999
"1111","strong",400,162,33460873,0.190000000002328,0.639999999999418,171.029999999999
"1111","strong",400,163,33460874,0.190000000002328,0.600000000002183,178.689999999999
"1111","strong",400,164,33460875,0.170000000001892,0.700000000000728,189.189999999999
"1111","strong",400,165,33460876,0.159999999999854,0.559999999997672,184.970000000001
"1111","strong",400,166,33460877,0.200000000000728,0.610000000000582,179.900000000001
"1111","strong",400,167,33460878,0.219999999997526,0.739999999997963,177.059999999998
"1111","strong",400,168,33460879,0.260000000002037,0.680000000000291,178.450000000001
"1111","strong",400,169,33460880,0.220000000001164,0.619999999998981,178.969999999998
"1111","strong",400,170,33460881,0.209999999999127,0.75,187.389999999999
"1111","strong",400,171,33460882,0.220000000001164,0.549999999999272,173.049999999999
"1111","strong",400,172,33460883,0.170000000001892,0.659999999999854,188.279999999999
"1111","strong",400,173,33460884,0.190000000002328,0.780000000002474,174.870000000003
"1111","strong",400,174,33460885,0.200000000000728,0.610000000000582,169.470000000001
"1111","strong",400,175,33460886,0.210000000002765,0.5,194.370000000003
"1111","strong",400,176,33460887,0.220000000001164,0.700000000000728,184.029999999999
"1111","strong",400,177,33460888,0.219999999997526,0.700000000000728,190.439999999999
"1111","strong",400,178,33460889,0.159999999999854,0.579999999998108,178.830000000002
"1111","strong",400,179,33460890,0.209999999999127,0.590000000003783,188.439999999995
"1111","strong",400,180,33460891,0.120000000002619,0.690000000002328,164.529999999999
"1111","strong",400,181,33460892,0.109999999993306,0.669999999998254,179.339999999997
"1111","strong",400,182,33460893,0.209999999999127,0.529999999998836,180.239999999998
"1111","strong",400,183,33460894,0.190000000002328,0.730000000003201,175.919999999998
"1111","strong",400,184,33460895,0.159999999996217,0.639999999999418,176.139999999999
"1111","strong",400,185,33460896,0.180000000000291,0.619999999995343,170.909999999996
"1111","strong",400,186,33460897,0.270000000004075,0.599999999998545,174.5
"1111","strong",400,187,33460898,0.19999999999709,0.589999999996508,192.370000000003
"1111","strong",400,188,33460899,0.159999999996217,0.669999999998254,186.68
"1111","strong",400,189,33460900,0.150000000001455,0.659999999996217,171.409999999996
"1111","strong",400,190,33460901,0.139999999999418,0.540000000000873,175.699999999997
"1111","strong",400,191,33460902,0.19999999999709,0.680000000000291,176.580000000002
"1111","strong",400,192,33460903,0.209999999999127,0.559999999997672,181.239999999998
"1111","strong",400,193,33460904,0.169999999998254,0.519999999996799,183.469999999994
"1111","strong",400,194,33460905,0.19999999999709,0.569999999999709,184.730000000003
"1111","strong",400,195,33460906,0.17000000000553,0.610000000000582,184.919999999998
"1111","strong",400,196,33460907,0.169999999998254,0.610000000000582,170.389999999999
"1111","strong",400,197,33460908,0.19999999999709,0.720000000001164,174.839999999997
"1111","strong",400,198,33460909,0.140000000006694,0.75,208.920000000006
"1111","strong",400,199,33460910,0.180000000000291,0.729999999995925,171.829999999994
"1111","strong",400,200,33460911,0.189999999995052,0.659999999996217,176.870000000003
"1111","strong",400,201,33460912,0.140000000006694,0.680000000000291,185.549999999996
"1111","strong",400,202,33460913,0.150000000001455,0.639999999999418,196.419999999998
"1111","strong",400,203,33460914,0.180000000000291,0.669999999998254,188.220000000001
"1111","strong",400,204,33460915,0.200000000004366,0.69999999999709,196.93
"1111","strong",400,205,33460916,0.220000000001164,0.599999999998545,177.590000000004
"1111","strong",400,206,33460917,0.169999999998254,0.580000000001746,192.340000000004
"1111","strong",400,207,33460918,0.220000000001164,0.639999999999418,175.720000000001
"1111","strong",400,208,33460919,0.200000000004366,0.620000000002619,172.25
"1111","strong",400,209,33460920,0.180000000000291,0.629999999997381,180.060000000005
"1111","strong",400,210,33460921,0.169999999998254,0.709999999999127,182.580000000002
"1111","strong",400,211,33460922,0.209999999999127,0.689999999995052,179.970000000001
"1111","strong",400,212,33460923,0.200000000004366,0.730000000003201,166.760000000002
"1111","strong",400,213,33460924,0.230000000003201,0.730000000003201,172.629999999997
"1111","strong",400,214,33460925,0.190000000002328,0.599999999998545,177.779999999999
"1111","strong",400,215,33460926,0.19999999999709,0.629999999997381,176.200000000004
"1111","strong",400,216,33460927,0.169999999998254,0.599999999998545,171.550000000003
"1111","strong",400,217,33460928,0.19999999999709,0.919999999998254,213.699999999997
"1111","strong",400,218,33460929,0.310000000004948,0.92000000000553,240.639999999999
"1111","strong",400,219,33460930,0.190000000002328,1,221.879999999997
"1111","strong",400,220,33460931,0.239999999997963,0.650000000001455,210.489999999998
"1111","strong",400,221,33460932,0.220000000001164,0.709999999999127,238.599999999999
"1111","strong",400,222,33460933,0.159999999996217,0.739999999997963,218.849999999999
"1111","strong",400,223,33460934,0.25,0.799999999995634,202.719999999994
"1111","strong",400,224,33460935,0.230000000003201,0.590000000003783,185.900000000001
"1111","strong",400,225,33460936,0.209999999999127,0.680000000000291,177.560000000005
"1111","strong",400,226,33460937,0.25,0.569999999999709,195.300000000003
"1111","strong",400,227,33460938,0.169999999998254,0.640000000006694,191.32
"1111","strong",400,228,33460939,0.169999999998254,0.590000000003783,166.720000000001
"1111","strong",400,229,33460940,0.220000000001164,0.610000000000582,190.129999999997
"1111","strong",400,230,33460941,0.139999999999418,0.569999999999709,184.110000000001
"1111","strong",400,231,33460942,0.200000000004366,0.610000000000582,184.450000000004
"1111","strong",400,232,33460943,0.139999999999418,0.680000000000291,176.989999999998
"1111","strong",400,233,33460944,0.25,0.569999999999709,187.700000000004
"1111","strong",400,234,33460945,0.169999999998254,0.629999999997381,186
"1111","strong",400,235,33460946,0.190000000002328,0.639999999999418,182.510000000002
"1111","strong",400,236,33460947,0.129999999997381,0.529999999998836,178.459999999999
"1111","strong",400,237,33460948,0.150000000001455,0.620000000002619,190.190000000002
"1111","strong",400,238,33460949,0.190000000002328,0.560000000004948,179.459999999999
"1111","strong",400,239,33460950,0.169999999998254,0.640000000006694,179
"1111","strong",400,240,33460951,0.120000000002619,0.640000000006694,173.379999999997
"1111","strong",400,241,33460952,0.189999999995052,0.610000000000582,179.170000000006
"1111","strong",400,242,33460953,0.159999999996217,0.689999999995052,194.129999999997
"1111","strong",400,243,33460954,0.190000000002328,0.639999999999418,179.739999999998
"1111","strong",400,244,33460955,0.159999999996217,0.529999999998836,185.220000000001
"1111","strong",400,245,33460956,0.150000000001455,0.569999999999709,179.220000000001
"1111","strong",400,246,33460957,0.180000000000291,0.739999999997963,184.949999999997
"1111","strong",400,247,33460958,0.17000000000553,0.599999999998545,181.159999999996
"1111","strong",400,248,33460959,0.169999999998254,0.589999999996508,178.75
"1111","strong",400,249,33460960,0.139999999999418,0.629999999997381,169.659999999996
"1111","strong",400,250,33460961,0.169999999998254,0.57999999999447,193.010000000002
"1111","strong",400,251,33460962,0.180000000000291,0.610000000000582,180.799999999996
"1111","strong",400,252,33460963,0.220000000001164,0.560000000004948,180.269999999997
"1111","strong",400,253,33460964,0.190000000002328,0.739999999997963,180.139999999999
"1111","strong",400,254,33460965,0.200000000004366,0.700000000004366,198.470000000001
"1111","strong",400,255,33460966,0.239999999997963,0.580000000001746,184.560000000005
"1111","strong",400,256,33460967,0.17000000000553,0.540000000000873,168.559999999998
"1111","strong",400,257,33460968,0.319999999999709,0.590000000003783,174.169999999998
"1111","strong",400,258,33460969,0.180000000000291,0.709999999999127,187.150000000001
"1111","strong",400,259,33460970,0.19999999999709,0.709999999999127,176.940000000002
"1111","strong",400,260,33460971,0.159999999996217,0.669999999998254,165.470000000001
"1111","strong",400,261,33460972,0.139999999999418,0.690000000002328,193.25
"1111","strong",400,262,33460973,0.180000000000291,0.610000000000582,170.279999999999
"1111","strong",400,263,33460974,0.150000000001455,0.610000000000582,175.489999999998
"1111","strong",400,264,33460975,0.209999999999127,0.700000000004366,167.07
"1111","strong",400,265,33460976,0.209999999999127,0.760000000002037,178.409999999996
"1111","strong",400,266,33460977,0.190000000002328,0.75,180.340000000004
"1111","strong",400,267,33460978,0.169999999998254,0.580000000001746,188.75
"1111","strong",400,268,33460979,0.169999999998254,0.559999999997672,186.050000000003
"1111","strong",400,269,33460980,0.25,0.549999999995634,180.580000000002
"1111","strong",400,270,33460981,0.190000000002328,0.639999999999418,190.18
"1111","strong",400,271,33460982,0.169999999998254,0.610000000000582,180.75
"1111","strong",400,272,33460983,0.180000000000291,0.580000000001746,197
"1111","strong",400,273,33460984,0.180000000000291,0.620000000002619,168.590000000004
"1111","strong",400,274,33460985,0.169999999998254,0.669999999998254,173.050000000003
"1111","strong",400,275,33460986,0.139999999999418,0.640000000006694,181.989999999998
"1111","strong",400,276,33460987,0.139999999999418,0.529999999998836,183.25
"1111","strong",400,277,33460988,0.189999999995052,0.700000000004366,196.559999999998
"1111","strong",400,278,33460989,0.17000000000553,0.549999999995634,178.829999999994
"1111","strong",400,279,33460990,0.25,0.599999999998545,181.530000000006
"1111","strong",400,280,33460991,0.229999999995925,0.619999999995343,186.809999999998
"1111","strong",400,281,33460992,0.189999999995052,0.580000000001746,181.949999999997
"1111","strong",400,282,33460993,0.299999999995634,0.529999999998836,181.810000000005
"1111","strong",400,283,33460994,0.269999999996799,0.669999999998254,190.699999999997
"1111","strong",400,284,33460995,0.19999999999709,0.569999999999709,189
"1111","strong",400,285,33460996,0.150000000001455,0.569999999999709,193.529999999999
"1111","strong",400,286,33460997,0.189999999995052,0.5,175.25
"1111","strong",400,287,33460998,0.17000000000553,0.720000000001164,185.980000000003
"1111","strong",400,288,33460999,0.190000000002328,0.690000000002328,181.5
"1111","strong",400,289,33461000,0.150000000001455,0.669999999998254,191.409999999996
"1111","strong",400,290,33461001,0.160000000003492,0.560000000004948,195.730000000003
"1111","strong",400,291,33461002,0.17000000000553,0.669999999998254,186.290000000001
"1111","strong",400,292,33461003,0.159999999996217,0.590000000003783,180.139999999999
"1111","strong",400,293,33461004,0.25,0.589999999996508,180.689999999995
"1111","strong",400,294,33461005,0.190000000002328,0.639999999999418,187.299999999996
"1111","strong",400,295,33461006,0.230000000003201,0.610000000000582,192.260000000002
"1111","strong",400,296,33461007,0.180000000000291,0.619999999995343,181.739999999998
"1111","strong",400,297,33461008,0.159999999996217,0.559999999997672,186.779999999999
"1111","strong",400,298,33461009,0.150000000001455,0.589999999996508,169.860000000001
"1111","strong",400,299,33461010,0.230000000003201,0.590000000003783,193.75
"1111","strong",400,300,33461011,0.19999999999709,0.529999999998836,189.170000000006
"0111","strong",400,1,43460712,0.19999999999709,0.25,148.260000000002
"0111","strong",400,2,43460713,0.150000000001455,0.220000000001164,141.5
"0111","strong",400,3,43460714,0.139999999999418,0.25,141.549999999996
"0111","strong",400,4,43460715,0.190000000002328,0.299999999995634,141.440000000002
"0111","strong",400,5,43460716,0.159999999996217,0.279999999998836,142.360000000001
"0111","strong",400,6,43460717,0.160000000003492,0.220000000001164,141.419999999998
"0111","strong",400,7,43460718,0.160000000003492,0.19999999999709,151.590000000004
"0111","strong",400,8,43460719,0.190000000002328,0.180000000000291,142.25
"0111","strong",400,9,43460720,0.169999999998254,0.229999999995925,144.68
"0111","strong",400,10,43460721,0.110000000000582,0.110000000000582,148.379999999997
"0111","strong",400,11,43460722,0.189999999995052,0.219999999993888,149.139999999999
"0111","strong",400,12,43460723,0.19999999999709,0.230000000003201,142.919999999998
"0111","strong",400,13,43460724,0.17000000000553,0.209999999999127,151.669999999998
"0111","strong",400,14,43460725,0.150000000001455,0.309999999997672,149.409999999996
"0111","strong",400,15,43460726,0.190000000002328,0.230000000003201,143
"0111","strong",400,16,43460727,0.209999999999127,0.25,145.330000000002
"0111","strong",400,17,43460728,0.209999999999127,0.25,153.389999999999
"0111","strong",400,18,43460729,0.150000000001455,0.239999999997963,144.050000000003
"0111","strong",400,19,43460730,0.139999999999418,0.230000000003201,143.940000000002
"0111","strong",400,20,43460731,0.169999999998254,0.200000000004366,155.43
"0111","strong",400,21,43460732,0.160000000003492,0.270000000004075,152.669999999998
"0111","strong",400,22,43460733,0.200000000004366,0.25,144.599999999999
"0111","strong",400,23,43460734,0.169999999998254,0.220000000001164,158.360000000001
"0111","strong",400,24,43460735,0.169999999998254,0.209999999999127,143.889999999999
"0111","strong",400,25,43460736,0.200000000004366,0.220000000001164,143.919999999998
"0111","strong",400,26,43460737,0.180000000000291,0.230000000003201,148.549999999996
"0111","strong",400,27,43460738,0.180000000000291,0.25,156.779999999999
"0111","strong",400,28,43460739,0.159999999996217,0.25,138.389999999999
"0111","strong",400,29,43460740,0.200000000004366,0.169999999998254,138.800000000003
"0111","strong",400,30,43460741,0.139999999999418,0.25,145.68
"0111","strong",400,31,43460742,0.220000000001164,0.230000000003201,144.419999999998
"0111","strong",400,32,43460743,0.160000000003492,0.169999999998254,151.390000000007
"0111","strong",400,33,43460744,0.229999999995925,0.269999999996799,147.720000000001
"0111","strong",400,34,43460745,0.160000000003492,0.159999999996217,142.209999999999
"0111","strong",400,35,43460746,0.169999999998254,0.209999999999127,148.019999999997
"0111","strong",400,36,43460747,0.17000000000553,0.239999999997963,139.829999999994
"0111","strong",400,37,43460748,0.190000000002328,0.230000000003201,143.300000000003
"0111","strong",400,38,43460749,0.180000000000291,0.200000000004366,140.730000000003
"0111","strong",400,39,43460750,0.120000000002619,0.25,150.389999999999
"0111","strong",400,40,43460751,0.17000000000553,0.169999999998254,148.080000000002
"0111","strong",400,41,43460752,0.159999999996217,0.280000000006112,142.940000000002
"0111","strong",400,42,43460753,0.209999999999127,0.25,145.220000000001
"0111","strong",400,43,43460754,0.139999999999418,0.19999999999709,137.049999999996
"0111","strong",400,44,43460755,0.19999999999709,0.230000000003201,140.230000000003
"0111","strong",400,45,43460756,0.120000000002619,0.180000000000291,154.340000000004
"0111","strong",400,46,43460757,0.19999999999709,0.220000000001164,141.949999999997
"0111","strong",400,47,43460758,0.150000000001455,0.290000000000873,140.07
"0111","strong",400,48,43460759,0.209999999999127,0.25,140.110000000001
"0111","strong",400,49,43460760,0.17000000000553,0.200000000004366,162.540000000001
"0111","strong",400,50,43460761,0.169999999998254,0.299999999995634,153.290000000001
"0111","strong",400,51,43460762,0.160000000003492,0.25,143.449999999997
"0111","strong",400,52,43460763,0.190000000002328,0.25,141.370000000003
"0111","strong",400,53,43460764,0.139999999999418,0.269999999996799,145.310000000005
"0111","strong",400,54,43460765,0.180000000000291,0.32999999999447,147.730000000003
"0111","strong",400,55,43460766,0.180000000000291,0.189999999995052,146.419999999998
"0111","strong",400,56,43460767,0.160000000003492,0.25,149.970000000001
"0111","strong",400,57,43460768,0.150000000001455,0.200000000004366,148.739999999998
"0111","strong",400,58,43460769,0.139999999999418,0.209999999999127,140.849999999999
"0111","strong",400,59,43460770,0.139999999999418,0.239999999997963,145.440000000002
"0111","strong",400,60,43460771,0.180000000000291,0.220000000001164,138.860000000001
"0111","strong",400,61,43460772,0.260000000002037,0.25,142.610000000001
"0111","strong",400,62,43460773,0.19999999999709,0.25,155.260000000002
"0111","strong",400,63,43460774,0.139999999999418,0.239999999997963,134.959999999999
"0111","strong",400,64,43460775,0.150000000001455,0.209999999999127,121.959999999999
"0111","strong",400,65,43460776,0.129999999997381,0.190000000002328,112.829999999994
"0111","strong",400,66,43460777,0.159999999996217,0.169999999998254,113.239999999998
"0111","strong",400,67,43460778,0.150000000001455,0.17000000000553,123.169999999998
"0111","strong",400,68,43460779,0.120000000002619,0.180000000000291,126.480000000003
"0111","strong",400,69,43460780,0.139999999999418,0.190000000002328,117.769999999997
"0111","strong",400,70,43460781,0.150000000001455,0.180000000000291,114.610000000001
"0111","strong",400,71,43460782,0.110000000000582,0.209999999999127,125.060000000005
"0111","strong",400,72,43460783,0.139999999999418,0.19999999999709,112.079999999994
"0111","strong",400,73,43460784,0.160000000003492,0.210000000006403,124.360000000001
"0111","strong",400,74,43460785,0.139999999999418,0.210000000006403,116.949999999997
"0111","strong",400,75,43460786,0.149999999994179,0.220000000001164,112.810000000012
"0111","strong",400,76,43460787,0.150000000008731,0.19999999999709,119.37999999999
"0111","strong",400,77,43460788,0.129999999990105,0.180000000007567,117.580000000002
"0111","strong",400,78,43460789,0.120000000009895,0.190000000002328,112.460000000006
"0111","strong",400,79,43460790,0.130000000004657,0.189999999987776,116.369999999995
"0111","strong",400,80,43460791,0.160000000003492,0.19999999999709,115.809999999998
"0111","strong",400,81,43460792,0.120000000009895,0.200000000011642,118.069999999992
"0111","strong",400,82,43460793,0.139999999999418,0.169999999998254,114.960000000006
"0111","strong",400,83,43460794,0.139999999999418,0.190000000002328,111.410000000003
"0111","strong",400,84,43460795,0.160000000003492,0.160000000003492,115.639999999999
"0111","strong",400,85,43460796,0.139999999999418,0.169999999998254,119.800000000003
"0111","strong",400,86,43460797,0.14000000001397,0.190000000002328,123.179999999993
"0111","strong",400,87,43460798,0.139999999999418,0.200000000011642,112.529999999999
"0111","strong",400,88,43460799,0.149999999994179,0.19999999999709,117.520000000004
"0111","strong",400,89,43460800,0.139999999999418,0.19999999999709,111.37000000001
"0111","strong",400,90,43460801,0.130000000004657,0.189999999987776,110.779999999999
"0111","strong",400,91,43460802,0.130000000004657,0.190000000002328,111.190000000002
"0111","strong",400,92,43460803,0.139999999999418,0.169999999998254,113.25
"0111","strong",400,93,43460804,0.119999999995343,0.169999999998254,102.949999999997
"0111","strong",400,94,43460805,0.139999999999418,0.179999999993015,101.660000000003
"0111","strong",400,95,43460806,0.149999999994179,0.180000000007567,107.489999999991
"0111","strong",400,96,43460807,0.129999999990105,0.150000000008731,99.6399999999994
"0111","strong",400,97,43460808,0.139999999999418,0.169999999998254,103.029999999999
"0111","strong",400,98,43460809,0.100000000005821,0.160000000003492,105.98000000001
"0111","strong",400,99,43460810,0.139999999999418,0.179999999993015,105.449999999997
"0111","strong",400,100,43460811,0.130000000004657,0.190000000002328,108.110000000001
"0111","strong",400,101,43460812,0.100000000005821,0.170000000012806,102.080000000002
"0111","strong",400,102,43460813,0.110000000000582,0.169999999998254,102.440000000002
"0111","strong",400,103,43460814,0.110000000000582,0.169999999998254,103.25
"0111","strong",400,104,43460815,0.110000000000582,0.169999999998254,102.969999999987
"0111","strong",400,105,43460816,0.110000000000582,0.169999999998254,115.429999999993
"0111","strong",400,106,43460817,0.139999999999418,0.169999999998254,101.309999999998
"0111","strong",400,107,43460818,0.110000000000582,0.179999999993015,102.330000000002
"0111","strong",400,108,43460819,0.0899999999965075,0.149999999994179,108.349999999991
"0111","strong",400,109,43460820,0.14000000001397,0.150000000008731,100.780000000013
"0111","strong",400,110,43460821,0.129999999990105,0.190000000002328,107.760000000009
"0111","strong",400,111,43460822,0.110000000000582,0.150000000008731,105.670000000013
"0111","strong",400,112,43460823,0.110000000000582,0.190000000002328,102.779999999999
"0111","strong",400,113,43460824,0.120000000009895,0.170000000012806,100.030000000013
"0111","strong",400,114,43460825,0.139999999999418,0.190000000002328,106
"0111","strong",400,115,43460826,0.120000000009895,0.139999999999418,100.460000000006
"0111","strong",400,116,43460827,0.130000000004657,0.149999999994179,102.220000000001
"0111","strong",400,117,43460828,0.110000000000582,0.190000000002328,106.369999999995
"0111","strong",400,118,43460829,0.129999999990105,0.150000000008731,105.790000000008
"0111","strong",400,119,43460830,0.139999999999418,0.169999999998254,101.229999999996
"0111","strong",400,120,43460831,0.0899999999965075,0.170000000012806,102.570000000007
"0111","strong",400,121,43460832,0.129999999990105,0.149999999994179,100.839999999997
"0111","strong",400,122,43460833,0.120000000009895,0.170000000012806,101.619999999995
"0111","strong",400,123,43460834,0.130000000004657,0.169999999998254,110.490000000005
"0111","strong",400,124,43460835,0.139999999999418,0.160000000003492,103.419999999998
"0111","strong",400,125,43460836,0.149999999994179,0.160000000003492,102.650000000009
"0111","strong",400,126,43460837,0.139999999999418,0.189999999987776,103.819999999992
"0111","strong",400,127,43460838,0.130000000004657,0.169999999998254,104.080000000002
"0111","strong",400,128,43460839,0.129999999990105,0.190000000002328,111.169999999998
"0111","strong",400,129,43460840,0.139999999999418,0.170000000012806,103.069999999992
"0111","strong",400,130,43460841,0.110000000000582,0.190000000002328,103.389999999999
"0111","strong",400,131,43460842,0.139999999999418,0.179999999993015,100.240000000005
"0111","strong",400,132,43460843,0.139999999999418,0.169999999998254,105.380000000005
"0111","strong",400,133,43460844,0.130000000004657,0.169999999998254,102
"0111","strong",400,134,43460845,0.110000000000582,0.190000000002328,101.559999999998
"0111","strong",400,135,43460846,0.110000000000582,0.189999999987776,102.309999999998
"0111","strong",400,136,43460847,0.110000000000582,0.160000000003492,101.339999999997
"0111","strong",400,137,43460848,0.139999999999418,0.169999999998254,102.650000000009
"0111","strong",400,138,43460849,0.110000000000582,0.190000000002328,99.9900000000052
"0111","strong",400,139,43460850,0.130000000004657,0.190000000002328,109.270000000004
"0111","strong",400,140,43460851,0.130000000004657,0.169999999998254,110.729999999996
"0111","strong",400,141,43460852,0.120000000009895,0.170000000012806,106.819999999992
"0111","strong",400,142,43460853,0.119999999995343,0.179999999993015,102.550000000003
"0111","strong",400,143,43460854,0.110000000000582,0.179999999993015,106.160000000003
"0111","strong",400,144,43460855,0.139999999999418,0.190000000002328,105.660000000003
"0111","strong",400,145,43460856,0.139999999999418,0.170000000012806,108.490000000005
"0111","strong",400,146,43460857,0.120000000009895,0.169999999998254,106.360000000001
"0111","strong",400,147,43460858,0.139999999999418,0.190000000002328,109.099999999991
"0111","strong",400,148,43460859,0.119999999995343,0.170000000012806,110.389999999999
"0111","strong",400,149,43460860,0.130000000004657,0.180000000007567,109.860000000001
"0111","strong",400,150,43460861,0.139999999999418,0.180000000007567,106.529999999999
"0111","strong",400,151,43460862,0.139999999999418,0.190000000002328,104.919999999998
"0111","strong",400,152,43460863,0.19,1.20999999999998,137.12
"0111","strong",400,153,43460864,0.20999999999998,0.28000000000003,141.85
"0111","strong",400,154,43460865,0.20999999999998,0.259999999999991,138.19
"0111","strong",400,155,43460866,0.150000000000034,0.230000000000018,142.9
"0111","strong",400,156,43460867,0.170000000000073,0.25,145.87
"0111","strong",400,157,43460868,0.17999999999995,0.210000000000036,138.79
"0111","strong",400,158,43460869,0.200000000000045,0.220000000000027,142.16
"0111","strong",400,159,43460870,0.139999999999986,0.190000000000055,146.46
"0111","strong",400,160,43460871,0.190000000000055,0.220000000000027,136.64
"0111","strong",400,161,43460872,0.25,0.25,140.11
"0111","strong",400,162,43460873,0.180000000000064,0.220000000000027,137.56
"0111","strong",400,163,43460874,0.200000000000045,0.329999999999927,136.98
"0111","strong",400,164,43460875,0.200000000000045,0.220000000000027,135.32
"0111","strong",400,165,43460876,0.190000000000055,0.2199999999998,138.98
"0111","strong",400,166,43460877,0.200000000000045,0.25,142.23
"0111","strong",400,167,43460878,0.190000000000055,0.239999999999782,150.69
"0111","strong",400,168,43460879,0.170000000000073,0.2199999999998,142.53
"0111","strong",400,169,43460880,0.179999999999836,0.179999999999836,138.78
"0111","strong",400,170,43460881,0.160000000000309,0.190000000000055,137.28
"0111","strong",400,171,43460882,0.119999999999891,0.200000000000273,142.31
"0111","strong",400,172,43460883,0.170000000000073,0.199999999999818,137.75
"0111","strong",400,173,43460884,0.170000000000073,0.289999999999964,144.8
"0111","strong",400,174,43460885,0.159999999999854,0.230000000000018,143.08
"0111","strong",400,175,43460886,0.170000000000073,0.25,152.74
"0111","strong",400,176,43460887,0.139999999999873,0.220000000000255,135.7
"0111","strong",400,177,43460888,0.140000000000327,0.190000000000055,146.63
"0111","strong",400,178,43460889,0.170000000000073,0.190000000000055,147.22
"0111","strong",400,179,43460890,0.180000000000291,0.2800000000002,151.26
"0111","strong",400,180,43460891,0.190000000000055,0.229999999999563,136.46
"0111","strong",400,181,43460892,0.140000000000327,0.170000000000073,145.360000000001
"0111","strong",400,182,43460893,0.210000000000036,0.270000000000437,137.93
"0111","strong",400,183,43460894,0.1899999999996,0.190000000000509,138.58
"0111","strong",400,184,43460895,0.119999999999891,0.25,138.7
"0111","strong",400,185,43460896,0.199999999999818,0.200000000000728,142.969999999999
"0111","strong",400,186,43460897,0.180000000000291,0.199999999999818,143.860000000001
"0111","strong",400,187,43460898,0.199999999999818,0.199999999999818,141.95
"0111","strong",400,188,43460899,0.140000000000327,0.220000000000255,142.8
"0111","strong",400,189,43460900,0.170000000000073,0.280000000000655,141.36
"0111","strong",400,190,43460901,0.160000000000764,0.180000000000291,134.02
"0111","strong",400,191,43460902,0.170000000000073,0.269999999999527,141.29
"0111","strong",400,192,43460903,0.160000000000764,0.210000000000036,137.41
"0111","strong",400,193,43460904,0.130000000000109,0.230000000000473,142.67
"0111","strong",400,194,43460905,0.130000000000109,0.289999999999964,138.66
"0111","strong",400,195,43460906,0.170000000000073,0.170000000000073,138.86
"0111","strong",400,196,43460907,0.180000000000291,0.210000000000036,143.330000000001
"0111","strong",400,197,43460908,0.180000000000291,0.299999999999272,142
"0111","strong",400,198,43460909,0.200000000000728,0.239999999999782,143.809999999999
"0111","strong",400,199,43460910,0.210000000000036,0.229999999999563,148.52
"0111","strong",400,200,43460911,0.199999999999818,0.269999999999527,153.7
"0111","strong",400,201,43460912,0.210000000000036,0.280000000000655,145.61
"0111","strong",400,202,43460913,0.210000000000036,0.230000000000473,142.92
"0111","strong",400,203,43460914,0.199999999999818,0.259999999999309,138.53
"0111","strong",400,204,43460915,0.160000000000764,0.300000000000182,142.66
"0111","strong",400,205,43460916,0.140000000000327,0.240000000000691,137.94
"0111","strong",400,206,43460917,0.210000000000036,0.280000000000655,141.969999999999
"0111","strong",400,207,43460918,0.159999999999854,0.229999999999563,135.12
"0111","strong",400,208,43460919,0.170000000000073,0.239999999999782,147.059999999999
"0111","strong",400,209,43460920,0.119999999999891,0.200000000000728,141.33
"0111","strong",400,210,43460921,0.160000000001673,0.25,143.309999999999
"0111","strong",400,211,43460922,0.150000000001455,0.279999999998836,140.9
"0111","strong",400,212,43460923,0.180000000000291,0.199999999998909,152.9
"0111","strong",400,213,43460924,0.140000000001237,0.190000000000509,140.220000000001
"0111","strong",400,214,43460925,0.180000000000291,0.25,141.690000000001
"0111","strong",400,215,43460926,0.199999999998909,0.25,142.309999999999
"0111","strong",400,216,43460927,0.200000000000728,0.209999999999127,159.279999999999
"0111","strong",400,217,43460928,0.150000000001455,0.199999999998909,144.060000000001
"0111","strong",400,218,43460929,0.190000000000509,0.219999999999345,140.990000000002
"0111","strong",400,219,43460930,0.140000000001237,0.25,142.42
"0111","strong",400,220,43460931,0.159999999999854,0.239999999999782,139.639999999999
"0111","strong",400,221,43460932,0.209999999999127,0.25,144.200000000001
"0111","strong",400,222,43460933,0.159999999999854,0.220000000001164,136.969999999999
"0111","strong",400,223,43460934,0.149999999999636,0.25,138.75
"0111","strong",400,224,43460935,0.140000000001237,0.219999999999345,142.16
"0111","strong",400,225,43460936,0.18999999999869,0.229999999999563,147.83
"0111","strong",400,226,43460937,0.219999999999345,0.190000000000509,142.940000000001
"0111","strong",400,227,43460938,0.170000000000073,0.209999999999127,152.690000000001
"0111","strong",400,228,43460939,0.179999999998472,0.270000000000437,142.73
"0111","strong",400,229,43460940,0.139999999999418,0.190000000000509,144.02
"0111","strong",400,230,43460941,0.139999999999418,0.230000000001382,141.76
"0111","strong",400,231,43460942,0.219999999999345,0.209999999999127,152.9
"0111","strong",400,232,43460943,0.130000000001019,0.170000000000073,145.23
"0111","strong",400,233,43460944,0.160000000001673,0.220000000001164,139.349999999999
"0111","strong",400,234,43460945,0.150000000001455,0.219999999999345,143.34
"0111","strong",400,235,43460946,0.180000000000291,0.220000000001164,148.210000000001
"0111","strong",400,236,43460947,0.190000000000509,0.18999999999869,145.209999999999
"0111","strong",400,237,43460948,0.190000000000509,0.229999999999563,150.110000000001
"0111","strong",400,238,43460949,0.25,0.169999999998254,144.200000000001
"0111","strong",400,239,43460950,0.190000000000509,0.229999999999563,139.33
"0111","strong",400,240,43460951,0.159999999999854,0.229999999999563,140.219999999999
"0111","strong",400,241,43460952,0.179999999998472,0.219999999999345,147.65
"0111","strong",400,242,43460953,0.159999999999854,0.279999999998836,138.68
"0111","strong",400,243,43460954,0.190000000000509,0.270000000000437,155.5
"0111","strong",400,244,43460955,0.209999999999127,0.239999999999782,139.160000000002
"0111","strong",400,245,43460956,0.170000000000073,0.270000000000437,155.470000000001
"0111","strong",400,246,43460957,0.190000000000509,0.279999999998836,144.440000000001
"0111","strong",400,247,43460958,0.139999999999418,0.300000000001091,144.5
"0111","strong",400,248,43460959,0.149999999999636,0.239999999999782,143.889999999999
"0111","strong",400,249,43460960,0.199999999998909,0.290000000000873,138.950000000001
"0111","strong",400,250,43460961,0.219999999999345,0.149999999999636,142.029999999999
"0111","strong",400,251,43460962,0.180000000000291,0.229999999999563,140.93
"0111","strong",400,252,43460963,0.170000000000073,0.239999999999782,154.470000000001
"0111","strong",400,253,43460964,0.190000000000509,0.25,143.92
"0111","strong",400,254,43460965,0.190000000000509,0.209999999999127,141.800000000001
"0111","strong",400,255,43460966,0.139999999999418,0.190000000000509,146.290000000001
"0111","strong",400,256,43460967,0.25,0.200000000000728,145.26
"0111","strong",400,257,43460968,0.159999999999854,0.220000000001164,151.16
"0111","strong",400,258,43460969,0.170000000000073,0.219999999999345,145.110000000001
"0111","strong",400,259,43460970,0.170000000000073,0.179999999998472,150.280000000001
"0111","strong",400,260,43460971,0.139999999999418,0.270000000000437,145.639999999999
"0111","strong",400,261,43460972,0.149999999999636,0.210000000000946,143
"0111","strong",400,262,43460973,0.170000000000073,0.229999999999563,143.950000000001
"0111","strong",400,263,43460974,0.180000000000291,0.199999999998909,136.32
"0111","strong",400,264,43460975,0.159999999999854,0.279999999998836,141
"0111","strong",400,265,43460976,0.149999999999636,0.170000000001892,140.949999999999
"0111","strong",400,266,43460977,0.209999999999127,0.219999999997526,147.950000000001
"0111","strong",400,267,43460978,0.159999999999854,0.209999999999127,143.82
"0111","strong",400,268,43460979,0.18999999999869,0.309999999997672,141.079999999998
"0111","strong",400,269,43460980,0.169999999998254,0.269999999996799,156.010000000002
"0111","strong",400,270,43460981,0.180000000000291,0.219999999997526,139.5
"0111","strong",400,271,43460982,0.119999999998981,0.25,144.149999999998
"0111","strong",400,272,43460983,0.109999999996944,0.229999999999563,141.689999999999
"0111","strong",400,273,43460984,0.0999999999985448,0.240000000001601,143.93
"0111","strong",400,274,43460985,0.240000000001601,0.240000000001601,145.540000000001
"0111","strong",400,275,43460986,0.139999999999418,0.269999999996799,142.5
"0111","strong",400,276,43460987,0.170000000001892,0.25,148.720000000001
"0111","strong",400,277,43460988,0.170000000001892,0.18999999999869,145.27
"0111","strong",400,278,43460989,0.130000000001019,0.260000000002037,153.730000000003
"0111","strong",400,279,43460990,0.140000000003056,0.200000000000728,146.27
"0111","strong",400,280,43460991,0.219999999997526,0.25,147.389999999999
"0111","strong",400,281,43460992,0.220000000001164,0.280000000002474,140.610000000001
"0111","strong",400,282,43460993,0.18999999999869,0.229999999999563,139.719999999998
"0111","strong",400,283,43460994,0.150000000001455,0.209999999999127,144.52
"0111","strong",400,284,43460995,0.139999999999418,0.190000000002328,143.259999999998
"0111","strong",400,285,43460996,0.159999999999854,0.25,148.829999999998
"0111","strong",400,286,43460997,0.190000000002328,0.25,143.349999999999
"0111","strong",400,287,43460998,0.139999999999418,0.25,143.060000000001
"0111","strong",400,288,43460999,0.170000000001892,0.299999999999272,156.25
"0111","strong",400,289,43461000,0.25,0.25,145.100000000002
"0111","strong",400,290,43461001,0.18999999999869,0.230000000003201,139.889999999999
"0111","strong",400,291,43461002,0.150000000001455,0.200000000000728,145.25
"0111","strong",400,292,43461003,0.169999999998254,0.240000000001601,138.900000000001
"0111","strong",400,293,43461004,0.150000000001455,0.25,148.330000000002
"0111","strong",400,294,43461005,0.209999999999127,0.260000000002037,142.740000000002
"0111","strong",400,295,43461006,0.159999999999854,0.180000000000291,140.389999999999
"0111","strong",400,296,43461007,0.220000000001164,0.190000000002328,151.400000000001
"0111","strong",400,297,43461008,0.139999999999418,0.219999999997526,145.43
"0111","strong",400,298,43461009,0.220000000001164,0.239999999997963,152.040000000001
"0111","strong",400,299,43461010,0.139999999999418,0.209999999999127,144.310000000001
"0111","strong",400,300,43461011,0.159999999999854,0.270000000000437,138.02
"1011","strong",400,1,53460712,0.170000000001892,0.430000000000291,176.639999999999
"1011","strong",400,2,53460713,0.159999999999854,0.409999999999854,169.5
"1011","strong",400,3,53460714,0.140000000003056,0.389999999999418,181.560000000001
"1011","strong",400,4,53460715,0.140000000003056,0.430000000000291,159.329999999998
"1011","strong",400,5,53460716,0.220000000001164,0.469999999997526,182.27
"1011","strong",400,6,53460717,0.180000000000291,0.43999999999869,177.420000000002
"1011","strong",400,7,53460718,0.169999999998254,0.419999999998254,179.75
"1011","strong",400,8,53460719,0.130000000001019,0.329999999998108,173.720000000001
"1011","strong",400,9,53460720,0.18999999999869,0.389999999999418,158.529999999999
"1011","strong",400,10,53460721,0.18999999999869,0.510000000002037,170.810000000001
"1011","strong",400,11,53460722,0.219999999997526,0.389999999999418,184.82
"1011","strong",400,12,53460723,0.209999999999127,0.389999999999418,176.610000000001
"1011","strong",400,13,53460724,0.150000000001455,0.409999999999854,194.989999999998
"1011","strong",400,14,53460725,0.18999999999869,0.419999999998254,189.279999999999
"1011","strong",400,15,53460726,0.220000000001164,0.430000000000291,163.52
"1011","strong",400,16,53460727,0.200000000000728,0.44999999999709,193.059999999998
"1011","strong",400,17,53460728,0.219999999997526,0.369999999998981,163.75
"1011","strong",400,18,53460729,0.180000000000291,0.450000000000728,178.75
"1011","strong",400,19,53460730,0.170000000001892,0.459999999999127,171.389999999999
"1011","strong",400,20,53460731,0.130000000001019,0.5,168.299999999999
"1011","strong",400,21,53460732,0.18999999999869,0.419999999998254,182.98
"1011","strong",400,22,53460733,0.140000000003056,0.440000000002328,176.34
"1011","strong",400,23,53460734,0.150000000001455,0.330000000001746,162.360000000001
"1011","strong",400,24,53460735,0.200000000000728,0.360000000000582,183.389999999999
"1011","strong",400,25,53460736,0.19999999999709,0.579999999998108,191.640000000003
"1011","strong",400,26,53460737,0.180000000000291,0.489999999997963,174.709999999999
"1011","strong",400,27,53460738,0.159999999999854,0.420000000001892,176.329999999998
"1011","strong",400,28,53460739,0.220000000001164,0.270000000000437,174.810000000001
"1011","strong",400,29,53460740,0.130000000001019,0.390000000003056,178.849999999999
"1011","strong",400,30,53460741,0.220000000001164,0.450000000000728,178.98
"1011","strong",400,31,53460742,0.18999999999869,0.450000000000728,177.529999999999
"1011","strong",400,32,53460743,0.119999999998981,0.380000000001019,190.940000000002
"1011","strong",400,33,53460744,0.219999999997526,0.430000000000291,174.25
"1011","strong",400,34,53460745,0.200000000000728,0.579999999998108,183.230000000003
"1011","strong",400,35,53460746,0.169999999998254,0.450000000000728,179
"1011","strong",400,36,53460747,0.18999999999869,0.400000000001455,171.75
"1011","strong",400,37,53460748,0.159999999999854,0.389999999999418,173.739999999998
"1011","strong",400,38,53460749,0.18999999999869,0.330000000001746,181.829999999998
"1011","strong",400,39,53460750,0.200000000000728,0.479999999999563,159.5
"1011","strong",400,40,53460751,0.25,0.459999999999127,183.689999999999
"1011","strong",400,41,53460752,0.18999999999869,0.400000000001455,179.950000000001
"1011","strong",400,42,53460753,0.170000000001892,0.360000000000582,185.619999999999
"1011","strong",400,43,53460754,0.190000000002328,0.450000000000728,171.110000000001
"1011","strong",400,44,53460755,0.139999999999418,0.409999999999854,166.469999999998
"1011","strong",400,45,53460756,0.190000000002328,0.360000000000582,174.420000000002
"1011","strong",400,46,53460757,0.18999999999869,0.330000000001746,183.75
"1011","strong",400,47,53460758,0.159999999999854,0.489999999997963,166.16
"1011","strong",400,48,53460759,0.139999999999418,0.380000000001019,188.299999999999
"1011","strong",400,49,53460760,0.229999999999563,0.430000000000291,175.560000000001
"1011","strong",400,50,53460761,0.170000000001892,0.490000000001601,177.860000000001
"1011","strong",400,51,53460762,0.18999999999869,0.430000000000291,173.110000000001
"1011","strong",400,52,53460763,0.139999999999418,0.450000000000728,167.330000000002
"1011","strong",400,53,53460764,0.18999999999869,0.330000000001746,164.720000000001
"1011","strong",400,54,53460765,0.139999999999418,0.43999999999869,172.43
"1011","strong",400,55,53460766,0.200000000000728,0.409999999999854,185.349999999999
"1011","strong",400,56,53460767,0.150000000001455,0.479999999999563,186.579999999998
"1011","strong",400,57,53460768,0.170000000001892,0.360000000000582,172.649999999998
"1011","strong",400,58,53460769,0.150000000001455,0.419999999998254,190.990000000002
"1011","strong",400,59,53460770,0.180000000000291,0.360000000000582,179.700000000001
"1011","strong",400,60,53460771,0.159999999999854,0.389999999999418,182.73
"1011","strong",400,61,53460772,0.209999999999127,0.490000000001601,175.170000000002
"1011","strong",400,62,53460773,0.18999999999869,0.450000000000728,173.290000000001
"1011","strong",400,63,53460774,0.159999999999854,0.389999999999418,171.650000000001
"1011","strong",400,64,53460775,0.159999999996217,0.480000000003201,176.989999999998
"1011","strong",400,65,53460776,0.150000000001455,0.389999999999418,168.910000000003
"1011","strong",400,66,53460777,0.129999999997381,0.330000000001746,165.059999999998
"1011","strong",400,67,53460778,0.190000000002328,0.389999999999418,186.790000000001
"1011","strong",400,68,53460779,0.17000000000553,0.450000000004366,175.699999999997
"1011","strong",400,69,53460780,0.239999999997963,0.419999999998254,186.43
"1011","strong",400,70,53460781,0.159999999996217,0.430000000000291,161.889999999999
"1011","strong",400,71,53460782,0.190000000002328,0.370000000002619,174.719999999994
"1011","strong",400,72,53460783,0.169999999998254,0.360000000000582,176.810000000005
"1011","strong",400,73,53460784,0.209999999999127,0.400000000001455,176.799999999996
"1011","strong",400,74,53460785,0.200000000004366,0.410000000003492,181.5
"1011","strong",400,75,53460786,0.150000000001455,0.400000000001455,194.920000000006
"1011","strong",400,76,53460787,0.139999999999418,0.430000000000291,185.440000000002
"1011","strong",400,77,53460788,0.139999999999418,0.370000000002619,171.440000000002
"1011","strong",400,78,53460789,0.220000000001164,0.44999999999709,176.590000000004
"1011","strong",400,79,53460790,0.180000000000291,0.450000000004366,176.970000000001
"1011","strong",400,80,53460791,0.169999999998254,0.400000000001455,184.040000000001
"1011","strong",400,81,53460792,0.150000000001455,0.470000000001164,175
"1011","strong",400,82,53460793,0.169999999998254,0.470000000001164,173.169999999998
"1011","strong",400,83,53460794,0.209999999999127,0.370000000002619,171.5
"1011","strong",400,84,53460795,0.139999999999418,0.340000000003783,177.75
"1011","strong",400,85,53460796,0.169999999998254,0.419999999998254,173.769999999997
"1011","strong",400,86,53460797,0.139999999999418,0.400000000001455,175.300000000003
"1011","strong",400,87,53460798,0.190000000002328,0.370000000002619,168.75
"1011","strong",400,88,53460799,0.150000000001455,0.389999999999418,184.479999999996
"1011","strong",400,89,53460800,0.139999999999418,0.459999999999127,187.660000000003
"1011","strong",400,90,53460801,0.180000000000291,0.389999999999418,179.230000000003
"1011","strong",400,91,53460802,0.150000000001455,0.349999999998545,168.540000000001
"1011","strong",400,92,53460803,0.25,0.389999999999418,175.129999999997
"1011","strong",400,93,53460804,0.220000000001164,0.42000000000553,167.290000000001
"1011","strong",400,94,53460805,0.169999999998254,0.459999999999127,171.900000000001
"1011","strong",400,95,53460806,0.180000000000291,0.389999999999418,180.839999999997
"1011","strong",400,96,53460807,0.219999999993888,0.5,174.449999999997
"1011","strong",400,97,53460808,0.169999999998254,0.360000000000582,172.270000000004
"1011","strong",400,98,53460809,0.169999999998254,0.5,171.909999999996
"1011","strong",400,99,53460810,0.190000000002328,0.360000000000582,176.400000000001
"1011","strong",400,100,53460811,0.139999999999418,0.489999999997963,161.529999999999
"1011","strong",400,101,53460812,0.159999999996217,0.360000000000582,177.379999999997
"1011","strong",400,102,53460813,0.150000000001455,0.620000000002619,202.809999999998
"1011","strong",400,103,53460814,0.190000000002328,0.470000000001164,212.900000000001
"1011","strong",400,104,53460815,0.169999999998254,0.410000000003492,225.950000000004
"1011","strong",400,105,53460816,0.25,0.44999999999709,212.330000000002
"1011","strong",400,106,53460817,0.169999999998254,0.359999999993306,201.449999999997
"1011","strong",400,107,53460818,0.169999999998254,0.5,221.459999999999
"1011","strong",400,108,53460819,0.200000000004366,0.370000000002619,217.079999999994
"1011","strong",400,109,53460820,0.139999999999418,0.439999999995052,190.239999999998
"1011","strong",400,110,53460821,0.17000000000553,0.44999999999709,175.799999999996
"1011","strong",400,111,53460822,0.200000000004366,0.389999999999418,172.279999999999
"1011","strong",400,112,53460823,0.189999999995052,0.389999999999418,172.480000000003
"1011","strong",400,113,53460824,0.139999999999418,0.459999999999127,174
"1011","strong",400,114,53460825,0.19999999999709,0.360000000000582,175.599999999999
"1011","strong",400,115,53460826,0.180000000000291,0.359999999993306,183.579999999994
"1011","strong",400,116,53460827,0.150000000001455,0.389999999999418,176.910000000003
"1011","strong",400,117,53460828,0.180000000000291,0.430000000000291,168.599999999999
"1011","strong",400,118,53460829,0.189999999995052,0.340000000003783,172.060000000005
"1011","strong",400,119,53460830,0.220000000001164,0.430000000000291,174.93
"1011","strong",400,120,53460831,0.189999999995052,0.389999999999418,177.910000000003
"1011","strong",400,121,53460832,0.160000000003492,0.330000000001746,173.970000000001
"1011","strong",400,122,53460833,0.150000000001455,0.379999999997381,186.440000000002
"1011","strong",400,123,53460834,0.189999999995052,0.360000000000582,174.530000000006
"1011","strong",400,124,53460835,0.169999999998254,0.440000000002328,177.139999999999
"1011","strong",400,125,53460836,0.220000000001164,0.389999999999418,175.340000000004
"1011","strong",400,126,53460837,0.150000000001455,0.370000000002619,184.32
"1011","strong",400,127,53460838,0.169999999998254,0.44999999999709,178.510000000002
"1011","strong",400,128,53460839,0.139999999999418,0.419999999998254,178.699999999997
"1011","strong",400,129,53460840,0.200000000004366,0.440000000002328,180.409999999996
"1011","strong",400,130,53460841,0.17000000000553,0.410000000003492,182.559999999998
"1011","strong",400,131,53460842,0.159999999996217,0.519999999996799,179.139999999999
"1011","strong",400,132,53460843,0.230000000003201,0.540000000000873,177.950000000004
"1011","strong",400,133,53460844,0.159999999996217,0.459999999999127,172.769999999997
"1011","strong",400,134,53460845,0.180000000000291,0.32999999999447,173.830000000002
"1011","strong",400,135,53460846,0.239999999997963,0.42000000000553,186.409999999996
"1011","strong",400,136,53460847,0.19999999999709,0.519999999996799,172.040000000001
"1011","strong",400,137,53460848,0.19999999999709,0.379999999997381,183.959999999999
"1011","strong",400,138,53460849,0.159999999996217,0.370000000002619,181.080000000002
"1011","strong",400,139,53460850,0.220000000001164,0.489999999997963,173.720000000001
"1011","strong",400,140,53460851,0.209999999999127,0.469999999993888,177.090000000004
"1011","strong",400,141,53460852,0.19999999999709,0.409999999996217,179.18
"1011","strong",400,142,53460853,0.159999999996217,0.400000000001455,173.579999999994
"1011","strong",400,143,53460854,0.169999999998254,0.379999999997381,179.690000000002
"1011","strong",400,144,53460855,0.220000000001164,0.450000000004366,174.720000000001
"1011","strong",400,145,53460856,0.230000000003201,0.379999999997381,171.580000000002
"1011","strong",400,146,53460857,0.190000000002328,0.419999999998254,179.809999999998
"1011","strong",400,147,53460858,0.180000000000291,0.379999999997381,181.32
"1011","strong",400,148,53460859,0.169999999998254,0.44999999999709,183.050000000003
"1011","strong",400,149,53460860,0.169999999998254,0.400000000001455,175.060000000005
"1011","strong",400,150,53460861,0.169999999998254,0.44999999999709,183.040000000001
"1011","strong",400,151,53460862,0.150000000001455,0.400000000001455,181.809999999998
"1011","strong",400,152,53460863,0.190000000002328,0.389999999999418,180.059999999998
"1011","strong",400,153,53460864,0.230000000003201,0.389999999999418,172.079999999994
"1011","strong",400,154,53460865,0.169999999998254,0.439999999995052,161.940000000002
"1011","strong",400,155,53460866,0.180000000000291,0.409999999996217,175.809999999998
"1011","strong",400,156,53460867,0.17000000000553,0.389999999999418,175.150000000001
"1011","strong",400,157,53460868,0.17000000000553,0.440000000002328,173.870000000003
"1011","strong",400,158,53460869,0.190000000002328,0.439999999995052,174.82
"1011","strong",400,159,53460870,0.17000000000553,0.430000000000291,177.470000000001
"1011","strong",400,160,53460871,0.180000000000291,0.400000000001455,179.540000000001
"1011","strong",400,161,53460872,0.209999999999127,0.459999999999127,184.489999999998
"1011","strong",400,162,53460873,0.190000000002328,0.479999999995925,176.310000000005
"1011","strong",400,163,53460874,0.169999999998254,0.409999999996217,177.25
"1011","strong",400,164,53460875,0.150000000001455,0.370000000002619,188.169999999998
"1011","strong",400,165,53460876,0.160000000003492,0.439999999995052,178.280000000006
"1011","strong",400,166,53460877,0.139999999999418,0.419999999998254,163.269999999997
"1011","strong",400,167,53460878,0.169999999998254,0.360000000000582,177.529999999999
"1011","strong",400,168,53460879,0.169999999998254,0.379999999997381,162.440000000002
"1011","strong",400,169,53460880,0.169999999998254,0.419999999998254,174.239999999998
"1011","strong",400,170,53460881,0.220000000001164,0.489999999997963,175.919999999998
"1011","strong",400,171,53460882,0.160000000003492,0.309999999997672,185.389999999999
"1011","strong",400,172,53460883,0.220000000001164,0.5,178.209999999999
"1011","strong",400,173,53460884,0.19999999999709,0.450000000004366,182.699999999997
"1011","strong",400,174,53460885,0.17000000000553,0.459999999999127,170.810000000005
"1011","strong",400,175,53460886,0.169999999998254,0.419999999998254,196.139999999999
"1011","strong",400,176,53460887,0.200000000004366,0.389999999999418,163.889999999999
"1011","strong",400,177,53460888,0.220000000001164,0.360000000000582,169.969999999994
"1011","strong",400,178,53460889,0.120000000002619,0.430000000000291,180.919999999998
"1011","strong",400,179,53460890,0.150000000001455,0.360000000000582,166.57
"1011","strong",400,180,53460891,0.190000000002328,0.30000000000291,173.379999999997
"1011","strong",400,181,53460892,0.220000000001164,0.470000000001164,181.139999999999
"1011","strong",400,182,53460893,0.209999999999127,0.389999999999418,177.080000000002
"1011","strong",400,183,53460894,0.160000000003492,0.419999999998254,169.199999999997
"1011","strong",400,184,53460895,0.209999999999127,0.389999999999418,179.040000000001
"1011","strong",400,185,53460896,0.220000000001164,0.459999999999127,174.870000000003
"1011","strong",400,186,53460897,0.169999999998254,0.379999999997381,180.75
"1011","strong",400,187,53460898,0.160000000003492,0.360000000000582,176.779999999999
"1011","strong",400,188,53460899,0.17000000000553,0.459999999999127,164.799999999996
"1011","strong",400,189,53460900,0.19999999999709,0.349999999998545,185.640000000007
"1011","strong",400,190,53460901,0.160000000003492,0.389999999999418,180.480000000003
"1011","strong",400,191,53460902,0.189999999995052,0.400000000001455,181.620000000003
"1011","strong",400,192,53460903,0.150000000001455,0.419999999998254,180.689999999995
"1011","strong",400,193,53460904,0.190000000002328,0.370000000002619,179.309999999998
"1011","strong",400,194,53460905,0.19999999999709,0.409999999996217,201.190000000002
"1011","strong",400,195,53460906,0.159999999996217,0.480000000003201,178.75
"1011","strong",400,196,53460907,0.139999999999418,0.419999999998254,171.639999999999
"1011","strong",400,197,53460908,0.129999999997381,0.400000000001455,173.939999999995
"1011","strong",400,198,53460909,0.159999999996217,0.470000000001164,181.010000000002
"1011","strong",400,199,53460910,0.180000000000291,0.379999999997381,171.699999999997
"1011","strong",400,200,53460911,0.180000000000291,0.410000000003492,181.480000000003
"1011","strong",400,201,53460912,0.169999999998254,0.440000000002328,181.889999999999
"1011","strong",400,202,53460913,0.169999999998254,0.440000000002328,192.889999999999
"1011","strong",400,203,53460914,0.160000000003492,0.409999999996217,184.360000000001
"1011","strong",400,204,53460915,0.150000000001455,0.469999999993888,177.959999999999
"1011","strong",400,205,53460916,0.19999999999709,0.310000000004948,180.389999999999
"1011","strong",400,206,53460917,0.190000000002328,0.419999999998254,178.059999999998
"1011","strong",400,207,53460918,0.0899999999965075,0.42000000000553,178.950000000004
"1011","strong",400,208,53460919,0.19999999999709,0.410000000003492,169.299999999996
"1011","strong",400,209,53460920,0.209999999999127,0.389999999999418,168.409999999996
"1011","strong",400,210,53460921,0.139999999999418,0.439999999995052,172.389999999999
"1011","strong",400,211,53460922,0.17000000000553,0.379999999997381,175.079999999994
"1011","strong",400,212,53460923,0.169999999998254,0.379999999997381,164.519999999997
"1011","strong",400,213,53460924,0.139999999999418,0.389999999999418,182.190000000002
"1011","strong",400,214,53460925,0.160000000003492,0.280000000006112,167.689999999995
"1011","strong",400,215,53460926,0.139999999999418,0.389999999999418,184.400000000001
"1011","strong",400,216,53460927,0.190000000002328,0.379999999997381,169.400000000001
"1011","strong",400,217,53460928,0.169999999998254,0.430000000000291,172.279999999999
"1011","strong",400,218,53460929,0.17000000000553,0.430000000000291,191.669999999998
"1011","strong",400,219,53460930,0.139999999999418,0.349999999998545,174.459999999999
"1011","strong",400,220,53460931,0.150000000001455,0.44999999999709,188.409999999996
"1011","strong",400,221,53460932,0.209999999999127,0.389999999999418,190.82
"1011","strong",400,222,53460933,0.159999999996217,0.32999999999447,193.290000000001
"1011","strong",400,223,53460934,0.200000000004366,0.42000000000553,172.889999999999
"1011","strong",400,224,53460935,0.25,0.410000000003492,180.939999999995
"1011","strong",400,225,53460936,0.129999999997381,0.440000000002328,168.720000000001
"1011","strong",400,226,53460937,0.209999999999127,0.540000000000873,182.689999999995
"1011","strong",400,227,53460938,0.220000000001164,0.309999999997672,171.089999999997
"1011","strong",400,228,53460939,0.169999999998254,0.44999999999709,177.139999999999
"1011","strong",400,229,53460940,0.190000000002328,0.379999999997381,198.840000000004
"1011","strong",400,230,53460941,0.209999999999127,0.489999999997963,188.730000000003
"1011","strong",400,231,53460942,0.139999999999418,0.450000000004366,184.160000000003
"1011","strong",400,232,53460943,0.139999999999418,0.430000000000291,176.459999999999
"1011","strong",400,233,53460944,0.120000000002619,0.389999999999418,179.220000000001
"1011","strong",400,234,53460945,0.330000000001746,0.5,167.25
"1011","strong",400,235,53460946,0.120000000002619,0.42000000000553,187.080000000002
"1011","strong",400,236,53460947,0.139999999999418,0.389999999999418,171.650000000001
"1011","strong",400,237,53460948,0.190000000002328,0.5,176.75
"1011","strong",400,238,53460949,0.169999999998254,0.419999999998254,171.159999999996
"1011","strong",400,239,53460950,0.190000000002328,0.360000000000582,175.25
"1011","strong",400,240,53460951,0.189999999995052,0.360000000000582,164.720000000001
"1011","strong",400,241,53460952,0.139999999999418,0.349999999998545,133.720000000001
"1011","strong",400,242,53460953,0.139999999999418,0.330000000001746,143.029999999999
"1011","strong",400,243,53460954,0.159999999996217,0.299999999995634,149.700000000004
"1011","strong",400,244,53460955,0.140000000006694,0.379999999997381,142.209999999999
"1011","strong",400,245,53460956,0.150000000001455,0.330000000001746,142.029999999999
"1011","strong",400,246,53460957,0.120000000002619,0.360000000000582,137.610000000001
"1011","strong",400,247,53460958,0.139999999999418,0.389999999999418,144.129999999997
"1011","strong",400,248,53460959,0.159999999988941,0.350000000005821,152.059999999998
"1011","strong",400,249,53460960,0.139999999999418,0.330000000001746,147.049999999988
"1011","strong",400,250,53460961,0.160000000003492,0.320000000006985,138.639999999999
"1011","strong",400,251,53460962,0.139999999999418,0.330000000001746,141.860000000001
"1011","strong",400,252,53460963,0.130000000004657,0.380000000004657,133.660000000003
"1011","strong",400,253,53460964,0.139999999999418,0.350000000005821,144.959999999992
"1011","strong",400,254,53460965,0.160000000003492,0.349999999991269,152.639999999999
"1011","strong",400,255,53460966,0.160000000003492,0.330000000001746,146.389999999999
"1011","strong",400,256,53460967,0.169999999998254,0.319999999992433,148.539999999994
"1011","strong",400,257,53460968,0.169999999998254,0.340000000011059,145.339999999997
"1011","strong",400,258,53460969,0.160000000003492,0.30000000000291,134.539999999994
"1011","strong",400,259,53460970,0.139999999999418,0.309999999997672,130.009999999995
"1011","strong",400,260,53460971,0.100000000005821,0.330000000001746,140.830000000002
"1011","strong",400,261,53460972,0.139999999999418,0.259999999994761,138.330000000002
"1011","strong",400,262,53460973,0.149999999994179,0.349999999991269,122.710000000006
"1011","strong",400,263,53460974,0.129999999990105,0.330000000001746,134.360000000001
"1011","strong",400,264,53460975,0.139999999999418,0.309999999997672,129.860000000001
"1011","strong",400,265,53460976,0.139999999999418,0.299999999988358,123.75
"1011","strong",400,266,53460977,0.130000000004657,0.350000000005821,131.869999999995
"1011","strong",400,267,53460978,0.129999999990105,0.329999999987194,132.929999999993
"1011","strong",400,268,53460979,0.139999999999418,0.330000000001746,135.529999999999
"1011","strong",400,269,53460980,0.119999999995343,0.309999999997672,122.350000000006
"1011","strong",400,270,53460981,0.139999999999418,0.319999999992433,124.770000000004
"1011","strong",400,271,53460982,0.130000000004657,0.30000000000291,122.100000000006
"1011","strong",400,272,53460983,0.110000000000582,0.309999999997672,129.739999999991
"1011","strong",400,273,53460984,0.110000000000582,0.320000000006985,125.189999999988
"1011","strong",400,274,53460985,0.139999999999418,0.30000000000291,120.180000000008
"1011","strong",400,275,53460986,0.120000000009895,0.330000000001746,126.279999999999
"1011","strong",400,276,53460987,0.139999999999418,0.330000000001746,127.520000000004
"1011","strong",400,277,53460988,0.130000000004657,0.279999999998836,123.339999999997
"1011","strong",400,278,53460989,0.139999999999418,0.30000000000291,128.869999999995
"1011","strong",400,279,53460990,0.120000000009895,0.309999999997672,129.440000000002
"1011","strong",400,280,53460991,0.119999999995343,0.319999999992433,124.970000000001
"1011","strong",400,281,53460992,0.130000000004657,0.309999999997672,123.569999999992
"1011","strong",400,282,53460993,0.130000000004657,0.330000000001746,126.399999999994
"1011","strong",400,283,53460994,0.119999999995343,0.309999999997672,124.220000000001
"1011","strong",400,284,53460995,0.139999999999418,0.309999999997672,134.139999999999
"1011","strong",400,285,53460996,0.119999999995343,0.309999999997672,121.869999999995
"1011","strong",400,286,53460997,0.110000000000582,0.309999999997672,126.110000000001
"1011","strong",400,287,53460998,0.110000000000582,0.309999999997672,126.320000000007
"1011","strong",400,288,53460999,0.139999999999418,0.319999999992433,119.800000000003
"1011","strong",400,289,53461000,0.119999999995343,0.309999999997672,129.119999999995
"1011","strong",400,290,53461001,0.119999999995343,0.309999999997672,122.089999999997
"1011","strong",400,291,53461002,0.150000000008731,0.289999999993597,124.339999999997
"1011","strong",400,292,53461003,0.110000000000582,0.30000000000291,130.229999999996
"1011","strong",400,293,53461004,0.139999999999418,0.309999999997672,119
"1011","strong",400,294,53461005,0.119999999995343,0.330000000001746,119.110000000001
"1011","strong",400,295,53461006,0.129999999990105,0.309999999997672,125.299999999988
"1011","strong",400,296,53461007,0.139999999999418,0.319999999992433,126.639999999999
"1011","strong",400,297,53461008,0.139999999999418,0.330000000001746,133.389999999999
"1011","strong",400,298,53461009,0.139999999999418,0.320000000006985,116.760000000009
"1011","strong",400,299,53461010,0.119999999995343,0.309999999997672,122.649999999994
"1011","strong",400,300,53461011,0.119999999995343,0.319999999992433,126.660000000003
"1111","realistic",400,1,34460712,0.110000000000582,0.480000000010477,117.869999999995
"1111","realistic",400,2,34460713,0.0799999999871943,0.470000000001164,108.289999999994
"1111","realistic",400,3,34460714,0.15,1.5,149.45
"1111","realistic",400,4,34460715,0.110000000000014,0.590000000000032,143.75
"1111","realistic",400,5,34460716,0.0900000000000318,0.579999999999984,148.39
"1111","realistic",400,6,34460717,0.110000000000014,0.75,163.27
"1111","realistic",400,7,34460718,0.139999999999986,0.509999999999991,149.67
"1111","realistic",400,8,34460719,0.0899999999999181,0.689999999999941,141.09
"1111","realistic",400,9,34460720,0.139999999999986,0.799999999999955,158.1
"1111","realistic",400,10,34460721,0.0800000000001546,0.699999999999818,141.84
"1111","realistic",400,11,34460722,0.0800000000001546,0.559999999999945,158.06
"1111","realistic",400,12,34460723,0.110000000000127,0.610000000000127,144.17
"1111","realistic",400,13,34460724,0.1099999999999,0.710000000000036,171.83
"1111","realistic",400,14,34460725,0.0599999999999454,0.639999999999873,148.92
"1111","realistic",400,15,34460726,0.1400000000001,0.689999999999827,160.45
"1111","realistic",400,16,34460727,0.110000000000127,0.619999999999891,149.44
"1111","realistic",400,17,34460728,0.110000000000127,0.7800000000002,149.29
"1111","realistic",400,18,34460729,0.140000000000327,0.630000000000109,154.83
"1111","realistic",400,19,34460730,0.110000000000127,0.690000000000055,143.78
"1111","realistic",400,20,34460731,0.139999999999873,0.550000000000182,141.41
"1111","realistic",400,21,34460732,0.119999999999891,0.690000000000055,146.91
"1111","realistic",400,22,34460733,0.0899999999996908,0.670000000000073,148.84
"1111","realistic",400,23,34460734,0.129999999999654,0.650000000000091,146.51
"1111","realistic",400,24,34460735,0.0999999999999091,0.670000000000073,143.03
"1111","realistic",400,25,34460736,0.150000000000091,0.619999999999891,144.97
"1111","realistic",400,26,34460737,0.110000000000127,0.610000000000127,146.17
"1111","realistic",400,27,34460738,0.0799999999999272,0.720000000000255,149.05
"1111","realistic",400,28,34460739,0.0999999999999091,0.610000000000127,144.08
"1111","realistic",400,29,34460740,0.0799999999999272,0.639999999999418,174.56
"1111","realistic",400,30,34460741,0.130000000000109,0.609999999999673,148.71
"1111","realistic",400,31,34460742,0.0799999999999272,0.5600000000004,147.5
"1111","realistic",400,32,34460743,0.109999999999673,0.5600000000004,151.950000000001
"1111","realistic",400,33,34460744,0.140000000000327,0.75,153.77
"1111","realistic",400,34,34460745,0.0900000000001455,0.590000000000146,139.16
"1111","realistic",400,35,34460746,0.109999999999673,0.579999999999927,151.190000000001
"1111","realistic",400,36,34460747,0.0900000000001455,0.579999999999927,153.81
"1111","realistic",400,37,34460748,0.0999999999994543,0.779999999999745,158.95
"1111","realistic",400,38,34460749,0.130000000000109,0.609999999999673,183.53
"1111","realistic",400,39,34460750,0.0900000000001455,0.609999999999673,142.41
"1111","realistic",400,40,34460751,0.0999999999994543,0.630000000000109,149.11
"1111","realistic",400,41,34460752,0.109999999999673,0.630000000000109,148.53
"1111","realistic",400,42,34460753,0.119999999999891,0.630000000000109,146.03
"1111","realistic",400,43,34460754,0.109999999999673,0.6200000000008,153.27
"1111","realistic",400,44,34460755,0.110000000000582,0.640000000000327,164.12
"1111","realistic",400,45,34460756,0.109999999999673,0.630000000000109,164.780000000001
"1111","realistic",400,46,34460757,0.0900000000001455,0.670000000000073,153.63
"1111","realistic",400,47,34460758,0.119999999999891,0.600000000000364,146.36
"1111","realistic",400,48,34460759,0.139999999999418,0.639999999999418,140.36
"1111","realistic",400,49,34460760,0.109999999999673,0.75,144.43
"1111","realistic",400,50,34460761,0.119999999999891,0.589999999999236,152.3
"1111","realistic",400,51,34460762,0.140000000000327,0.670000000000073,141.95
"1111","realistic",400,52,34460763,0.110000000000582,0.670000000000073,156.5
"1111","realistic",400,53,34460764,0.110000000000582,0.670000000000073,138.22
"1111","realistic",400,54,34460765,0.0799999999999272,0.690000000000509,153.12
"1111","realistic",400,55,34460766,0.139999999999418,0.550000000000182,157.03
"1111","realistic",400,56,34460767,0.100000000000364,0.640000000001237,151.5
"1111","realistic",400,57,34460768,0.0799999999999272,0.809999999999491,139.549999999999
"1111","realistic",400,58,34460769,0.139999999999418,0.579999999999927,150.77
"1111","realistic",400,59,34460770,0.1299999999992,0.640000000001237,159
"1111","realistic",400,60,34460771,0.100000000000364,0.640000000001237,157.940000000001
"1111","realistic",400,61,34460772,0.0999999999985448,0.75,169.389999999999
"1111","realistic",400,62,34460773,0.110000000000582,0.590000000000146,144.609999999999
"1111","realistic",400,63,34460774,0.0599999999994907,0.639999999999418,155.349999999999
"1111","realistic",400,64,34460775,0.109999999998763,0.700000000000728,145.32
"1111","realistic",400,65,34460776,0.0799999999999272,0.710000000000946,146.060000000001
"1111","realistic",400,66,34460777,0.0900000000001455,0.590000000000146,146.59
"1111","realistic",400,67,34460778,0.1200000000008,0.569999999999709,140.59
"1111","realistic",400,68,34460779,0.1200000000008,0.659999999999854,156.67
"1111","realistic",400,69,34460780,0.139999999999418,0.579999999999927,144.280000000001
"1111","realistic",400,70,34460781,0.0900000000001455,0.610000000000582,149.26
"1111","realistic",400,71,34460782,0.1200000000008,0.639999999999418,145.950000000001
"1111","realistic",400,72,34460783,0.100000000000364,0.610000000000582,153.16
"1111","realistic",400,73,34460784,0.149999999999636,0.729999999999563,172.43
"1111","realistic",400,74,34460785,0.119999999998981,0.549999999999272,150.870000000001
"1111","realistic",400,75,34460786,0.119999999998981,0.579999999999927,165.460000000001
"1111","realistic",400,76,34460787,0.069999999999709,0.559999999999491,152.029999999999
"1111","realistic",400,77,34460788,0.130000000001019,0.670000000000073,154.330000000002
"1111","realistic",400,78,34460789,0.109999999998763,0.630000000001019,148.459999999999
"1111","realistic",400,79,34460790,0.1299999999992,0.590000000000146,144.9
"1111","realistic",400,80,34460791,0.1200000000008,0.670000000000073,152.609999999999
"1111","realistic",400,81,34460792,0.1200000000008,0.760000000000218,146.67
"1111","realistic",400,82,34460793,0.170000000000073,0.840000000000146,149.75
"1111","realistic",400,83,34460794,0.139999999999418,0.600000000000364,153.429999999998
"1111","realistic",400,84,34460795,0.110000000000582,0.680000000000291,159.440000000001
"1111","realistic",400,85,34460796,0.110000000000582,0.5,164.879999999999
"1111","realistic",400,86,34460797,0.1299999999992,0.600000000000364,166.580000000002
"1111","realistic",400,87,34460798,0.0900000000001455,0.780000000000655,163.559999999999
"1111","realistic",400,88,34460799,0.0599999999994907,0.75,159.530000000001
"1111","realistic",400,89,34460800,0.139999999999418,0.649999999999636,143.17
"1111","realistic",400,90,34460801,0.139999999999418,0.569999999999709,156.859999999999
"1111","realistic",400,91,34460802,0.110000000000582,0.829999999999927,140.309999999999
"1111","realistic",400,92,34460803,0.100000000000364,0.760000000000218,147.67
"1111","realistic",400,93,34460804,0.0900000000001455,0.639999999999418,154.17
"1111","realistic",400,94,34460805,0.130000000001019,0.680000000000291,173.610000000001
"1111","realistic",400,95,34460806,0.159999999999854,0.639999999999418,157.940000000001
"1111","realistic",400,96,34460807,0.0799999999999272,0.559999999999491,144.370000000001
"1111","realistic",400,97,34460808,0.1299999999992,0.569999999999709,150.969999999999
"1111","realistic",400,98,34460809,0.110000000000582,0.639999999999418,158.34
"1111","realistic",400,99,34460810,0.1299999999992,0.579999999999927,172.99
"1111","realistic",400,100,34460811,0.109999999998763,0.579999999999927,184.470000000001
"1111","realistic",400,101,34460812,0.110000000000582,0.480000000001382,151.779999999999
"1111","realistic",400,102,34460813,0.139999999999418,0.469999999999345,149.879999999999
"1111","realistic",400,103,34460814,0.110000000000582,0.649999999999636,149.519999999999
"1111","realistic",400,104,34460815,0.0899999999983265,0.670000000000073,150.140000000001
"1111","realistic",400,105,34460816,0.139999999999418,0.610000000000582,154.940000000001
"1111","realistic",400,106,34460817,0.110000000000582,0.649999999999636,152.68
"1111","realistic",400,107,34460818,0.0899999999983265,0.589999999998327,150.210000000001
"1111","realistic",400,108,34460819,0.110000000000582,0.639999999999418,153.42
"1111","realistic",400,109,34460820,0.159999999999854,0.580000000001746,150.33
"1111","realistic",400,110,34460821,0.139999999999418,0.549999999999272,158.400000000001
"1111","realistic",400,111,34460822,0.140000000003056,0.56000000000131,150.73
"1111","realistic",400,112,34460823,0.0800000000017462,0.56000000000131,199.389999999999
"1111","realistic",400,113,34460824,0.0900000000001455,0.619999999998981,151.59
"1111","realistic",400,114,34460825,0.110000000000582,0.579999999998108,162.470000000001
"1111","realistic",400,115,34460826,0.100000000002183,0.599999999998545,150.77
"1111","realistic",400,116,34460827,0.110000000000582,0.590000000000146,148.030000000002
"1111","realistic",400,117,34460828,0.0900000000001455,0.720000000001164,149.289999999997
"1111","realistic",400,118,34460829,0.130000000001019,0.659999999999854,150.889999999999
"1111","realistic",400,119,34460830,0.069999999999709,0.569999999999709,154.150000000001
"1111","realistic",400,120,34460831,0.110000000000582,0.639999999999418,160.220000000001
"1111","realistic",400,121,34460832,0.110000000000582,0.569999999999709,156.380000000001
"1111","realistic",400,122,34460833,0.119999999998981,0.539999999997235,148.860000000001
"1111","realistic",400,123,34460834,0.109999999996944,0.739999999997963,147.640000000003
"1111","realistic",400,124,34460835,0.139999999999418,0.540000000000873,155.719999999998
"1111","realistic",400,125,34460836,0.110000000000582,0.569999999999709,146.029999999999
"1111","realistic",400,126,34460837,0.110000000000582,0.610000000000582,156.48
"1111","realistic",400,127,34460838,0.110000000000582,0.610000000000582,169.459999999999
"1111","realistic",400,128,34460839,0.150000000001455,0.510000000002037,163
"1111","realistic",400,129,34460840,0.130000000001019,0.609999999996944,195.110000000001
"1111","realistic",400,130,34460841,0.069999999999709,0.81000000000131,150.41
"1111","realistic",400,131,34460842,0.130000000001019,0.590000000000146,151.5
"1111","realistic",400,132,34460843,0.0799999999981083,0.530000000002474,150.029999999999
"1111","realistic",400,133,34460844,0.109999999996944,0.659999999999854,147.220000000001
"1111","realistic",400,134,34460845,0.109999999996944,0.680000000000291,151.869999999999
"1111","realistic",400,135,34460846,0.110000000000582,0.56000000000131,143.68
"1111","realistic",400,136,34460847,0.110000000000582,0.729999999999563,150.209999999999
"1111","realistic",400,137,34460848,0.0900000000001455,0.610000000000582,141.219999999998
"1111","realistic",400,138,34460849,0.110000000000582,0.630000000001019,168.23
"1111","realistic",400,139,34460850,0.0800000000017462,0.549999999999272,147.240000000002
"1111","realistic",400,140,34460851,0.110000000000582,0.559999999997672,157.139999999999
"1111","realistic",400,141,34460852,0.100000000002183,0.639999999999418,152.970000000001
"1111","realistic",400,142,34460853,0.0900000000001455,0.670000000001892,139.329999999998
"1111","realistic",400,143,34460854,0.0800000000017462,0.81000000000131,142.439999999999
"1111","realistic",400,144,34460855,0.110000000000582,0.720000000001164,155.650000000001
"1111","realistic",400,145,34460856,0.110000000000582,0.720000000001164,142.580000000002
"1111","realistic",400,146,34460857,0.119999999998981,0.690000000002328,164.43
"1111","realistic",400,147,34460858,0.140000000003056,0.569999999999709,159.860000000001
"1111","realistic",400,148,34460859,0.0900000000001455,0.75,145.59
"1111","realistic",400,149,34460860,0.0900000000001455,0.680000000000291,160.57
"1111","realistic",400,150,34460861,0.139999999999418,0.669999999998254,154.900000000001
"1111","realistic",400,151,34460862,0.110000000000582,0.610000000000582,140.200000000001
"1111","realistic",400,152,34460863,0.139999999999418,0.680000000000291,159
"1111","realistic",400,153,34460864,0.109999999996944,0.579999999998108,156.700000000001
"1111","realistic",400,154,34460865,0.130000000001019,0.610000000000582,148.540000000001
"1111","realistic",400,155,34460866,0.119999999998981,0.630000000001019,139.899999999998
"1111","realistic",400,156,34460867,0.110000000000582,0.639999999999418,156.68
"1111","realistic",400,157,34460868,0.0600000000013097,0.680000000000291,143.98
"1111","realistic",400,158,34460869,0.110000000000582,0.779999999998836,157.740000000002
"1111","realistic",400,159,34460870,0.110000000000582,0.559999999997672,151.790000000001
"1111","realistic",400,160,34460871,0.139999999999418,0.580000000001746,148.779999999999
"1111","realistic",400,161,34460872,0.0999999999985448,0.739999999997963,151.02
"1111","realistic",400,162,34460873,0.069999999999709,0.650000000001455,147.459999999999
"1111","realistic",400,163,34460874,0.130000000001019,0.590000000000146,152.07
"1111","realistic",400,164,34460875,0.119999999998981,0.610000000000582,185.370000000003
"1111","realistic",400,165,34460876,0.110000000000582,0.659999999999854,156.25
"1111","realistic",400,166,34460877,0.130000000001019,0.830000000001746,152.939999999999
"1111","realistic",400,167,34460878,0.110000000000582,0.580000000001746,146.539999999997
"1111","realistic",400,168,34460879,0.119999999998981,0.68999999999869,154.799999999999
"1111","realistic",400,169,34460880,0.0299999999988358,0.759999999998399,153.09
"1111","realistic",400,170,34460881,0.159999999999854,0.619999999998981,156.939999999999
"1111","realistic",400,171,34460882,0.0900000000001455,0.599999999998545,152.279999999999
"1111","realistic",400,172,34460883,0.150000000001455,0.650000000001455,163.48
"1111","realistic",400,173,34460884,0.110000000000582,0.639999999999418,151.48
"1111","realistic",400,174,34460885,0.130000000001019,0.580000000001746,167.529999999999
"1111","realistic",400,175,34460886,0.0800000000017462,0.639999999999418,154.010000000002
"1111","realistic",400,176,34460887,0.159999999999854,0.56000000000131,154.48
"1111","realistic",400,177,34460888,0.170000000001892,0.650000000001455,152.419999999998
"1111","realistic",400,178,34460889,0.0999999999985448,0.619999999998981,148.530000000002
"1111","realistic",400,179,34460890,0.120000000002619,0.590000000000146,152.119999999999
"1111","realistic",400,180,34460891,0.129999999997381,0.579999999998108,141.860000000001
"1111","realistic",400,181,34460892,0.110000000000582,0.629999999997381,150.670000000002
"1111","realistic",400,182,34460893,0.110000000000582,0.639999999999418,148.860000000001
"1111","realistic",400,183,34460894,0.139999999999418,0.549999999999272,157.639999999999
"1111","realistic",400,184,34460895,0.150000000001455,0.659999999999854,142.630000000001
"1111","realistic",400,185,34460896,0.110000000000582,0.680000000000291,161.549999999999
"1111","realistic",400,186,34460897,0.139999999999418,0.690000000002328,151.580000000002
"1111","realistic",400,187,34460898,0.129999999997381,0.639999999999418,147.030000000002
"1111","realistic",400,188,34460899,0.0900000000001455,0.630000000001019,157.220000000001
"1111","realistic",400,189,34460900,0.129999999997381,0.610000000000582,148.639999999999
"1111","realistic",400,190,34460901,0.0999999999985448,0.569999999999709,146.610000000001
"1111","realistic",400,191,34460902,0.110000000000582,0.629999999997381,152.829999999998
"1111","realistic",400,192,34460903,0.139999999999418,0.56000000000131,155.959999999999
"1111","realistic",400,193,34460904,0.120000000002619,0.619999999998981,148.549999999999
"1111","realistic",400,194,34460905,0.110000000000582,0.610000000000582,153.77
"1111","realistic",400,195,34460906,0.110000000000582,0.590000000000146,150.84
"1111","realistic",400,196,34460907,0.110000000000582,0.549999999999272,149.300000000003
"1111","realistic",400,197,34460908,0.159999999999854,0.5,156.34
"1111","realistic",400,198,34460909,0.109999999996944,0.639999999999418,172.850000000002
"1111","realistic",400,199,34460910,0.129999999997381,0.639999999999418,147.509999999998
"1111","realistic",400,200,34460911,0.110000000000582,0.700000000000728,151.389999999999
"1111","realistic",400,201,34460912,0.0900000000001455,0.720000000001164,162.360000000001
"1111","realistic",400,202,34460913,0.0799999999981083,0.650000000001455,151.139999999999
"1111","realistic",400,203,34460914,0.120000000002619,0.579999999998108,146.360000000001
"1111","realistic",400,204,34460915,0.130000000001019,0.599999999998545,154.540000000001
"1111","realistic",400,205,34460916,0.0600000000013097,0.610000000000582,152.889999999999
"1111","realistic",400,206,34460917,0.139999999999418,0.639999999999418,167.470000000001
"1111","realistic",400,207,34460918,0.0800000000017462,0.55000000000291,139.969999999998
"1111","realistic",400,208,34460919,0.0900000000001455,0.659999999999854,147.82
"1111","realistic",400,209,34460920,0.110000000000582,0.580000000001746,143.52
"1111","realistic",400,210,34460921,0.139999999999418,0.659999999999854,153.460000000003
"1111","realistic",400,211,34460922,0.0999999999985448,0.630000000001019,152.470000000001
"1111","realistic",400,212,34460923,0.139999999999418,0.75,152.349999999999
"1111","realistic",400,213,34460924,0.0900000000001455,0.590000000000146,153.09
"1111","realistic",400,214,34460925,0.140000000003056,0.650000000001455,153.700000000001
"1111","realistic",400,215,34460926,0.110000000000582,0.629999999997381,153.199999999997
"1111","realistic",400,216,34460927,0.120000000002619,0.629999999997381,161.440000000002
"1111","realistic",400,217,34460928,0.0799999999944703,0.610000000000582,159.260000000002
"1111","realistic",400,218,34460929,0.110000000000582,0.599999999998545,152.489999999998
"1111","realistic",400,219,34460930,0.110000000000582,0.69999999999709,145.090000000004
"1111","realistic",400,220,34460931,0.120000000002619,0.569999999999709,149.559999999998
"1111","realistic",400,221,34460932,0.110000000000582,0.700000000004366,149.040000000001
"1111","realistic",400,222,34460933,0.139999999999418,0.559999999997672,145.840000000004
"1111","realistic",400,223,34460934,0.109999999993306,0.610000000000582,155.549999999996
"1111","realistic",400,224,34460935,0.120000000002619,0.680000000000291,152.659999999996
"1111","realistic",400,225,34460936,0.129999999997381,0.669999999998254,143.859999999993
"1111","realistic",400,226,34460937,0.0899999999965075,0.629999999997381,153.550000000003
"1111","realistic",400,227,34460938,0.110000000000582,0.599999999998545,143.779999999999
"1111","realistic",400,228,34460939,0.120000000002619,0.580000000001746,148.869999999995
"1111","realistic",400,229,34460940,0.0799999999944703,0.639999999999418,152.75
"1111","realistic",400,230,34460941,0.139999999999418,0.760000000002037,155.770000000004
"1111","realistic",400,231,34460942,0.0900000000037835,0.55000000000291,172.32
"1111","realistic",400,232,34460943,0.0800000000017462,0.529999999998836,171.389999999999
"1111","realistic",400,233,34460944,0.0999999999985448,0.650000000001455,159.610000000001
"1111","realistic",400,234,34460945,0.110000000000582,0.630000000004657,164.07
"1111","realistic",400,235,34460946,0.0999999999985448,0.559999999997672,140.720000000001
"1111","realistic",400,236,34460947,0.110000000000582,0.580000000001746,140.360000000001
"1111","realistic",400,237,34460948,0.110000000000582,0.590000000003783,169.139999999999
"1111","realistic",400,238,34460949,0.129999999997381,0.720000000001164,157.290000000001
"1111","realistic",400,239,34460950,0.129999999997381,0.669999999998254,145.650000000001
"1111","realistic",400,240,34460951,0.120000000002619,0.689999999995052,163.590000000004
"1111","realistic",400,241,34460952,0.0599999999976717,0.590000000003783,148.269999999997
"1111","realistic",400,242,34460953,0.120000000002619,0.610000000000582,151.040000000001
"1111","realistic",400,243,34460954,0.0900000000037835,0.700000000004366,150.800000000003
"1111","realistic",400,244,34460955,0.0999999999985448,0.560000000004948,148.169999999998
"1111","realistic",400,245,34460956,0.129999999997381,0.519999999996799,156.040000000001
"1111","realistic",400,246,34460957,0.110000000000582,0.569999999999709,153.650000000001
"1111","realistic",400,247,34460958,0.0899999999965075,0.650000000001455,155.670000000006
"1111","realistic",400,248,34460959,0.0999999999985448,0.640000000006694,148.079999999994
"1111","realistic",400,249,34460960,0.109999999993306,0.660000000003492,140.32
"1111","realistic",400,250,34460961,0.120000000002619,0.75,165
"1111","realistic",400,251,34460962,0.129999999997381,0.540000000000873,155.279999999999
"1111","realistic",400,252,34460963,0.0999999999985448,0.590000000003783,160.190000000002
"1111","realistic",400,253,34460964,0.129999999997381,0.55000000000291,144.379999999997
"1111","realistic",400,254,34460965,0.0999999999985448,0.659999999996217,152.400000000001
"1111","realistic",400,255,34460966,0.0800000000017462,0.690000000002328,147.950000000004
"1111","realistic",400,256,34460967,0.129999999997381,0.75,157.949999999997
"1111","realistic",400,257,34460968,0.110000000000582,0.510000000002037,145.950000000004
"1111","realistic",400,258,34460969,0.0999999999985448,0.669999999998254,177.779999999999
"1111","realistic",400,259,34460970,0.139999999999418,0.860000000000582,215.530000000006
"1111","realistic",400,260,34460971,0.120000000002619,0.769999999996799,200.480000000003
"1111","realistic",400,261,34460972,0.129999999997381,1.06999999999971,193.75
"1111","realistic",400,262,34460973,0.0899999999965075,0.760000000002037,201.120000000003
"1111","realistic",400,263,34460974,0.180000000000291,0.659999999996217,176.639999999999
"1111","realistic",400,264,34460975,0.139999999999418,0.80000000000291,180.770000000004
"1111","realistic",400,265,34460976,0.139999999999418,0.790000000000873,209.970000000001
"1111","realistic",400,266,34460977,0.110000000000582,0.69999999999709,184.620000000003
"1111","realistic",400,267,34460978,0.0800000000017462,0.540000000000873,152.720000000001
"1111","realistic",400,268,34460979,0.129999999997381,0.669999999998254,171.760000000002
"1111","realistic",400,269,34460980,0.0800000000017462,0.639999999999418,144.730000000003
"1111","realistic",400,270,34460981,0.150000000001455,0.650000000001455,141.590000000004
"1111","realistic",400,271,34460982,0.120000000002619,0.590000000003783,151.019999999997
"1111","realistic",400,272,34460983,0.110000000000582,0.680000000000291,162.68
"1111","realistic",400,273,34460984,0.120000000002619,0.739999999997963,156.939999999995
"1111","realistic",400,274,34460985,0.110000000000582,0.580000000001746,153.839999999997
"1111","realistic",400,275,34460986,0.110000000000582,0.680000000000291,144.32
"1111","realistic",400,276,34460987,0.0799999999944703,0.609999999993306,169.030000000006
"1111","realistic",400,277,34460988,0.139999999999418,0.629999999997381,154.129999999997
"1111","realistic",400,278,34460989,0.110000000000582,0.690000000002328,147.889999999999
"1111","realistic",400,279,34460990,0.0799999999944703,0.55000000000291,156.580000000002
"1111","realistic",400,280,34460991,0.110000000000582,0.639999999999418,158.540000000001
"1111","realistic",400,281,34460992,0.0799999999944703,0.689999999995052,167.329999999994
"1111","realistic",400,282,34460993,0.0999999999985448,0.529999999998836,141.190000000002
"1111","realistic",400,283,34460994,0.0999999999985448,0.669999999998254,167.480000000003
"1111","realistic",400,284,34460995,0.110000000000582,0.599999999998545,157.209999999999
"1111","realistic",400,285,34460996,0.139999999999418,0.549999999995634,156.760000000002
"1111","realistic",400,286,34460997,0.139999999999418,0.610000000000582,149.32
"1111","realistic",400,287,34460998,0.110000000000582,0.569999999999709,154.139999999999
"1111","realistic",400,288,34460999,0.0900000000037835,0.669999999998254,153.629999999997
"1111","realistic",400,289,34461000,0.160000000003492,0.680000000000291,155.419999999998
"1111","realistic",400,290,34461001,0.0999999999985448,0.610000000000582,150.239999999998
"1111","realistic",400,291,34461002,0.0800000000017462,0.639999999999418,148.089999999997
"1111","realistic",400,292,34461003,0.110000000000582,0.639999999999418,164.019999999997
"1111","realistic",400,293,34461004,0.0900000000037835,0.540000000000873,152.220000000001
"1111","realistic",400,294,34461005,0.120000000002619,0.779999999998836,149.209999999999
"1111","realistic",400,295,34461006,0.110000000000582,0.620000000002619,146.190000000002
"1111","realistic",400,296,34461007,0.129999999997381,0.659999999996217,153.169999999998
"1111","realistic",400,297,34461008,0.110000000000582,0.689999999995052,148.110000000001
"1111","realistic",400,298,34461009,0.0999999999985448,0.589999999996508,151.07
"1111","realistic",400,299,34461010,0.110000000000582,0.760000000002037,146.599999999999
"1111","realistic",400,300,34461011,0.110000000000582,0.610000000000582,155.510000000002
"0111","realistic",400,1,44460712,0.110000000000582,0.239999999997963,151.68
"0111","realistic",400,2,44460713,0.109999999993306,0.269999999996799,158.559999999998
"0111","realistic",400,3,44460714,0.120000000002619,0.220000000001164,146.560000000005
"0111","realistic",400,4,44460715,0.0800000000017462,0.229999999995925,150.409999999996
"0111","realistic",400,5,44460716,0.0899999999965075,0.290000000000873,152.910000000003
"0111","realistic",400,6,44460717,0.0799999999944703,0.190000000002328,156.629999999997
"0111","realistic",400,7,44460718,0.0899999999965075,0.219999999993888,149.300000000003
"0111","realistic",400,8,44460719,0.0900000000037835,0.25,173.730000000003
"0111","realistic",400,9,44460720,0.110000000000582,0.220000000001164,148.720000000001
"0111","realistic",400,10,44460721,0.139999999999418,0.190000000002328,151.339999999997
"0111","realistic",400,11,44460722,0.110000000000582,0.270000000004075,151.5
"0111","realistic",400,12,44460723,0.0999999999985448,0.25,147.610000000001
"0111","realistic",400,13,44460724,0.120000000002619,0.269999999996799,152.830000000002
"0111","realistic",400,14,44460725,0.110000000000582,0.220000000001164,141.329999999994
"0111","realistic",400,15,44460726,0.0999999999985448,0.230000000003201,150.450000000004
"0111","realistic",400,16,44460727,0.0900000000037835,0.230000000003201,152.519999999997
"0111","realistic",400,17,44460728,0.0800000000017462,0.220000000001164,146.079999999994
"0111","realistic",400,18,44460729,0.139999999999418,0.19999999999709,171.390000000007
"0111","realistic",400,19,44460730,0.129999999997381,0.190000000002328,162.020000000004
"0111","realistic",400,20,44460731,0.0999999999985448,0.239999999997963,141.099999999999
"0111","realistic",400,21,44460732,0.110000000000582,0.330000000001746,158.169999999998
"0111","realistic",400,22,44460733,0.150000000001455,0.180000000000291,160.769999999997
"0111","realistic",400,23,44460734,0.110000000000582,0.239999999997963,156.75
"0111","realistic",400,24,44460735,0.0999999999985448,0.230000000003201,152.349999999999
"0111","realistic",400,25,44460736,0.129999999997381,0.239999999997963,166.43
"0111","realistic",400,26,44460737,0.139999999999418,0.190000000002328,149.580000000002
"0111","realistic",400,27,44460738,0.120000000002619,0.239999999997963,150.260000000002
"0111","realistic",400,28,44460739,0.0999999999985448,0.180000000000291,153.549999999996
"0111","realistic",400,29,44460740,0.110000000000582,0.239999999997963,149.089999999997
"0111","realistic",400,30,44460741,0.0900000000037835,0.200000000004366,177.209999999999
"0111","realistic",400,31,44460742,0.110000000000582,0.239999999997963,149.739999999998
"0111","realistic",400,32,44460743,0.110000000000582,0.260000000002037,146.879999999997
"0111","realistic",400,33,44460744,0.150000000001455,0.279999999998836,157.919999999998
"0111","realistic",400,34,44460745,0.129999999997381,0.25,148.689999999995
"0111","realistic",400,35,44460746,0.120000000002619,0.190000000002328,144.169999999998
"0111","realistic",400,36,44460747,0.129999999997381,0.200000000004366,152.699999999997
"0111","realistic",400,37,44460748,0.0600000000049477,0.260000000002037,156.529999999999
"0111","realistic",400,38,44460749,0.110000000000582,0.290000000000873,152.580000000002
"0111","realistic",400,39,44460750,0.110000000000582,0.180000000000291,158.25
"0111","realistic",400,40,44460751,0.0900000000037835,0.25,152.170000000006
"0111","realistic",400,41,44460752,0.0999999999985448,0.30000000000291,153.080000000002
"0111","realistic",400,42,44460753,0.129999999997381,0.25,142.5
"0111","realistic",400,43,44460754,0.0599999999976717,0.290000000000873,135.059999999998
"0111","realistic",400,44,44460755,0.0800000000017462,0.189999999995052,160.529999999999
"0111","realistic",400,45,44460756,0.0900000000037835,0.25,145.030000000006
"0111","realistic",400,46,44460757,0.139999999999418,0.25,140.150000000001
"0111","realistic",400,47,44460758,0.110000000000582,0.200000000004366,178.050000000003
"0111","realistic",400,48,44460759,0.129999999997381,0.220000000001164,144.800000000003
"0111","realistic",400,49,44460760,0.0999999999985448,0.270000000004075,151.439999999995
"0111","realistic",400,50,44460761,0.110000000000582,0.239999999997963,152.329999999994
"0111","realistic",400,51,44460762,0.120000000002619,0.279999999998836,148.829999999994
"0111","realistic",400,52,44460763,0.0999999999985448,0.169999999998254,143.610000000001
"0111","realistic",400,53,44460764,0.110000000000582,0.25,143.529999999999
"0111","realistic",400,54,44460765,0.069999999999709,0.25,151.080000000002
"0111","realistic",400,55,44460766,0.0799999999944703,0.169999999998254,146.440000000002
"0111","realistic",400,56,44460767,0.139999999999418,0.279999999998836,151.090000000004
"0111","realistic",400,57,44460768,0.110000000000582,0.279999999998836,168.829999999994
"0111","realistic",400,58,44460769,0.110000000000582,0.230000000003201,162.32
"0111","realistic",400,59,44460770,0.110000000000582,0.220000000001164,158.459999999999
"0111","realistic",400,60,44460771,0.0900000000037835,0.209999999999127,154.580000000002
"0111","realistic",400,61,44460772,0.110000000000582,0.319999999999709,149.959999999999
"0111","realistic",400,62,44460773,0.109999999993306,0.279999999998836,178.18
"0111","realistic",400,63,44460774,0.0900000000037835,0.260000000002037,155.470000000001
"0111","realistic",400,64,44460775,0.120000000002619,0.260000000002037,147.560000000005
"0111","realistic",400,65,44460776,0.110000000000582,0.310000000004948,171.629999999997
"0111","realistic",400,66,44460777,0.139999999999418,0.180000000000291,157.959999999999
"0111","realistic",400,67,44460778,0.120000000002619,0.230000000003201,149.190000000002
"0111","realistic",400,68,44460779,0.110000000000582,0.169999999998254,162.110000000001
"0111","realistic",400,69,44460780,0.0999999999985448,0.209999999999127,161.479999999996
"0111","realistic",400,70,44460781,0.110000000000582,0.139999999999418,140.769999999997
"0111","realistic",400,71,44460782,0.120000000002619,0.19999999999709,154.410000000003
"0111","realistic",400,72,44460783,0.069999999999709,0.190000000002328,160.209999999999
"0111","realistic",400,73,44460784,0.120000000002619,0.230000000003201,156.040000000001
"0111","realistic",400,74,44460785,0.129999999997381,0.239999999997963,151.029999999999
"0111","realistic",400,75,44460786,0.110000000000582,0.290000000000873,153.190000000002
"0111","realistic",400,76,44460787,0.0900000000037835,0.209999999999127,143.870000000003
"0111","realistic",400,77,44460788,0.0800000000017462,0.220000000001164,148.519999999997
"0111","realistic",400,78,44460789,0.129999999997381,0.19999999999709,155.040000000001
"0111","realistic",400,79,44460790,0.119999999995343,0.309999999997672,147.25
"0111","realistic",400,80,44460791,0.0800000000017462,0.219999999993888,163.219999999994
"0111","realistic",400,81,44460792,0.0999999999985448,0.260000000002037,157.909999999996
"0111","realistic",400,82,44460793,0.129999999997381,0.209999999999127,146.840000000004
"0111","realistic",400,83,44460794,0.0800000000017462,0.17000000000553,151.200000000004
"0111","realistic",400,84,44460795,0.129999999997381,0.25,152.169999999998
"0111","realistic",400,85,44460796,0.0800000000017462,0.25,152.629999999997
"0111","realistic",400,86,44460797,0.110000000000582,0.180000000000291,140.659999999996
"0111","realistic",400,87,44460798,0.160000000003492,0.19999999999709,153.239999999998
"0111","realistic",400,88,44460799,0.0899999999965075,0.25,149.68
"0111","realistic",400,89,44460800,0.110000000000582,0.290000000000873,153.860000000001
"0111","realistic",400,90,44460801,0.0999999999985448,0.269999999996799,133.150000000001
"0111","realistic",400,91,44460802,0.129999999997381,0.209999999999127,152.629999999997
"0111","realistic",400,92,44460803,0.110000000000582,0.220000000001164,158.799999999996
"0111","realistic",400,93,44460804,0.120000000002619,0.220000000001164,166.029999999999
"0111","realistic",400,94,44460805,0.120000000002619,0.220000000001164,148.520000000004
"0111","realistic",400,95,44460806,0.119999999995343,0.200000000004366,167.959999999999
"0111","realistic",400,96,44460807,0.150000000001455,0.25,152.329999999994
"0111","realistic",400,97,44460808,0.0999999999985448,0.239999999997963,147.519999999997
"0111","realistic",400,98,44460809,0.110000000000582,0.190000000002328,163.330000000002
"0111","realistic",400,99,44460810,0.0800000000017462,0.230000000003201,156.139999999999
"0111","realistic",400,100,44460811,0.129999999997381,0.209999999999127,151.719999999994
"0111","realistic",400,101,44460812,0.110000000000582,0.150000000001455,151.639999999999
"0111","realistic",400,102,44460813,0.110000000000582,0.25,150.019999999997
"0111","realistic",400,103,44460814,0.129999999997381,0.19999999999709,163.760000000002
"0111","realistic",400,104,44460815,0.129999999997381,0.239999999997963,175.18
"0111","realistic",400,105,44460816,0.110000000000582,0.200000000004366,161.25
"0111","realistic",400,106,44460817,0.109999999993306,0.209999999999127,157.260000000002
"0111","realistic",400,107,44460818,0.110000000000582,0.25,138.110000000001
"0111","realistic",400,108,44460819,0.0499999999956344,0.17000000000553,149.029999999999
"0111","realistic",400,109,44460820,0.110000000000582,0.220000000001164,155.279999999999
"0111","realistic",400,110,44460821,0.0899999999965075,0.200000000004366,155.889999999999
"0111","realistic",400,111,44460822,0.110000000000582,0.190000000002328,161.489999999998
"0111","realistic",400,112,44460823,0.129999999997381,0.220000000001164,146.690000000002
"0111","realistic",400,113,44460824,0.110000000000582,0.220000000001164,142.229999999996
"0111","realistic",400,114,44460825,0.120000000002619,0.229999999995925,155.839999999997
"0111","realistic",400,115,44460826,0.120000000002619,0.220000000001164,155.629999999997
"0111","realistic",400,116,44460827,0.120000000002619,0.189999999995052,155.409999999996
"0111","realistic",400,117,44460828,0.0599999999976717,0.230000000003201,141.25
"0111","realistic",400,118,44460829,0.0800000000017462,0.190000000002328,126.5
"0111","realistic",400,119,44460830,0.110000000000582,0.200000000004366,121.389999999999
"0111","realistic",400,120,44460831,0.069999999999709,0.19999999999709,122.389999999999
"0111","realistic",400,121,44460832,0.129999999997381,0.180000000000291,124.580000000002
"0111","realistic",400,122,44460833,0.0899999999965075,0.209999999999127,122.239999999998
"0111","realistic",400,123,44460834,0.0800000000017462,0.150000000001455,123.5
"0111","realistic",400,124,44460835,0.110000000000582,0.169999999998254,123.340000000004
"0111","realistic",400,125,44460836,0.0800000000017462,0.200000000011642,115.749999999993
"0111","realistic",400,126,44460837,0.110000000000582,0.190000000002328,123.419999999998
"0111","realistic",400,127,44460838,0.0900000000110595,0.209999999991851,132.62999999999
"0111","realistic",400,128,44460839,0.0700000000069849,0.190000000002328,122.410000000003
"0111","realistic",400,129,44460840,0.110000000000582,0.179999999993015,128.069999999992
"0111","realistic",400,130,44460841,0.0700000000069849,0.190000000002328,123.939999999988
"0111","realistic",400,131,44460842,0.0800000000017462,0.190000000002328,116.429999999993
"0111","realistic",400,132,44460843,0.100000000005821,0.190000000002328,121.410000000003
"0111","realistic",400,133,44460844,0.110000000000582,0.19999999999709,119.940000000002
"0111","realistic",400,134,44460845,0.0700000000069849,0.189999999987776,122.75
"0111","realistic",400,135,44460846,0.0899999999965075,0.220000000001164,141.160000000003
"0111","realistic",400,136,44460847,0.0899999999965075,0.190000000002328,119.810000000012
"0111","realistic",400,137,44460848,0.0700000000069849,0.209999999991851,134.010000000009
"0111","realistic",400,138,44460849,0.0999999999912689,0.19999999999709,122.009999999995
"0111","realistic",400,139,44460850,0.0800000000017462,0.180000000007567,120.940000000002
"0111","realistic",400,140,44460851,0.0800000000017462,0.189999999987776,116.900000000009
"0111","realistic",400,141,44460852,0.0800000000017462,0.179999999993015,135.200000000012
"0111","realistic",400,142,44460853,0.0799999999871943,0.169999999998254,121.779999999999
"0111","realistic",400,143,44460854,0.0999999999912689,0.19999999999709,105.080000000002
"0111","realistic",400,144,44460855,0.100000000005821,0.179999999993015,119.520000000004
"0111","realistic",400,145,44460856,0.0800000000017462,0.170000000012806,116.419999999998
"0111","realistic",400,146,44460857,0.0800000000017462,0.169999999998254,109.520000000004
"0111","realistic",400,147,44460858,0.0799999999871943,0.169999999998254,107.130000000005
"0111","realistic",400,148,44460859,0.0800000000017462,0.179999999993015,112.729999999996
"0111","realistic",400,149,44460860,0.0800000000017462,0.170000000012806,112.889999999999
"0111","realistic",400,150,44460861,0.0799999999871943,0.170000000012806,127.169999999998
"0111","realistic",400,151,44460862,0.0799999999871943,0.160000000003492,106.199999999997
"0111","realistic",400,152,44460863,0.0900000000110595,0.160000000003492,110.639999999999
"0111","realistic",400,153,44460864,0.14,1.17000000000002,137.7
"0111","realistic",400,154,44460865,0.0999999999999943,0.29000000000002,150.69
"0111","realistic",400,155,44460866,0.110000000000014,0.160000000000025,148.4
"0111","realistic",400,156,44460867,0.120000000000005,0.200000000000045,159.88
"0111","realistic",400,157,44460868,0.110000000000014,0.25,152.25
"0111","realistic",400,158,44460869,0.07000000000005,0.169999999999959,156.58
"0111","realistic",400,159,44460870,0.0799999999999272,0.25,145.34
"0111","realistic",400,160,44460871,0.1400000000001,0.269999999999982,148.83
"0111","realistic",400,161,44460872,0.0900000000001455,0.279999999999973,155.08
"0111","realistic",400,162,44460873,0.0899999999999181,0.220000000000027,160.94
"0111","realistic",400,163,44460874,0.149999999999864,0.259999999999991,148.75
"0111","realistic",400,164,44460875,0.130000000000109,0.220000000000027,149.45
"0111","realistic",400,165,44460876,0.0899999999999181,0.220000000000027,147.21
"0111","realistic",400,166,44460877,0.119999999999891,0.220000000000255,167.54
"0111","realistic",400,167,44460878,0.0700000000001637,0.180000000000291,145.36
"0111","realistic",400,168,44460879,0.109999999999673,0.230000000000018,147.47
"0111","realistic",400,169,44460880,0.129999999999654,0.199999999999818,148.73
"0111","realistic",400,170,44460881,0.110000000000127,0.169999999999618,135.01
"0111","realistic",400,171,44460882,0.119999999999891,0.269999999999982,161.3
"0111","realistic",400,172,44460883,0.0799999999999272,0.25,139.01
"0111","realistic",400,173,44460884,0.120000000000346,0.269999999999982,144.91
"0111","realistic",400,174,44460885,0.139999999999873,0.239999999999782,141.11
"0111","realistic",400,175,44460886,0.0599999999999454,0.210000000000036,151.79
"0111","realistic",400,176,44460887,0.119999999999891,0.269999999999982,146.24
"0111","realistic",400,177,44460888,0.0799999999999272,0.240000000000236,148.03
"0111","realistic",400,178,44460889,0.120000000000346,0.180000000000291,148.87
"0111","realistic",400,179,44460890,0.0700000000001637,0.190000000000055,166.86
"0111","realistic",400,180,44460891,0.0900000000001455,0.210000000000036,142.35
"0111","realistic",400,181,44460892,0.100000000000364,0.329999999999927,142.5
"0111","realistic",400,182,44460893,0.100000000000364,0.300000000000182,143.27
"0111","realistic",400,183,44460894,0.140000000000327,0.239999999999782,151.830000000001
"0111","realistic",400,184,44460895,0.119999999999891,0.260000000000218,144.47
"0111","realistic",400,185,44460896,0.119999999999891,0.220000000000255,143.64
"0111","realistic",400,186,44460897,0.119999999999891,0.199999999999818,144.83
"0111","realistic",400,187,44460898,0.140000000000327,0.210000000000036,153.400000000001
"0111","realistic",400,188,44460899,0.159999999999854,0.329999999999927,155.78
"0111","realistic",400,189,44460900,0.159999999999854,0.190000000000509,145.55
"0111","realistic",400,190,44460901,0.0600000000004002,0.230000000000473,152.7
"0111","realistic",400,191,44460902,0.109999999999673,0.199999999999818,144.799999999999
"0111","realistic",400,192,44460903,0.0999999999994543,0.239999999999782,146.66
"0111","realistic",400,193,44460904,0.139999999999418,0.210000000000036,144.96
"0111","realistic",400,194,44460905,0.0900000000001455,0.229999999999563,151.91
"0111","realistic",400,195,44460906,0.140000000000327,0.230000000000473,143.25
"0111","realistic",400,196,44460907,0.0900000000001455,0.279999999999745,145.51
"0111","realistic",400,197,44460908,0.100000000000364,0.219999999999345,145.17
"0111","realistic",400,198,44460909,0.0799999999999272,0.239999999999782,139.88
"0111","realistic",400,199,44460910,0.109999999999673,0.25,142.23
"0111","realistic",400,200,44460911,0.109999999999673,0.170000000000073,144.52
"0111","realistic",400,201,44460912,0.0900000000001455,0.219999999999345,162.3
"0111","realistic",400,202,44460913,0.0799999999999272,0.220000000000255,143.650000000001
"0111","realistic",400,203,44460914,0.110000000000582,0.269999999999527,151.3
"0111","realistic",400,204,44460915,0.100000000000364,0.190000000000509,147.099999999999
"0111","realistic",400,205,44460916,0.119999999999891,0.25,140.43
"0111","realistic",400,206,44460917,0.109999999999673,0.25,148.07
"0111","realistic",400,207,44460918,0.089999999999236,0.229999999999563,144.11
"0111","realistic",400,208,44460919,0.139999999999418,0.210000000000946,151.440000000001
"0111","realistic",400,209,44460920,0.0900000000001455,0.25,140.690000000001
"0111","realistic",400,210,44460921,0.0900000000001455,0.269999999998618,146.559999999999
"0111","realistic",400,211,44460922,0.0499999999992724,0.170000000000073,153.879999999999
"0111","realistic",400,212,44460923,0.069999999999709,0.229999999999563,176.040000000001
"0111","realistic",400,213,44460924,0.159999999999854,0.220000000001164,187.09
"0111","realistic",400,214,44460925,0.110000000000582,0.269999999998618,152.730000000001
"0111","realistic",400,215,44460926,0.1200000000008,0.210000000000946,145.82
"0111","realistic",400,216,44460927,0.139999999999418,0.210000000000946,155.559999999999
"0111","realistic",400,217,44460928,0.0999999999985448,0.210000000000946,150.219999999999
"0111","realistic",400,218,44460929,0.0900000000001455,0.260000000000218,152.67
"0111","realistic",400,219,44460930,0.110000000000582,0.149999999999636,149.15
"0111","realistic",400,220,44460931,0.119999999998981,0.180000000000291,155.870000000001
"0111","realistic",400,221,44460932,0.109999999998763,0.200000000000728,149
"0111","realistic",400,222,44460933,0.1299999999992,0.280000000000655,145.48
"0111","realistic",400,223,44460934,0.100000000000364,0.239999999999782,145.939999999999
"0111","realistic",400,224,44460935,0.0799999999999272,0.240000000001601,146.289999999999
"0111","realistic",400,225,44460936,0.110000000000582,0.179999999998472,145.060000000001
"0111","realistic",400,226,44460937,0.139999999999418,0.220000000001164,147.140000000001
"0111","realistic",400,227,44460938,0.100000000000364,0.229999999999563,149.559999999999
"0111","realistic",400,228,44460939,0.0900000000001455,0.190000000000509,145.57
"0111","realistic",400,229,44460940,0.0900000000001455,0.200000000000728,164.559999999999
"0111","realistic",400,230,44460941,0.0900000000001455,0.200000000000728,158.690000000001
"0111","realistic",400,231,44460942,0.170000000000073,0.220000000001164,144.360000000001
"0111","realistic",400,232,44460943,0.109999999998763,0.309999999999491,149.460000000001
"0111","realistic",400,233,44460944,0.0800000000017462,0.170000000000073,151.450000000001
"0111","realistic",400,234,44460945,0.0900000000001455,0.180000000000291,146.049999999999
"0111","realistic",400,235,44460946,0.149999999999636,0.269999999998618,144.02
"0111","realistic",400,236,44460947,0.130000000001019,0.219999999999345,154.119999999999
"0111","realistic",400,237,44460948,0.1200000000008,0.270000000000437,146.130000000001
"0111","realistic",400,238,44460949,0.110000000000582,0.230000000001382,152.529999999999
"0111","realistic",400,239,44460950,0.0999999999985448,0.170000000000073,151.34
"0111","realistic",400,240,44460951,0.0900000000001455,0.270000000000437,147.949999999999
"0111","realistic",400,241,44460952,0.100000000000364,0.25,145.030000000001
"0111","realistic",400,242,44460953,0.139999999999418,0.219999999999345,155.99
"0111","realistic",400,243,44460954,0.140000000001237,0.260000000000218,150.42
"0111","realistic",400,244,44460955,0.0900000000001455,0.200000000000728,179.070000000002
"0111","realistic",400,245,44460956,0.109999999998763,0.220000000001164,162.450000000001
"0111","realistic",400,246,44460957,0.139999999999418,0.239999999999782,150.25
"0111","realistic",400,247,44460958,0.0900000000001455,0.180000000000291,154.77
"0111","realistic",400,248,44460959,0.069999999999709,0.190000000000509,151.15
"0111","realistic",400,249,44460960,0.110000000000582,0.199999999998909,152.950000000001
"0111","realistic",400,250,44460961,0.0899999999983265,0.229999999999563,140.91
"0111","realistic",400,251,44460962,0.109999999998763,0.149999999999636,151.93
"0111","realistic",400,252,44460963,0.1299999999992,0.25,169.25
"0111","realistic",400,253,44460964,0.0900000000001455,0.200000000000728,159.859999999999
"0111","realistic",400,254,44460965,0.139999999999418,0.329999999999927,156.58
"0111","realistic",400,255,44460966,0.1200000000008,0.260000000000218,155.230000000001
"0111","realistic",400,256,44460967,0.100000000000364,0.240000000001601,157.07
"0111","realistic",400,257,44460968,0.0800000000017462,0.270000000000437,157.440000000001
"0111","realistic",400,258,44460969,0.140000000001237,0.180000000000291,163.52
"0111","realistic",400,259,44460970,0.0900000000001455,0.25,150
"0111","realistic",400,260,44460971,0.1200000000008,0.299999999999272,149.07
"0111","realistic",400,261,44460972,0.110000000000582,0.25,151.450000000001
"0111","realistic",400,262,44460973,0.069999999999709,0.19999999999709,149.759999999998
"0111","realistic",400,263,44460974,0.0999999999985448,0.219999999997526,145.599999999999
"0111","realistic",400,264,44460975,0.110000000000582,0.210000000002765,157.219999999998
"0111","realistic",400,265,44460976,0.109999999996944,0.259999999998399,150.25
"0111","realistic",400,266,44460977,0.0900000000001455,0.259999999998399,160.84
"0111","realistic",400,267,44460978,0.139999999999418,0.190000000002328,156.939999999999
"0111","realistic",400,268,44460979,0.130000000001019,0.220000000001164,151.650000000001
"0111","realistic",400,269,44460980,0.0800000000017462,0.279999999998836,164.98
"0111","realistic",400,270,44460981,0.0800000000017462,0.25,148.810000000001
"0111","realistic",400,271,44460982,0.150000000001455,0.139999999999418,146.610000000001
"0111","realistic",400,272,44460983,0.0800000000017462,0.280000000002474,144.639999999999
"0111","realistic",400,273,44460984,0.129999999997381,0.220000000001164,164.200000000001
"0111","realistic",400,274,44460985,0.0799999999981083,0.299999999999272,158.370000000003
"0111","realistic",400,275,44460986,0.0800000000017462,0.25,157.639999999999
"0111","realistic",400,276,44460987,0.0900000000001455,0.25,156.5
"0111","realistic",400,277,44460988,0.159999999999854,0.240000000001601,146.849999999999
"0111","realistic",400,278,44460989,0.150000000001455,0.229999999999563,160.16
"0111","realistic",400,279,44460990,0.0800000000017462,0.25,149.5
"0111","realistic",400,280,44460991,0.0799999999981083,0.200000000000728,158.73
"0111","realistic",400,281,44460992,0.0999999999985448,0.279999999998836,141.880000000001
"0111","realistic",400,282,44460993,0.159999999999854,0.350000000002183,173.970000000001
"0111","realistic",400,283,44460994,0.130000000001019,0.139999999999418,156.580000000002
"0111","realistic",400,284,44460995,0.130000000001019,0.210000000002765,159.639999999999
"0111","realistic",400,285,44460996,0.0999999999985448,0.209999999999127,148.889999999999
"0111","realistic",400,286,44460997,0.0900000000001455,0.270000000000437,151.799999999999
"0111","realistic",400,287,44460998,0.139999999999418,0.219999999997526,147.310000000001
"0111","realistic",400,288,44460999,0.129999999997381,0.340000000000146,160.920000000002
"0111","realistic",400,289,44461000,0.119999999998981,0.290000000000873,187.700000000001
"0111","realistic",400,290,44461001,0.130000000001019,0.279999999998836,157.41
"0111","realistic",400,291,44461002,0.0999999999985448,0.280000000002474,144.810000000001
"0111","realistic",400,292,44461003,0.0999999999985448,0.220000000001164,145.91
"0111","realistic",400,293,44461004,0.0800000000017462,0.25,162.18
"0111","realistic",400,294,44461005,0.069999999999709,0.299999999999272,157.669999999998
"0111","realistic",400,295,44461006,0.0800000000017462,0.25,144.68
"0111","realistic",400,296,44461007,0.119999999998981,0.220000000001164,160.84
"0111","realistic",400,297,44461008,0.0999999999985448,0.280000000002474,157.690000000002
"0111","realistic",400,298,44461009,0.119999999998981,0.25,160.23
"0111","realistic",400,299,44461010,0.130000000001019,0.31000000000131,158.080000000002
"0111","realistic",400,300,44461011,0.130000000001019,0.18999999999869,154.399999999998
"1011","realistic",400,1,54460712,0.0999999999985448,0.459999999999127,155.400000000001
"1011","realistic",400,2,54460713,0.0799999999981083,0.56000000000131,146.77
"1011","realistic",400,3,54460714,0.0900000000001455,0.459999999999127,145.640000000003
"1011","realistic",400,4,54460715,0.0999999999985448,0.389999999999418,139.860000000001
"1011","realistic",400,5,54460716,0.0800000000017462,0.389999999999418,159.139999999999
"1011","realistic",400,6,54460717,0.0900000000001455,0.380000000001019,155.380000000001
"1011","realistic",400,7,54460718,0.110000000000582,0.400000000001455,144.110000000001
"1011","realistic",400,8,54460719,0.139999999999418,0.31000000000131,147.560000000001
"1011","realistic",400,9,54460720,0.150000000001455,0.340000000000146,152.579999999998
"1011","realistic",400,10,54460721,0.0800000000017462,0.340000000000146,144.93
"1011","realistic",400,11,54460722,0.129999999997381,0.360000000000582,141.57
"1011","realistic",400,12,54460723,0.119999999998981,0.480000000003201,162.560000000001
"1011","realistic",400,13,54460724,0.110000000000582,0.419999999998254,149.209999999999
"1011","realistic",400,14,54460725,0.0799999999981083,0.329999999998108,147.970000000001
"1011","realistic",400,15,54460726,0.110000000000582,0.470000000001164,157.669999999998
"1011","realistic",400,16,54460727,0.110000000000582,0.369999999998981,146.609999999997
"1011","realistic",400,17,54460728,0.110000000000582,0.350000000002183,151.41
"1011","realistic",400,18,54460729,0.150000000001455,0.440000000002328,148
"1011","realistic",400,19,54460730,0.130000000001019,0.56000000000131,137.469999999998
"1011","realistic",400,20,54460731,0.119999999998981,0.419999999998254,156.829999999998
"1011","realistic",400,21,54460732,0.0900000000001455,0.360000000000582,155.060000000001
"1011","realistic",400,22,54460733,0.0999999999985448,0.420000000001892,146.5
"1011","realistic",400,23,54460734,0.139999999999418,0.549999999999272,146.519999999997
"1011","realistic",400,24,54460735,0.0999999999985448,0.379999999997381,147.829999999998
"1011","realistic",400,25,54460736,0.0800000000017462,0.389999999999418,151.010000000002
"1011","realistic",400,26,54460737,0.0900000000001455,0.370000000002619,153.439999999999
"1011","realistic",400,27,54460738,0.110000000000582,0.459999999999127,146.98
"1011","realistic",400,28,54460739,0.120000000002619,0.299999999999272,152.25
"1011","realistic",400,29,54460740,0.0900000000001455,0.430000000000291,148.959999999999
"1011","realistic",400,30,54460741,0.0900000000001455,0.360000000000582,150.77
"1011","realistic",400,31,54460742,0.0900000000001455,0.360000000000582,145.110000000001
"1011","realistic",400,32,54460743,0.0400000000008731,0.43999999999869,147.93
"1011","realistic",400,33,54460744,0.119999999998981,0.379999999997381,148.550000000003
"1011","realistic",400,34,54460745,0.109999999996944,0.400000000001455,147.630000000001
"1011","realistic",400,35,54460746,0.0900000000001455,0.369999999998981,145.630000000001
"1011","realistic",400,36,54460747,0.0999999999985448,0.419999999998254,151.720000000001
"1011","realistic",400,37,54460748,0.119999999998981,0.450000000000728,143.809999999998
"1011","realistic",400,38,54460749,0.130000000001019,0.409999999999854,144.25
"1011","realistic",400,39,54460750,0.0800000000017462,0.409999999999854,145.970000000001
"1011","realistic",400,40,54460751,0.120000000002619,0.43999999999869,161.950000000001
"1011","realistic",400,41,54460752,0.0900000000001455,0.380000000001019,149.390000000003
"1011","realistic",400,42,54460753,0.0400000000008731,0.43999999999869,151.200000000001
"1011","realistic",400,43,54460754,0.149999999997817,0.420000000001892,149.400000000001
"1011","realistic",400,44,54460755,0.069999999999709,0.319999999999709,146.169999999998
"1011","realistic",400,45,54460756,0.0900000000001455,0.409999999999854,143.98
"1011","realistic",400,46,54460757,0.0900000000001455,0.389999999999418,149.16
"1011","realistic",400,47,54460758,0.0799999999981083,0.359999999996944,172.959999999999
"1011","realistic",400,48,54460759,0.0999999999985448,0.380000000001019,146.549999999999
"1011","realistic",400,49,54460760,0.110000000000582,0.369999999998981,161.959999999999
"1011","realistic",400,50,54460761,0.149999999997817,0.319999999999709,148.580000000002
"1011","realistic",400,51,54460762,0.130000000001019,0.360000000000582,136.889999999999
"1011","realistic",400,52,54460763,0.110000000000582,0.409999999999854,146.640000000003
"1011","realistic",400,53,54460764,0.0900000000001455,0.459999999999127,167.470000000001
"1011","realistic",400,54,54460765,0.129999999997381,0.330000000001746,149.469999999998
"1011","realistic",400,55,54460766,0.110000000000582,0.430000000000291,152.41
"1011","realistic",400,56,54460767,0.0800000000017462,0.440000000002328,149.619999999999
"1011","realistic",400,57,54460768,0.0800000000017462,0.440000000002328,141.110000000001
"1011","realistic",400,58,54460769,0.139999999999418,0.469999999997526,139.400000000001
"1011","realistic",400,59,54460770,0.069999999999709,0.430000000000291,142.84
"1011","realistic",400,60,54460771,0.0900000000001455,0.340000000000146,144.130000000001
"1011","realistic",400,61,54460772,0.0999999999985448,0.419999999998254,142.690000000002
"1011","realistic",400,62,54460773,0.0799999999981083,0.460000000002765,155.809999999998
"1011","realistic",400,63,54460774,0.109999999996944,0.470000000001164,146.030000000002
"1011","realistic",400,64,54460775,0.0999999999985448,0.309999999997672,150.080000000002
"1011","realistic",400,65,54460776,0.0800000000017462,0.459999999999127,160.029999999999
"1011","realistic",400,66,54460777,0.0599999999976717,0.389999999999418,147.09
"1011","realistic",400,67,54460778,0.130000000001019,0.349999999998545,147.799999999999
"1011","realistic",400,68,54460779,0.110000000000582,0.389999999999418,141.779999999999
"1011","realistic",400,69,54460780,0.120000000002619,0.450000000004366,146.379999999997
"1011","realistic",400,70,54460781,0.0799999999944703,0.419999999998254,150.110000000001
"1011","realistic",400,71,54460782,0.0799999999944703,0.44999999999709,150.800000000003
"1011","realistic",400,72,54460783,0.0999999999985448,0.319999999999709,151.520000000004
"1011","realistic",400,73,54460784,0.0899999999965075,0.430000000000291,154.640000000007
"1011","realistic",400,74,54460785,0.110000000000582,0.459999999999127,149.530000000006
"1011","realistic",400,75,54460786,0.139999999999418,0.360000000000582,147.610000000001
"1011","realistic",400,76,54460787,0.0800000000017462,0.480000000003201,149.139999999999
"1011","realistic",400,77,54460788,0.0900000000037835,0.380000000004657,161.5
"1011","realistic",400,78,54460789,0.159999999996217,0.419999999998254,149.470000000001
"1011","realistic",400,79,54460790,0.139999999999418,0.410000000003492,163.309999999998
"1011","realistic",400,80,54460791,0.110000000000582,0.5,159.599999999999
"1011","realistic",400,81,54460792,0.120000000002619,0.379999999997381,147.25
"1011","realistic",400,82,54460793,0.0900000000037835,0.290000000000873,139.060000000005
"1011","realistic",400,83,54460794,0.110000000000582,0.44999999999709,159.029999999999
"1011","realistic",400,84,54460795,0.110000000000582,0.529999999998836,142.610000000001
"1011","realistic",400,85,54460796,0.120000000002619,0.389999999999418,142.120000000003
"1011","realistic",400,86,54460797,0.120000000002619,0.480000000003201,145.32
"1011","realistic",400,87,54460798,0.0900000000037835,0.389999999999418,176.57
"1011","realistic",400,88,54460799,0.109999999993306,0.419999999998254,167.890000000007
"1011","realistic",400,89,54460800,0.120000000002619,0.430000000000291,142.940000000002
"1011","realistic",400,90,54460801,0.0800000000017462,0.510000000002037,140.139999999999
"1011","realistic",400,91,54460802,0.0999999999985448,0.419999999998254,146.300000000003
"1011","realistic",400,92,54460803,0.129999999997381,0.44999999999709,162.699999999997
"1011","realistic",400,93,54460804,0.110000000000582,0.409999999996217,143.209999999999
"1011","realistic",400,94,54460805,0.0800000000017462,0.339999999996508,151.099999999999
"1011","realistic",400,95,54460806,0.129999999997381,0.44999999999709,170.260000000002
"1011","realistic",400,96,54460807,0.110000000000582,0.480000000003201,149.769999999997
"1011","realistic",400,97,54460808,0.129999999997381,0.360000000000582,149.75
"1011","realistic",400,98,54460809,0.0899999999965075,0.470000000001164,147.020000000004
"1011","realistic",400,99,54460810,0.120000000002619,0.389999999999418,147.769999999997
"1011","realistic",400,100,54460811,0.0900000000037835,0.389999999999418,151.110000000001
"1011","realistic",400,101,54460812,0.110000000000582,0.419999999998254,195.25
"1011","realistic",400,102,54460813,0.0900000000037835,0.389999999999418,147.040000000001
"1011","realistic",400,103,54460814,0.110000000000582,0.390000000006694,145.279999999999
"1011","realistic",400,104,54460815,0.169999999998254,0.430000000000291,156.360000000001
"1011","realistic",400,105,54460816,0.120000000002619,0.42000000000553,156.860000000001
"1011","realistic",400,106,54460817,0.110000000000582,0.379999999997381,146.239999999998
"1011","realistic",400,107,54460818,0.110000000000582,0.459999999999127,151.760000000002
"1011","realistic",400,108,54460819,0.130000000004657,0.489999999997963,154.199999999997
"1011","realistic",400,109,54460820,0.129999999997381,0.370000000002619,146.360000000001
"1011","realistic",400,110,54460821,0.0999999999985448,0.44999999999709,162
"1011","realistic",400,111,54460822,0.119999999995343,0.44999999999709,159.580000000002
"1011","realistic",400,112,54460823,0.0600000000049477,0.489999999997963,175.300000000003
"1011","realistic",400,113,54460824,0.109999999993306,0.480000000003201,198.830000000002
"1011","realistic",400,114,54460825,0.169999999998254,0.400000000001455,183.25
"1011","realistic",400,115,54460826,0.189999999995052,0.400000000001455,200.380000000005
"1011","realistic",400,116,54460827,0.189999999995052,0.730000000003201,179.029999999999
"1011","realistic",400,117,54460828,0.159999999996217,0.5,173.520000000004
"1011","realistic",400,118,54460829,0.169999999998254,0.410000000003492,198.870000000003
"1011","realistic",400,119,54460830,0.169999999998254,0.370000000002619,191.470000000001
"1011","realistic",400,120,54460831,0.110000000000582,0.389999999999418,155.019999999997
"1011","realistic",400,121,54460832,0.110000000000582,0.369999999995343,148.160000000003
"1011","realistic",400,122,54460833,0.069999999999709,0.479999999995925,165.099999999999
"1011","realistic",400,123,54460834,0.0899999999965075,0.310000000004948,147.879999999997
"1011","realistic",400,124,54460835,0.0999999999985448,0.339999999996508,158.340000000004
"1011","realistic",400,125,54460836,0.120000000002619,0.42000000000553,153.440000000002
"1011","realistic",400,126,54460837,0.110000000000582,0.459999999999127,151.900000000001
"1011","realistic",400,127,54460838,0.110000000000582,0.400000000001455,145.860000000001
"1011","realistic",400,128,54460839,0.139999999999418,0.330000000001746,175.379999999997
"1011","realistic",400,129,54460840,0.139999999999418,0.419999999998254,151.279999999999
"1011","realistic",400,130,54460841,0.0999999999985448,0.470000000001164,149.190000000002
"1011","realistic",400,131,54460842,0.129999999997381,0.389999999999418,147.150000000001
"1011","realistic",400,132,54460843,0.0800000000017462,0.339999999996508,148.669999999998
"1011","realistic",400,133,54460844,0.0800000000017462,0.389999999999418,145.939999999995
"1011","realistic",400,134,54460845,0.0900000000037835,0.400000000001455,144.659999999996
"1011","realistic",400,135,54460846,0.0999999999985448,0.379999999997381,149.970000000001
"1011","realistic",400,136,54460847,0.129999999997381,0.360000000000582,149.579999999994
"1011","realistic",400,137,54460848,0.069999999999709,0.410000000003492,149.550000000003
"1011","realistic",400,138,54460849,0.109999999993306,0.430000000000291,141.520000000004
"1011","realistic",400,139,54460850,0.139999999999418,0.439999999995052,160.849999999999
"1011","realistic",400,140,54460851,0.0900000000037835,0.389999999999418,157.690000000002
"1011","realistic",400,141,54460852,0.120000000002619,0.44999999999709,140.690000000002
"1011","realistic",400,142,54460853,0.139999999999418,0.409999999996217,146.830000000002
"1011","realistic",400,143,54460854,0.129999999997381,0.360000000000582,147.18
"1011","realistic",400,144,54460855,0.129999999997381,0.459999999999127,148.040000000001
"1011","realistic",400,145,54460856,0.139999999999418,0.419999999998254,177.870000000003
"1011","realistic",400,146,54460857,0.110000000000582,0.389999999999418,132.209999999999
"1011","realistic",400,147,54460858,0.159999999996217,0.519999999996799,152.889999999999
"1011","realistic",400,148,54460859,0.129999999997381,0.419999999998254,168.5
"1011","realistic",400,149,54460860,0.0800000000017462,0.470000000001164,149.200000000004
"1011","realistic",400,150,54460861,0.110000000000582,0.489999999997963,155.459999999999
"1011","realistic",400,151,54460862,0.0800000000017462,0.510000000002037,151.139999999999
"1011","realistic",400,152,54460863,0.0999999999985448,0.400000000001455,148.599999999999
"1011","realistic",400,153,54460864,0.129999999997381,0.360000000000582,145.139999999999
"1011","realistic",400,154,54460865,0.110000000000582,0.419999999998254,148.470000000001
"1011","realistic",400,155,54460866,0.110000000000582,0.389999999999418,191.159999999996
"1011","realistic",400,156,54460867,0.0899999999965075,0.360000000000582,150.139999999999
"1011","realistic",400,157,54460868,0.0999999999985448,0.470000000001164,142.950000000004
"1011","realistic",400,158,54460869,0.0899999999965075,0.470000000001164,144.639999999999
"1011","realistic",400,159,54460870,0.0999999999985448,0.349999999998545,142.18
"1011","realistic",400,160,54460871,0.110000000000582,0.379999999997381,149.169999999998
"1011","realistic",400,161,54460872,0.139999999999418,0.319999999999709,143.130000000005
"1011","realistic",400,162,54460873,0.0800000000017462,0.330000000001746,161.839999999997
"1011","realistic",400,163,54460874,0.0999999999985448,0.450000000004366,149.809999999998
"1011","realistic",400,164,54460875,0.139999999999418,0.389999999999418,170
"1011","realistic",400,165,54460876,0.139999999999418,0.470000000001164,154.219999999994
"1011","realistic",400,166,54460877,0.120000000002619,0.360000000000582,162.389999999999
"1011","realistic",400,167,54460878,0.0999999999985448,0.360000000000582,144.120000000003
"1011","realistic",400,168,54460879,0.110000000000582,0.330000000001746,146.049999999996
"1011","realistic",400,169,54460880,0.0799999999944703,0.400000000001455,153.700000000004
"1011","realistic",400,170,54460881,0.139999999999418,0.379999999997381,135.68
"1011","realistic",400,171,54460882,0.110000000000582,0.310000000004948,148.18
"1011","realistic",400,172,54460883,0.129999999997381,0.42000000000553,146.57
"1011","realistic",400,173,54460884,0.129999999997381,0.389999999999418,152.720000000001
"1011","realistic",400,174,54460885,0.129999999997381,0.479999999995925,144.949999999997
"1011","realistic",400,175,54460886,0.0999999999985448,0.44999999999709,151.360000000001
"1011","realistic",400,176,54460887,0.129999999997381,0.370000000002619,144.200000000004
"1011","realistic",400,177,54460888,0.120000000002619,0.400000000001455,146.849999999999
"1011","realistic",400,178,54460889,0.110000000000582,0.450000000004366,155.75
"1011","realistic",400,179,54460890,0.0499999999956344,0.410000000003492,160.459999999999
"1011","realistic",400,180,54460891,0.0799999999944703,0.400000000001455,149.380000000005
"1011","realistic",400,181,54460892,0.0900000000037835,0.360000000000582,152.029999999999
"1011","realistic",400,182,54460893,0.110000000000582,0.439999999995052,149.170000000006
"1011","realistic",400,183,54460894,0.139999999999418,0.369999999995343,139.779999999999
"1011","realistic",400,184,54460895,0.110000000000582,0.379999999997381,145.189999999995
"1011","realistic",400,185,54460896,0.110000000000582,0.469999999993888,177.879999999997
"1011","realistic",400,186,54460897,0.120000000002619,0.409999999996217,169.419999999998
"1011","realistic",400,187,54460898,0.110000000000582,0.330000000001746,143.080000000002
"1011","realistic",400,188,54460899,0.0899999999965075,0.419999999998254,147.890000000007
"1011","realistic",400,189,54460900,0.120000000002619,0.42000000000553,157.849999999999
"1011","realistic",400,190,54460901,0.069999999999709,0.339999999996508,155.050000000003
"1011","realistic",400,191,54460902,0.120000000002619,0.409999999996217,146.75
"1011","realistic",400,192,54460903,0.110000000000582,0.370000000002619,158.360000000001
"1011","realistic",400,193,54460904,0.0999999999985448,0.439999999995052,169.25
"1011","realistic",400,194,54460905,0.0999999999985448,0.440000000002328,148.450000000004
"1011","realistic",400,195,54460906,0.110000000000582,0.400000000001455,151.010000000002
"1011","realistic",400,196,54460907,0.110000000000582,0.450000000004366,167.279999999999
"1011","realistic",400,197,54460908,0.0999999999985448,0.470000000001164,152.419999999998
"1011","realistic",400,198,54460909,0.110000000000582,0.430000000000291,147.739999999998
"1011","realistic",400,199,54460910,0.110000000000582,0.5,151.310000000005
"1011","realistic",400,200,54460911,0.159999999996217,0.430000000000291,144.189999999995
"1011","realistic",400,201,54460912,0.129999999997381,0.400000000001455,146.529999999999
"1011","realistic",400,202,54460913,0.139999999999418,0.430000000000291,157.080000000002
"1011","realistic",400,203,54460914,0.120000000002619,0.400000000001455,170
"1011","realistic",400,204,54460915,0.139999999999418,0.459999999999127,147.800000000003
"1011","realistic",400,205,54460916,0.129999999997381,0.42000000000553,147.879999999997
"1011","realistic",400,206,54460917,0.0899999999965075,0.529999999998836,144.049999999996
"1011","realistic",400,207,54460918,0.0600000000049477,0.419999999998254,166.330000000002
"1011","realistic",400,208,54460919,0.069999999999709,0.360000000000582,153.879999999997
"1011","realistic",400,209,54460920,0.0799999999944703,0.419999999998254,165.059999999998
"1011","realistic",400,210,54460921,0.0900000000037835,0.340000000003783,163.459999999999
"1011","realistic",400,211,54460922,0.119999999995343,0.370000000002619,157.75
"1011","realistic",400,212,54460923,0.0899999999965075,0.470000000001164,151.980000000003
"1011","realistic",400,213,54460924,0.120000000002619,0.379999999997381,155.049999999996
"1011","realistic",400,214,54460925,0.0999999999985448,0.360000000000582,139.979999999996
"1011","realistic",400,215,54460926,0.0800000000017462,0.459999999999127,154.060000000005
"1011","realistic",400,216,54460927,0.0999999999985448,0.400000000001455,152.470000000001
"1011","realistic",400,217,54460928,0.0800000000017462,0.44999999999709,140.720000000001
"1011","realistic",400,218,54460929,0.0599999999976717,0.389999999999418,149.5
"1011","realistic",400,219,54460930,0.110000000000582,0.409999999996217,156.830000000002
"1011","realistic",400,220,54460931,0.120000000002619,0.419999999998254,151.419999999998
"1011","realistic",400,221,54460932,0.110000000000582,0.360000000000582,144.340000000004
"1011","realistic",400,222,54460933,0.129999999997381,0.430000000000291,148.139999999999
"1011","realistic",400,223,54460934,0.0799999999944703,0.459999999999127,165.670000000006
"1011","realistic",400,224,54460935,0.0899999999965075,0.410000000003492,147.959999999999
"1011","realistic",400,225,54460936,0.139999999999418,0.389999999999418,165.699999999997
"1011","realistic",400,226,54460937,0.0999999999985448,0.430000000000291,151.849999999999
"1011","realistic",400,227,54460938,0.129999999997381,0.389999999999418,146.760000000002
"1011","realistic",400,228,54460939,0.139999999999418,0.390000000006694,158.909999999996
"1011","realistic",400,229,54460940,0.110000000000582,0.400000000001455,151.260000000002
"1011","realistic",400,230,54460941,0.129999999997381,0.340000000003783,149.870000000003
"1011","realistic",400,231,54460942,0.139999999999418,0.440000000002328,164.459999999999
"1011","realistic",400,232,54460943,0.0800000000017462,0.450000000004366,156.220000000001
"1011","realistic",400,233,54460944,0.139999999999418,0.459999999999127,149.599999999999
"1011","realistic",400,234,54460945,0.0999999999985448,0.419999999998254,145.970000000001
"1011","realistic",400,235,54460946,0.0800000000017462,0.360000000000582,154.5
"1011","realistic",400,236,54460947,0.0900000000037835,0.419999999998254,157.279999999999
"1011","realistic",400,237,54460948,0.110000000000582,0.409999999996217,142.050000000003
"1011","realistic",400,238,54460949,0.110000000000582,0.450000000004366,164
"1011","realistic",400,239,54460950,0.129999999997381,0.42000000000553,145.760000000002
"1011","realistic",400,240,54460951,0.129999999997381,0.389999999999418,163.549999999996
"1011","realistic",400,241,54460952,0.110000000000582,0.480000000003201,173.720000000001
"1011","realistic",400,242,54460953,0.110000000000582,0.519999999996799,159.660000000003
"1011","realistic",400,243,54460954,0.069999999999709,0.349999999998545,146.5
"1011","realistic",400,244,54460955,0.129999999997381,0.359999999993306,147.790000000001
"1011","realistic",400,245,54460956,0.140000000006694,0.440000000002328,148.309999999998
"1011","realistic",400,246,54460957,0.139999999999418,0.430000000000291,149.090000000004
"1011","realistic",400,247,54460958,0.129999999997381,0.360000000000582,173.290000000001
"1011","realistic",400,248,54460959,0.0900000000037835,0.419999999998254,147.340000000004
"1011","realistic",400,249,54460960,0.129999999997381,0.410000000003492,149.059999999998
"1011","realistic",400,250,54460961,0.0900000000037835,0.409999999996217,151.209999999999
"1011","realistic",400,251,54460962,0.129999999997381,0.450000000004366,151.439999999995
"1011","realistic",400,252,54460963,0.069999999999709,0.409999999996217,154.18
"1011","realistic",400,253,54460964,0.0999999999985448,0.569999999999709,149.199999999997
"1011","realistic",400,254,54460965,0.0999999999985448,0.419999999998254,153.419999999998
"1011","realistic",400,255,54460966,0.110000000000582,0.470000000001164,162.879999999997
"1011","realistic",400,256,54460967,0.120000000002619,0.44999999999709,150.089999999997
"1011","realistic",400,257,54460968,0.110000000000582,0.379999999997381,147.779999999999
"1011","realistic",400,258,54460969,0.0999999999985448,0.480000000003201,146.419999999998
"1011","realistic",400,259,54460970,0.160000000003492,0.400000000001455,152.209999999999
"1011","realistic",400,260,54460971,0.139999999999418,0.389999999999418,151.769999999997
"1011","realistic",400,261,54460972,0.0999999999985448,0.409999999996217,154.220000000001
"1011","realistic",400,262,54460973,0.110000000000582,0.419999999998254,142.029999999999
"1011","realistic",400,263,54460974,0.129999999997381,0.419999999998254,169.699999999997
"1011","realistic",400,264,54460975,0.110000000000582,0.459999999999127,154.040000000001
"1011","realistic",400,265,54460976,0.120000000002619,0.389999999999418,179.75
"1011","realistic",400,266,54460977,0.069999999999709,0.359999999993306,164.949999999997
"1011","realistic",400,267,54460978,0.0599999999976717,0.389999999999418,149.809999999998
"1011","realistic",400,268,54460979,0.0800000000017462,0.439999999995052,151.340000000004
"1011","realistic",400,269,54460980,0.109999999993306,0.389999999999418,183.520000000004
"1011","realistic",400,270,54460981,0.0799999999944703,0.439999999995052,163.410000000003
"1011","realistic",400,271,54460982,0.0900000000037835,0.32999999999447,141.629999999997
"1011","realistic",400,272,54460983,0.0899999999965075,0.379999999997381,128.970000000001
"1011","realistic",400,273,54460984,0.0900000000037835,0.280000000006112,108.339999999997
"1011","realistic",400,274,54460985,0.0900000000037835,0.310000000004948,148.43
"1011","realistic",400,275,54460986,0.0900000000037835,0.319999999999709,123.410000000003
"1011","realistic",400,276,54460987,0.0900000000037835,0.299999999995634,127.620000000003
"1011","realistic",400,277,54460988,0.110000000000582,0.360000000000582,122
"1011","realistic",400,278,54460989,0.0800000000017462,0.360000000000582,112.720000000001
"1011","realistic",400,279,54460990,0.0799999999944703,0.309999999997672,118.420000000006
"1011","realistic",400,280,54460991,0.0900000000037835,0.350000000005821,131.989999999998
"1011","realistic",400,281,54460992,0.110000000000582,0.319999999992433,120.210000000006
"1011","realistic",400,282,54460993,0.0999999999912689,0.349999999991269,127.719999999987
"1011","realistic",400,283,54460994,0.0800000000017462,0.30000000000291,125.309999999998
"1011","realistic",400,284,54460995,0.0899999999965075,0.350000000005821,123.380000000005
"1011","realistic",400,285,54460996,0.0800000000017462,0.399999999994179,118.380000000005
"1011","realistic",400,286,54460997,0.110000000000582,0.339999999996508,113.639999999999
"1011","realistic",400,287,54460998,0.0899999999965075,0.330000000001746,116.630000000005
"1011","realistic",400,288,54460999,0.0800000000017462,0.309999999997672,121.479999999996
"1011","realistic",400,289,54461000,0.0999999999912689,0.330000000001746,118.420000000013
"1011","realistic",400,290,54461001,0.0900000000110595,0.420000000012806,121.240000000005
"1011","realistic",400,291,54461002,0.0800000000017462,0.329999999987194,128.510000000009
"1011","realistic",400,292,54461003,0.0800000000017462,0.339999999996508,113.259999999995
"1011","realistic",400,293,54461004,0.0900000000110595,0.309999999997672,115.110000000001
"1011","realistic",400,294,54461005,0.110000000000582,0.309999999997672,113.300000000003
"1011","realistic",400,295,54461006,0.0700000000069849,0.340000000011059,129.779999999999
"1011","realistic",400,296,54461007,0.0799999999871943,0.349999999991269,111.170000000013
"1011","realistic",400,297,54461008,0.0800000000017462,0.330000000001746,112.169999999998
"1011","realistic",400,298,54461009,0.0899999999965075,0.309999999997672,111.720000000001
"1011","realistic",400,299,54461010,0.0700000000069849,0.330000000001746,109.5
"1011","realistic",400,300,54461011,0.0899999999965075,0.330000000001746,109.059999999998
