"region","time","y1","y2","x_common1","x_common2","x_specific1_1","x_specific2_1"
1,1,2.63035285859793,-0.843440631789025,0.981969411350441,1.01191202113257,1.00502595964949,-2.68534666957216
2,1,1.4953468467599,-0.461413468325269,0.468715040036087,-1.28441147522101,-0.616374326362361,-0.647224124635991
3,1,-0.914844134092381,-0.413262394747848,-0.107971332216443,-0.586561559661346,-1.39757262992962,-0.112239692425311
4,1,-0.692730151116457,1.05799664082212,-0.212878168971207,-2.37076270952447,-2.40634202581074,0.62195348714392
5,1,2.26954526251073,1.19352215938509,1.15809845503933,-0.376692590093304,0.686922401622127,0.209092068223987
6,1,3.44633392843351,1.37410046996307,1.29235484543788,-2.02613617818596,0.703053117856804,0.936002903174628
7,1,2.42072151121026,0.669291397148267,0.534647146132313,0.980139304662003,1.21130022662428,0.680000389499457
8,1,-0.335598922039426,-2.00788259369521,-0.12703471920428,1.11608063685989,0.868992471411482,-1.71362596972164
9,1,-0.341855729232491,-0.944798012284374,-1.22487541446907,-1.28786674664047,1.08180707877758,1.12598896120803
10,1,-1.69508235364017,0.0801572554194888,-1.12135130216029,-0.956058616840982,-0.295124282974857,2.16051935125928
11,1,-1.79873927731666,-1.06788506312923,-1.6719250240929,-1.29676577678364,-0.504789944800785,0.42067005348729
12,1,0.101874926292288,-0.0555542707915689,0.468917929783841,-0.694731703665385,-0.726217824393066,-1.64602677351184
13,1,-0.315566078298479,0.286736642626536,0.832189906477626,1.35265425627458,-0.999720871506736,1.54464320346894
14,1,0.983609649660535,-0.575524352883888,0.293021605112214,1.12801677352457,0.755398693851714,-1.67527309640395
15,1,-1.96434174908487,-3.30696439256155,-3.27428582255762,-0.290266003602992,1.34863930220417,0.098897383270793
16,1,-0.156031084470903,-0.368091886501446,-0.14811075118461,-0.161511830744881,-0.35135988229837,0.0770147528247578
17,1,-0.698352628636713,-1.08327055337348,-0.929938735274633,-0.438168623938091,0.364090327329468,0.125213878710504
18,1,1.58446614042253,0.394713377242872,0.454214351568125,0.080511581551799,1.02165230136736,-0.647863149112509
19,1,-2.23639767755859,-0.638517162603666,-1.60610724067137,-0.499396330900612,-1.25893258665428,0.331455590378249
20,1,-2.16817866068495,-1.92274029593813,-2.01147132874967,-0.0114969587880486,-0.0726519701318007,-0.548937446705524
21,1,1.46033530426178,-0.110833077757859,1.13997663396662,-0.105577619304098,-0.882660262665238,-1.816335243469
22,1,-0.837374118263775,0.0847756300645566,0.315702951821837,1.64414244487786,-0.678704045991336,0.190187848894501
23,1,1.46905463790181,1.77309902042979,1.04268610000034,-1.37270409354231,-1.04070904948147,0.750532971091581
24,1,-0.0269168807293526,0.0187894453158295,-0.21298249662589,0.622975908733656,0.564095333581914,-0.200766275987861
25,1,0.252520027521498,-0.77398415012584,0.397100381641922,0.251464423760074,-1.01360677753862,-1.24199655521988
26,1,-1.59375874341175,-1.40033313243252,-1.54365250071121,-0.656204680436856,-0.219850706836587,-1.55359806567218
27,1,1.61310466885037,-0.750818951675082,-0.118199701645296,-0.445383487722184,0.751413814679722,0.309670203811148
28,1,0.178188290959183,-0.313484678100337,0.684697884749606,0.974318911451817,-0.512340409015181,-0.446037460496258
29,1,-1.62681720886481,-1.94888757968555,-2.0557223178166,-0.00335004481073446,-0.11698163025094,-1.50289166599947
30,1,-1.29190197506748,0.407082799700897,-0.109424005766554,0.794695371237387,-0.279369664267493,1.33514684699877
31,1,-2.26352937819215,0.455690602368299,-1.43979364518451,0.101570825118816,-0.181960567670995,2.61216029655533
32,1,2.12909870663901,-0.0321515178949902,-0.325334972728149,-1.46838235252164,2.45859168459909,0.520685354531617
33,1,-1.07462658874708,-0.00897378482396578,-0.505280887892707,-0.173329827934275,-0.97101966392937,0.377832455193907
34,1,0.664810139639055,0.652294708096939,1.20424903908767,2.08591596005431,0.449779468324778,0.788387403220313
35,1,1.09538034405461,0.722807370080159,-0.498978898504543,-1.05015937193256,0.77553490560291,0.268656999496566
36,1,-1.0935264404555,-1.2254857951121,0.389595481706078,1.5107699050046,-1.15668169759437,-0.202809579345898
37,1,0.83377049284431,-0.129770575194865,0.337331874863737,0.852490237590942,0.699663214033478,1.27183279957542
38,1,-0.443941330077245,0.271473465374554,-0.489261550050225,0.654539493753216,0.129230858516336,0.849552047621223
39,1,-0.199301064922192,0.66288394216985,-0.570771060692166,0.23781063211734,-0.193492591058165,1.68074102303795
40,1,1.34590952779077,-1.00373520606561,0.428364064176291,0.970015687042866,1.8651822563568,-0.694445542781375
41,1,-0.477518637630177,-1.37195188936292,-0.872461837206139,0.435345943363831,-0.095077785330256,-0.0647140262153616
42,1,0.459133078378279,-0.796685755722312,-0.00469101335874222,0.756733465446104,0.479082590197964,-2.00410925864659
43,1,0.63001927194301,0.815617367553946,0.495375148980223,-1.07072586238025,-0.992596045618407,-0.0508873449789651
44,1,3.76872060280676,2.46237416311562,1.97281867936945,-0.845052781421623,-0.5760195811299,1.38259140991138
45,1,-2.23332826046592,-1.19407676101144,-1.19686212395264,0.817434334917982,-0.529740496408218,-0.360362330910927
46,1,1.1900547120078,0.296368136671946,0.130438481116839,-1.10881699071931,-0.110837196148196,0.611147280587952
47,1,1.144576451997,0.571795440063274,0.329059640185992,-0.226914117278281,0.430305016015823,2.27711358474162
48,1,0.222579158704321,-1.13542474485518,0.668158301618999,2.06468513691077,-0.181696882443981,-0.730933292176062
49,1,2.44489020040856,1.37873124193006,0.638992957371085,-0.517785957066844,0.578671731210365,1.65369044533494
50,1,2.91080226377318,0.829924114956471,1.94045129634858,0.167983182920594,0.96493830688331,-0.157876957450563
51,1,-1.39482753324527,0.555138734704899,-0.554539064732427,2.55330941846691,0.228314585643603,1.31290707341825
52,1,-3.46255367920036,-0.115660756768613,-0.765711059036804,2.15429271295794,-1.5243741940741,0.181220924636593
53,1,-0.526378400979107,-1.3762198002051,-0.646694361310387,-0.839149266831987,-0.0702707394590005,-0.219343871949358
54,1,-2.17897394832841,-0.448447376502881,-1.02753085374284,-0.204437532816396,-0.466554131962381,1.1754862930409
55,1,-1.55682155701868,-1.98859576222255,-0.680898071460814,0.995368481674307,-0.445874588846517,-0.350756271394913
56,1,-3.03792422193909,-2.71820457908495,-1.43361066132337,0.634992647899686,-2.35569749197482,-1.59558526742984
57,1,2.31495711756537,0.287040456369111,0.895493512495098,-0.715414398915006,-0.827440546633201,-0.292940515023999
58,1,-0.336700283852308,0.38275597037746,-0.239061270484789,-0.234305273740221,-0.393907204249109,1.58662659977639
59,1,1.36004520715729,-0.710712748924193,1.00040381287092,0.308648078904709,0.19092339865366,-1.64585646690476
60,1,0.843014406083078,0.00398530070261375,-0.0325899798361486,-0.341367685459151,0.609576870946153,0.832388808787731
61,1,2.87056927020982,2.17160379329047,1.59294707621239,0.692238326615182,0.683164645534849,1.16015720662144
62,1,1.28631541090331,0.149801932916842,0.860197432277977,0.653496040577967,0.143869818778354,-0.364049696646625
63,1,1.28462095520367,0.134969204926929,0.538369767564076,0.570413566767713,0.0527818971065577,0.135115205376538
64,1,-0.572430426081069,0.596759589655944,0.175245737816737,1.13825637142844,0.140133994162885,1.48226297477723
65,1,2.04784303592354,0.749510375656289,1.64589814017451,-1.35839289828485,-0.896046600445205,0.16503687794329
66,1,0.421772631950885,1.1392056208851,-0.128887939852038,0.00748372669297264,-0.417726496940681,0.146370048896469
67,1,-2.04864060227553,-1.1760311724601,-1.99550397970437,-0.463523850191991,0.620006544269843,0.684089871814276
68,1,1.66098059620206,0.954046686924714,0.714639389405083,-0.361895712364847,-0.216452263485161,-0.402284003783885
69,1,0.989096482324692,1.47625997877896,0.491699562958821,-1.30390813067764,-1.17606652307848,0.101623310976006
70,1,-1.38182399585816,-1.42446844992951,-2.11881259117686,-0.667818796817462,0.423191346582661,-1.04686467298458
71,1,-0.316195411807026,1.79076138790988,1.13131845477581,-0.99952651692383,-2.75478283950486,0.218999980931527
72,1,-0.885760591734003,-0.970846893634695,-1.20821528021287,-0.777194728779752,0.406649857596493,0.398114302177818
73,1,1.69002454752685,0.440297668172544,0.295865918593792,-1.23689293914148,0.115882151190192,0.249754884916973
74,1,-1.40854497917259,-1.2453523235485,0.0752686900648812,1.91252478218959,-0.457966753242119,0.56926060430412
75,1,-0.697199370815063,-0.409635143260344,0.196160248308003,1.73848131448212,0.298480781720382,0.830765673027587
76,1,0.880051715105352,-0.4922702031579,-0.312758899741354,-0.144285367704178,0.594914819711687,0.378073490314227
77,1,0.490226144457054,1.02020251532981,1.42129014680825,-0.202329914746368,-1.15074730297885,0.28130293968926
78,1,-0.340005516299007,-1.03117043622966,0.683470550500224,0.901764557781334,-0.436946250522229,-0.403156921679788
79,1,-1.05976883080347,-0.448176303372295,-1.03885629111138,0.283456669902351,-0.250590782835234,0.436522690589692
80,1,1.67586124064099,0.41339191090746,0.0156826894025526,-0.354503176534965,1.55580492288987,0.773945194911914
81,1,0.108806198601977,0.469994436275362,-1.24320967834395,-1.07335718058575,0.280687254255339,0.861192141351711
82,1,1.88530688430689,0.291394802946615,0.99185898159433,-1.71947821731444,-1.19780839053687,-1.77898064634737
83,1,1.71758473542826,0.0422451472211006,0.863965139598421,-0.143826390526815,0.702627128145909,0.587223829320129
84,1,-2.42097338388654,-2.45212656632711,-1.75503854875554,1.11404339429755,0.563013694110103,-1.12837428918083
85,1,0.495182279158457,-0.395149445269862,0.148808218516151,-0.530477173223907,0.37372374061799,-0.804311542264464
86,1,0.36627896357384,-0.982385012643302,1.11007456035807,1.36212671271818,-0.873304411180791,-1.55084429405937
87,1,0.706879895511972,1.00674595044399,-0.182752914383314,-0.254298550479369,-0.0835983930930769,0.542039870614027
88,1,0.0630468760783768,1.19255710504935,-0.25518776801131,0.480398702240375,0.157768410106406,1.09817837976197
89,1,-1.08710798074433,0.348159176199181,-0.250936687023693,0.181732801947817,-1.85734349152203,0.233114527839347
90,1,-0.704997106822629,-0.481523675607714,0.816620959269145,0.250096863298261,-2.19034507451968,-1.5559168616976
91,1,-1.80893441318239,-2.65414530238133,-1.22741533746968,-0.391504171967015,-1.02946029978169,-1.10029956154892
92,1,0.456711821361226,-0.542517024529064,-0.521230112207303,0.154339725934883,0.467732797259643,-0.118698490002646
93,1,-1.36461594229088,-0.607950784075714,-0.704712448567942,-2.20753562314035,-2.33467244375083,0.63199890165529
94,1,3.57999136737457,0.679181042943786,0.687437470185347,-0.422622873287942,2.16870389477677,1.03513710868059
95,1,1.13186168375694,-0.345774857032563,0.547592895535183,0.835063991559827,1.45978299417113,0.424618826386426
96,1,-4.54823307955184,-1.87104178788342,-2.06585280355845,-0.0872911313109625,-2.51083737559051,1.05800192476953
97,1,1.11406779975022,-1.90293994972348,-1.16581874873459,-0.583787129219674,1.86530340020996,-0.333493839957727
98,1,-2.77671295874613,-1.70063871705792,-1.17925052730277,1.47467150146552,-0.540701027311897,0.190105112057746
99,1,1.05280437894785,0.868985904985705,-0.0297593598918793,-1.17561983175955,0.266141251928143,1.52055469213235
100,1,2.2519176104799,2.62624864519532,1.15152179090866,-0.271879060842654,0.389030229671737,1.52065068280568
101,1,0.971877113738817,0.629539578495052,2.20866170263516,-0.0489349003645883,-1.99437079432592,-1.88519404870521
102,1,2.03519057205295,0.753452644418854,0.440132782687226,-1.57644529812049,-0.138295836290761,0.168103064839126
103,1,1.26075272725533,0.054099040934453,1.04316598755119,1.20382312818371,0.498726855356155,-1.00882717057952
104,1,-1.2680449138252,-1.14800206607793,0.125676744922278,1.06874568651695,-2.02862841213965,-0.884041890419505
105,1,-1.70015066853663,-1.34909041323316,-1.26524945482264,-1.06024673290871,-0.280815086904716,-0.327452363861874
106,1,2.03927471223598,-0.754401095799901,0.374360037015229,-0.299709666314162,1.68857494603942,0.225323955784958
107,1,-0.190493574272133,0.13007973897417,-0.199609415300213,0.255901053706449,-0.397891117278565,0.0474375737509859
108,1,0.539002365877713,0.631855638552735,1.15478290427735,1.96358070647528,0.0284020795217329,0.793852917340839
109,1,0.643033408606626,0.0186985308598697,-0.561705709820649,-1.06346031571468,0.295917971976033,1.11649435174498
110,1,-1.18255704387335,-1.845889708188,-1.13775660694886,-0.236664178727456,-0.0358791986211929,-1.73705314896208
111,1,0.37627591110217,-0.66070937308463,-1.29337009302956,-0.499258516475238,0.623896813028232,-0.198691574334362
112,1,0.101773076447413,1.17761268204014,1.124811943473,0.565733977654583,-1.5601309943793,0.669153942716687
113,1,0.799438291598967,-1.01090004190271,-0.701000727173593,0.920278711480073,2.0122927247001,-1.94240457963967
114,1,0.742907854099152,-0.493239664806047,-0.0288758096769264,0.174189489884219,-0.252293040830608,-0.87270212194148
115,1,-1.19161637214405,-0.00217411055262246,-0.624974887486906,-0.846501167299116,-0.383917226515516,2.13731065451517
116,1,-2.67162447961532,-2.5826811392044,-1.83036801979779,0.832221914243709,0.84488207930499,-1.01116502278236
117,1,1.78336686921553,0.163056576566182,1.9047931674535,0.891616082220265,0.631908693470872,-1.48184271335773
118,1,0.97677743905756,0.486649302164281,0.529919114959314,-0.098024447200124,0.0454387104780564,-0.439554522255042
119,1,-0.472784636064645,0.830510120674873,-0.264790948967245,0.0397894784643027,-0.287969014829571,-0.297809555806024
120,1,2.61842410904522,1.55418092762399,0.907147245603508,-0.075271021463111,0.579942704543279,0.710750529216197
121,1,-0.559893035813882,-0.428865154613891,-0.265268577988067,0.800737761110347,0.626651491708994,0.727237503745962
122,1,-0.282168760760354,-0.94968536205814,-0.328567471016804,0.117530389582939,-0.26870852356288,-2.08293523728505
123,1,-1.30852108013098,-0.415325108994089,-1.30367636155847,0.525989880692057,-0.394468242752102,0.3028614803059
124,1,-0.226428107588231,-1.33892641926649,-0.19728943649195,0.983591671797573,0.0218366137407603,-0.169716451088323
125,1,-0.193749475581697,-0.784315866842863,-0.711440055623224,1.31141164821905,1.03577754224684,1.65229784482794
126,1,-0.813795144096951,-2.32382099539384,0.0288413776797543,-0.154448121939239,-0.585888749639569,-2.61633884041972
127,1,-1.66269802409367,-0.474391423936867,-1.07349485921401,0.220529562231513,-0.274679859643483,1.48393417498438
128,1,-0.990870122242196,-0.565487771852193,-1.09179206421077,-0.146512889950758,0.790488716751303,0.865941735175985
129,1,-0.847693611639523,0.514849153347838,-0.56900962765166,2.61539908141502,1.25439148338019,1.39998923202488
130,1,0.0359378239497277,-0.102131184959387,0.519558125577763,-0.760931263615521,-1.06664131673618,-1.06508910553344
131,1,-1.06932985456355,-0.941805928757602,-0.970174953116679,1.3181060810057,-0.209873319034006,0.597855831798438
132,1,0.433197962501534,0.442715521282924,0.133518574496549,0.386865197942868,0.224326065863313,0.98406182681263
133,1,1.24512723753965,0.160926418652442,-0.649716478054929,0.835879215995012,1.96064346048009,1.09725328603932
134,1,1.03421960678168,0.893679246422993,0.0367306507775587,0.224220726781053,0.550780323139397,1.52437716263956
135,1,3.06124855720969,-0.31753628178707,1.69080705752006,0.76142117435706,1.38962899320821,-2.80819036008821
136,1,-1.2768273965148,0.213754696373883,-0.843001232495456,-0.341973695601013,-1.53378845449858,1.47639226387831
137,1,-0.402313001784307,-1.554736861745,-1.20077212142888,0.148830345627542,0.836301403024508,0.773934953308963
138,1,0.782957497074914,2.16036749414081,0.528077809251587,-0.479856438745957,-0.176857345058515,1.6373066825122
139,1,0.590147136161221,-0.364268060142894,0.326143972893181,0.520895285842877,0.120017798247674,-1.20342250102366
140,1,-0.0848597400332584,-0.316751356225838,-0.299909079772185,0.995291480903592,0.180878006016435,-1.24397624230055
141,1,-0.587777719810663,0.592692663786969,0.551737996586638,-1.93933094058326,-2.2031497231507,-0.319834745866221
142,1,-3.85471955931303,-1.8874300018612,-1.24650545927955,1.82829892894762,-1.33977760554984,-0.489374417243472
143,1,-0.736167130015373,-1.04188217633698,-0.796453000096277,1.45768562267565,1.03484258760284,-0.175054875348858
144,1,4.7807500728267,0.740618725468468,1.74334964989931,0.26624140588215,2.18118591825198,-0.917666426421639
145,1,1.34553804068665,0.114204209497097,0.86405132479765,0.918614339582046,0.515185957022252,-0.459834305844755
146,1,1.15810272353797,-0.198787253542984,0.731203886573071,-1.19852150393679,-0.371555871860917,-2.0028810407694
147,1,0.63637961168382,0.253061191450325,1.73516661328297,0.555351613825904,-1.36411247447896,-0.285658182184637
148,1,0.851297559066443,-0.376632518833932,0.13837718484504,-1.37184303190175,0.491561813592004,-0.195362003495188
149,1,0.69089377804926,-0.317250505474059,0.8720575979301,-0.370021498146714,-1.06873007373252,-0.542004714653918
150,1,2.25138269177883,0.98416385296296,1.05024875250688,-1.96124258480387,-0.926656365496645,-1.18447127328232
151,1,-0.488277604581449,0.138869828952141,-1.13743873910539,-0.236730360717907,0.264540590480748,0.8405750455794
152,1,0.896833778089013,-0.760215238224611,-0.0436571319162971,-0.93166511641514,-0.298870422901291,-0.869878099416255
153,1,2.1820235497894,1.25150513475264,2.3935301739161,0.375890710158501,-0.928901201537792,-0.0749212643659824
154,1,3.13224800070014,0.596433881483997,1.24444013015039,-0.715472141273333,0.120406525742904,-1.44278390020711
155,1,-0.712496820334632,-0.794003022501728,-0.767213057391311,-0.959368685760252,-1.27303703771485,-0.798613649427596
156,1,-3.61924958373127,-2.61585914673417,-2.95151475392099,0.273124310937132,-0.254688222965954,0.0178444082863646
157,1,0.799695914009968,-1.62616393136995,0.329239194531822,-0.426512869538851,0.946185358397234,-1.97438425314218
158,1,-1.05784003486003,-0.159879121163969,-0.305761610623122,0.610451934798987,-0.696870333595017,-0.0213910535396667
159,1,-1.19094352687883,-0.223055060049424,-0.712534311408258,0.847790717093779,0.192323102502233,0.315740451132337
160,1,0.264957685580727,-0.033217320566944,0.292247801726892,0.365218916444582,0.621658873916131,0.961897480103259
161,1,4.11887049819154,3.12169731538467,1.73894209134024,-0.453499548289774,1.34436058356943,0.397131745745463
162,1,-0.968855863881265,1.19129359591815,-0.00257142424582498,0.465049955122128,-1.26159115973512,1.6361806177334
163,1,1.30752032420798,0.299264495633495,-0.00446431663701564,-1.32328502450971,0.227053718348911,-0.684172000949828
164,1,2.57177968685182,1.35866125944113,1.56199313824202,-0.0793377753211826,0.233225664605607,-0.208785459289735
165,1,2.83653969730074,0.268794692059353,-0.380505954911847,-2.35052066559048,1.06989646810099,0.418289931333965
166,1,-0.690219006505624,-0.465646218711389,-0.632885784223679,1.49079792291537,1.07888673512948,0.136749381641099
167,1,-1.55774919472257,-0.49005056797708,0.137019137952547,0.863275768949218,-1.79322419705664,0.476614053571502
168,1,-1.98165334708003,-2.63332896326359,-1.72531305864046,0.745333464798196,0.232702453322099,-0.802731469524709
169,1,2.49563433193232,-0.0571611043468142,1.22290580850524,-0.337409618775813,-0.0680211535913532,-1.020094769707
170,1,2.40793655195863,-0.0858792763592852,2.19604004019626,1.42914153410915,-0.438347949373704,-0.485812224302571
171,1,-0.564630790445788,-0.177956663183249,-0.368523323367757,-0.761114921424984,-1.22378992916834,-0.841201699052171
172,1,3.01740021352546,1.97543231378961,0.925910686319988,-2.24705754203786,0.275204272658992,-0.22888373479093
173,1,0.387379404005716,0.871676965928736,-0.489477776603747,-0.591990840992611,0.580593665293169,1.23263078012487
174,1,0.921686009966272,-0.644527491621375,0.207552353591943,0.555511015872468,0.186436696678377,-1.21328058579892
175,1,-2.00097646782812,-0.592437763874071,0.398127798274826,0.112697601100573,-2.70556875673489,-1.00254098629962
176,1,2.4462499579363,1.55817776991899,1.15603750967308,1.00673291230929,1.97409348815439,1.09053014108087
177,1,-0.00753665673440008,0.282509439472519,1.24213119154568,1.55680822406016,-1.28101707302641,0.315716607555874
178,1,0.891000284234594,-0.387479128951377,0.165909982543759,0.890310482082149,0.830792203709366,-0.601586608753704
179,1,0.700628927403834,0.358186371172307,0.715217694459379,-0.63972299883199,-0.768086359899042,-1.21804110226586
180,1,0.0399028533619062,-0.738115121196766,-0.378404319682115,-0.481075107548587,-0.0783990624643557,-0.617863997121436
181,1,2.19268567836882,1.35599883810606,0.695482029935346,-0.094905012180853,0.437538499781648,-0.364509950571356
182,1,0.79161167825418,1.60878593150827,0.254603577957544,-0.527035840092763,0.14019022492826,1.55411364741278
183,1,2.45590253618117,1.55160039206779,0.670041301703396,0.242391027531385,1.20633480709861,1.00977741043403
184,1,-0.0487340603645266,-0.63612407708998,-0.664854890523974,0.948835085996362,0.458279212717222,-0.339016276227889
185,1,-0.240220343745435,-0.647370324199073,-0.375250010517242,-0.645397050954407,-1.08983812068937,-0.148624446369439
186,1,1.85371812922873,1.27710581614119,0.752244834080905,0.218130353623624,1.27752103516261,1.86331518548173
187,1,2.94327460869115,1.6936417082301,0.99655515041986,-1.57814929628087,0.338591842011332,1.05128599348694
188,1,0.820462814022259,-0.510419494196432,-0.360303668157328,0.160187740547669,0.0901357887463914,0.489430382235756
189,1,1.88485523933541,0.0459908444717093,-0.67006000567486,-0.992052842866403,1.61428418109042,0.542931722663067
190,1,0.521522253288483,0.856051295084699,0.478492761128781,0.402582408048134,0.06671239087093,1.76901183729775
191,1,-1.75558406113663,-1.22671722858701,-0.588681209252098,0.796349234749542,-0.888883358441268,-0.628044332694653
192,1,0.809278185845334,-0.234670485731734,-1.0452471766004,-0.692375718951979,0.821145991601994,1.78647235205977
193,1,1.92083597645755,1.32636287027519,0.555341398802417,-0.314143608218087,1.53618416354181,1.96239711141412
194,1,2.08782161919847,0.510312556782147,1.06552184630196,-0.393349756423932,0.304253878125936,0.213235493690067
195,1,2.24416692181224,0.495399332596562,1.28764954631915,0.320997902960955,0.536362405684423,-0.145868747170453
196,1,0.144499702942629,0.0587527176574668,0.583475101393842,0.333321775437905,-0.711878654079996,0.892591324081329
197,1,3.41146349310481,2.96500810360732,1.26413132433733,-1.5260711479893,0.330299413525692,2.55502729468989
198,1,2.45346021584374,1.37991838783687,0.488415111852723,-0.826297168061729,0.900248934183287,1.5309129404684
199,1,2.57819261767689,0.598904068912242,2.29654989495162,0.951322122005188,0.245624038738155,0.164702006082028
200,1,-3.05134646396912,-1.70669185467534,-1.81315831747814,0.144101586856722,-0.801283699006591,0.368708166732337
201,1,0.847534500652326,-0.330573064029672,0.00218946125209048,0.218463846258268,0.478970322529036,-0.766049224954249
202,1,2.0165105917103,0.602695320613222,0.475364334605827,-0.602855903894258,0.327148033711611,-0.336936747745091
203,1,0.516874335367676,0.918151424949506,-0.777742496311556,-1.0585101879789,0.393184089283411,2.09800764345949
204,1,1.41183098222507,0.797230268547165,0.205377675023786,-1.69255477462188,-0.0639570869103817,0.917178619791928
205,1,-0.154853279649047,-0.529529487619716,1.02254474171184,0.097539481325329,-1.72993935393067,-0.316496793309824
206,1,-0.874134929547936,-1.30295856328136,-1.01007681040258,0.346330395658099,0.819302361446143,0.0752857093281686
207,1,-1.93753969212844,-1.58359895874662,-0.751933509383694,1.94690903011688,-0.702320638244772,0.153914833495244
208,1,-0.289990819794451,-0.566041074826147,0.144192432314699,1.26005190380948,0.579686466140276,1.15100715131383
209,1,3.78271073760847,0.719145952269853,0.880558228774684,-1.07241611683203,1.73053891960537,-0.739168246922214
210,1,0.740974261161421,-0.454472716962241,0.431361274506277,0.0320667455818513,-0.682745503036533,-0.0101878886562083
211,1,-0.987245156893645,-0.645775357976758,-0.690946420020295,0.787228104084747,0.134374887734345,1.05215855766303
212,1,0.361557059722264,-0.839639905970004,0.559340760371425,0.350092496559795,-0.910800667940313,-0.576524178917374
213,1,-0.202697104950497,-0.0252978810929283,-0.563790520573196,0.375930663930304,-0.294763025604575,0.619720998369721
214,1,-2.69648668298171,-3.48982908777685,-2.74231751288163,-0.463841258582681,0.186715132192153,-2.54656044463286
215,1,1.47870548632395,0.557305007814323,0.6426826464088,0.284383791951487,0.074706935340914,0.886183472484917
216,1,0.185316644278691,1.24415211432207,0.399226782475046,-0.370782212978893,-0.720816442540543,0.793641602070048
217,1,0.645996225184996,1.471778303006,0.698712994322033,-1.01484780024744,-0.733438473908216,1.52370530205016
218,1,1.2385024598339,0.54478265204602,0.522457073938795,-0.909961529878147,0.121101150256263,0.196694715062633
219,1,-0.857236243140894,-0.952018318111304,-0.596522934411727,0.717988116116369,0.0436721470985442,-1.52312275882004
220,1,2.51648923852657,0.378887564323914,1.07961910629198,0.802387638836806,1.49357009163002,1.68749860921732
221,1,-0.544003571852199,-0.753880731148595,-0.652068185705606,1.08681782665693,-0.784745244695704,-1.20447709691181
222,1,2.7055379239016,0.784434035549889,1.49547796546571,-1.24615158334678,-0.526541158761514,-2.03080353595574
223,1,1.25789494577772,1.06553978549782,0.134398185105457,0.709122174449873,0.675876233251965,1.00867922901047
224,1,-0.0569780551747171,-1.51270714300389,-0.0735164108469455,1.76056535202097,0.588453801626574,-1.34573234942095
225,1,0.291981400083042,-0.316509214563496,0.0262745292251776,-0.200505698879594,0.164651103517412,-1.34047425254295
226,1,-1.3516198852166,-1.33356411833903,0.23932095417627,0.699776504337112,-0.886800915504279,-1.7149742850583
227,1,0.5170804516,0.0175704251847551,-0.0846309590999704,-0.671987499373681,-0.388040205018952,0.640304249740957
228,1,0.268581519645582,-0.0918878088695277,0.459021086440669,0.159448536792308,-0.375399513667281,1.28613180689029
229,1,-0.486614864486058,-1.41552617869555,-0.25589099734331,1.02905930735702,0.395890077119168,-1.14417206784344
230,1,2.10598809218384,0.421510442346905,0.615952022783834,0.303554806345657,0.931778602621834,0.0415820753079973
231,1,1.70322854713818,0.42931350543794,1.34711843045988,0.0187967733678212,0.32925655516033,-0.504718090921431
232,1,0.494258906044617,0.216326876967365,0.675828683272879,0.00738721600284213,0.190055347448098,-1.6906093266963
233,1,-0.930901941852288,-1.33184657615737,-0.219714820534008,0.291891807669044,-0.429391756602114,-1.0896457840381
234,1,-0.562369027246606,0.222108320831715,-0.372852244242729,-0.852027361994574,-0.623615755050625,1.66315907405339
235,1,0.147232908211841,-0.100264184153936,-0.0319899344771504,-0.521769828075456,-0.762762785435372,-0.0757290873845917
236,1,-1.64149059103527,-0.159918782696709,0.0872803595612798,0.119513123458955,-1.86013964608584,-0.2000717835503
237,1,0.922626573328921,0.394111838630465,-0.0635553519375065,-1.55261268133306,-0.141856886470376,0.463297888658291
238,1,-0.0195056458777335,-0.343725921832721,-0.515650665736244,-0.52569063162679,-0.146681584640971,-1.41646140270007
239,1,-2.93553348263053,-1.23846786930747,0.0780772724925479,2.51010381442538,-1.9798137545157,-0.95497977782824
240,1,-1.90769461366238,-0.246177307866081,-0.916689197684619,0.25015258806107,-1.14082737214839,1.00220845447685
241,1,2.09425082726419,0.370704260294811,0.217458767628588,-0.558374259018372,1.19015316330485,-0.564533906738111
242,1,-0.848612760950089,0.180187863892513,1.0916894998188,1.28625593781825,-2.44598998918088,-1.30777112252653
243,1,1.83886674891108,1.47444058879577,1.36498500105008,-0.891137346112083,-0.231715992473607,0.342778414205072
244,1,1.38671538618245,0.748436538072713,1.13418420694798,0.108829786762669,-0.501938938853341,0.315616187623961
245,1,-2.42966921952797,-1.55632196627602,-0.910223353381847,1.37358964774691,-1.51414914144791,-0.702260160121443
246,1,1.89047925540848,-0.00342204484050767,1.89166103356048,1.04506044315897,0.163960599695468,-1.50166322426476
247,1,-1.09963896687595,-0.831313163549312,-0.56468439458776,0.514621449100642,-0.485700623457778,-1.22095587692418
248,1,1.9811464880517,1.03503117951455,0.257834548397625,0.272298248752047,1.22452943590172,1.5828337749756
249,1,0.892676392600926,-0.0428765479016037,-1.12195524725869,-0.834865814406328,0.835589590192317,0.332562202465155
250,1,-1.73772088165037,-0.89834545738123,0.153117309363479,-0.665583414008734,-2.96530967525817,-2.54339309796092
251,1,1.2404938274678,1.97274055713851,1.72913769263462,0.650532048714382,-0.648519419281823,1.65415737385488
252,1,-0.808539002081397,-0.596673336030981,0.172390241147258,1.66982023517234,-0.349821519330653,0.00784837072789454
253,1,0.750282672175935,0.654928031420548,1.02596319970137,0.144598818947635,-0.87608676000299,0.449680590270443
254,1,-0.386838408335294,-0.141571427547371,-0.277718226081218,1.06871260949477,-0.179189185072508,-0.225462892352355
255,1,0.901699205701545,0.714473938758619,0.272060815850393,-0.931078377735736,0.174225676766139,0.253531587106771
256,1,-1.80937215792103,-1.19838454240154,-1.57414945335862,-0.127844581185752,-0.843393951951514,0.444025780473407
257,1,2.25633196168389,-0.301987944565556,0.14791457451534,-0.707493543453137,2.19625027381181,0.599817427784093
258,1,0.451281847649576,-0.390102564067553,-0.161100411218263,0.892722710452869,1.15548186001723,0.551285835590923
259,1,1.06946027621308,-0.235417040320312,0.552408792402653,-0.715419221260809,0.300941552247562,0.179890673932583
260,1,-0.672910404857271,-0.260046411070227,-1.15087326123939,-0.00896153298618054,0.973973316044109,0.924439159933598
261,1,-1.47127412060559,-0.388049489870502,-0.23872725222163,0.434062113717295,-2.24796716969562,-0.0785017203289771
262,1,-1.47724185065675,-1.56940345497668,-0.343536663412671,0.726653689762208,-0.770718773404097,-0.745954312333886
263,1,0.735251816612101,1.18403927284006,0.529464779092492,0.0216347508416664,-0.493298130631022,0.882835447153854
264,1,0.416270433915889,0.539740704619798,-0.756175083262853,-0.62306734936441,0.727698230736587,-0.383933558674575
265,1,-2.86237079034644,-2.38120323958074,-2.54076757969432,-1.91674968503662,-1.47184159598043,0.11846668017079
266,1,1.81640851987993,0.398231748100212,0.608408330906237,-0.651948288909994,-0.146141084103604,-1.27479595284542
267,1,-0.519456992354241,-1.33260816172034,-0.454738084337411,0.656012665302562,-0.136460633331923,-0.107886157166159
268,1,1.83227126351492,1.47919467536135,0.728766289309695,0.513105096091352,1.55312850700179,0.693613048942273
269,1,1.75772270423697,-0.29360003852528,0.539880014838697,-0.120501115750968,0.89612971335481,0.272431314472207
270,1,1.52258989886336,1.03732194155094,0.925007744486747,-0.0759406939679142,-0.302175809172867,-0.30955036836926
271,1,2.2108646755431,0.306703202706989,0.894850508478566,-0.172054602963847,1.09855353922793,-1.45251363494967
272,1,0.111205451774941,0.737827668989109,-0.179628774861201,-0.908271978547715,-0.623397575067854,0.607987529148261
273,1,-1.10004083538246,-0.785545328281876,-1.34208555950708,-1.36868052332661,-1.0221886844338,-0.481946622073185
274,1,-0.560097196743088,1.51205514179495,-0.814892493237968,-0.591085835138347,-0.771470000697061,2.47363555572156
275,1,1.60215412376953,0.599619119132358,0.571543899080758,-0.18110249208881,0.428382388754832,-0.376702290325169
276,1,-1.74414509511962,-1.16844548248331,0.0304383475917239,0.229436057626763,-1.42278686255787,-1.03941248298819
277,1,-0.369331044124284,-1.95432999324339,-0.620340831205224,0.634932338624943,1.24675903796737,-1.23317046111645
278,1,-0.0631648252953138,-1.50882006439037,-1.5882283842177,-0.650322562818622,0.3961250601591,-0.513057330519615
279,1,-0.985254765447389,-1.19338382344687,-0.935439290830796,0.700366005957363,-0.251068324181549,-0.219686862209713
280,1,1.09239465437594,-0.0597702392670019,-0.118711762110026,-0.70788418434059,0.914627910042155,0.99546326887325
281,1,-0.238472903399676,0.00959703263846834,0.664979271209341,-0.160551797559585,-1.19605789248838,-1.05539683251787
282,1,-0.577384595024598,0.0017743930626485,0.239768821863316,0.860929142688144,-0.0335811083454066,0.42148295593012
283,1,1.67581353432451,0.800276109421363,1.363805972912,0.556060886661197,0.146336316104361,-0.295592557431395
284,1,0.349697480118504,-0.499609863865949,0.223536742345913,0.0707832087633319,0.202871679451016,-0.946531927795209
285,1,0.261355226824637,0.376202582501067,0.610405115581902,-0.123246897814888,-1.22282261993403,1.26315195952274
286,1,-2.35510826992807,-0.663993601143784,-0.391805545388612,1.86095776077803,-0.963564423767409,-0.95556854338551
287,1,1.62719065827573,0.0205527737543479,-0.779000793579476,-0.613391902831043,1.32957026004178,0.686467646814106
288,1,0.31565870269454,-0.788212154265433,0.0639380609434975,0.121843986785149,-0.72665341702872,-1.12637700065919
289,1,1.09472343868163,0.988770723677383,1.0971534850129,1.45702949352683,-1.0546632415849,0.973315410708379
290,1,3.76467819497834,2.06825838732556,2.53319326201348,0.407495059136289,0.0545279759107142,-0.813749829258387
291,1,0.0851661330770616,0.332007268944983,-0.689872145908019,-0.237373844445899,-0.399309209137881,-1.10340555688455
292,1,0.869942498332273,1.25203514386918,0.803678854206339,-0.293061527526773,-0.104110252350169,1.0379499487618
293,1,3.21282008918571,0.505154331811644,1.65778773662102,-0.375088901725883,0.678886604165739,-1.04237174368747
294,1,1.5543629495615,0.329630575098222,-0.41704326538974,-0.614896723008557,0.993376203463921,0.242466582106839
295,1,1.83720897920327,-0.355892815975948,0.33804727512916,0.122368788594289,1.8210530447887,-0.907627252171548
296,1,-0.160918349593849,0.4367114705532,0.705126786422389,0.524736835596486,-1.18120293054267,0.838484813607199
297,1,1.61312846899591,1.01760246131698,1.3125182068978,-1.26345540603311,-1.03474987869299,0.647936787445591
298,1,-0.713656279127243,-0.739593259076462,-1.22903959055421,-1.28251830298869,-0.71137060592728,-0.245392836482739
299,1,-1.42995820950592,-1.82365170352673,-1.27419637679424,0.227042550870232,0.172560326140016,-0.523813423453833
300,1,-0.331442810501112,-0.724294739282241,0.136532149789913,0.42425106535951,-0.473414331109303,-1.44486597391494
301,1,0.471803928772627,-0.400787514009151,0.711202844480574,0.485623910435676,0.640116363613782,0.00855706938175528
302,1,0.104786927832793,-0.881024345129238,-0.632376348818796,0.673026031264931,0.778722070993497,-0.714541247148279
303,1,1.88965543465196,0.801799751344468,-0.317910262602795,-1.32142766034344,1.30960085508618,1.9159273447297
304,1,1.06387773802846,0.218924717402405,1.06750166236092,0.406181257825044,-0.36498884812542,-1.37307405674343
305,1,0.793005762887873,1.2145982387252,1.59225516483838,0.153693604904837,-1.3527954593636,-0.442494835648296
306,1,0.24292688058325,-0.927701393290657,0.449359099205442,0.608154348374935,-0.394348576076027,-2.01114838830067
307,1,0.485541455204099,-2.172505487364,-0.108154437210893,0.682797988203007,0.637522876097968,-1.99778750451426
308,1,0.949713277144473,-0.194363809711795,0.715474251077108,0.732406644092871,-0.358059297717647,0.75943001121473
309,1,1.72119844185005,0.626854709995378,0.179834669941234,0.207673409530411,0.520069140863983,-0.0183749901740268
310,1,3.22402600963637,1.52541324637929,1.3185836859817,-1.26477447839117,1.13641735288554,-0.232402733636226
311,1,-0.105361549649054,-0.169241621996074,0.389644730052996,1.46620033330119,-0.916301921672173,-1.47465464628309
312,1,-1.77318039746796,0.0578300681035881,-1.33516696872942,-1.27643853538427,-0.415325432761404,0.274132428672114
313,1,-1.49929613246148,-0.915096155806725,-1.60958358576562,1.07931553951606,0.49172956409788,1.16685038286114
314,1,0.982898358372643,-0.817104252941318,-0.869807423019583,-0.702240101311083,1.95304329809264,-0.906760983919053
315,1,2.89533131686159,1.86908196571918,2.93053462033689,-0.90097327139558,-1.31743383746235,0.0169761455645782
316,1,1.32454291182755,1.31103233869088,-0.421580210189153,-1.73095041948064,1.03231461371037,1.63190600703816
317,1,-0.63623171904095,-0.289804281576498,-0.0398297210891071,0.162629341665257,-1.22646092714272,-0.829191670992758
318,1,-1.33371100406121,0.146744768130661,0.0381266882673787,0.160353549153515,-1.19175476259908,0.593216843878966
319,1,1.13957537869969,0.0333364163361511,1.04256051189586,1.5607502386968,0.198561314622134,0.788859109173834
320,1,-0.748158667691611,-0.670788163026634,-0.641327604787044,-0.265422577797206,-0.907971040043143,-0.238169256814128
321,1,-1.35063696713589,-1.73872322052439,-1.0684656363248,0.256492094161969,-0.19393926403808,-0.425257317589452
322,1,1.56668927015672,0.227187461632326,0.199851358164243,0.301295481461278,1.16894139418743,0.571105160759732
323,1,1.318477182578,0.407736582611049,0.388162081942278,-1.39224746953968,-1.22337237784498,-1.11353351419777
324,1,1.23299005827544,1.14531694470777,-0.679450653398379,-0.538070076279576,0.0555598478780856,2.00259736488025
325,1,5.17565569322554,2.38093395389901,2.65717077824476,-0.948217608178922,1.38380227960731,-1.23131358069452
326,1,0.750751562279667,0.0622555407522043,-0.163250527150593,-0.494444934815273,0.139916931638168,0.0308713268210648
327,1,-1.71263083691279,-0.493095699980266,-1.02436398624072,0.581462868072415,-1.3932094976447,0.247426232650326
328,1,3.10472834599168,0.193791666738868,0.685924215635425,-0.463279876376861,1.71313050539843,-0.873902254727135
329,1,-0.552029433110265,-1.70306602748342,-1.9528144961861,-0.4494264246328,1.34707161079058,-0.0508929128754139
330,1,0.593076747584907,-0.369798538665926,-0.364626019788328,1.56827765677584,1.56809630993517,0.37489777447622
331,1,1.65074388756143,0.322903777141567,0.0837016486180133,-0.8016835448451,1.0533588123603,-0.49647412274648
332,1,0.957479240920758,-0.433399477552214,-0.62497141268932,-2.39914483893755,1.107906359014,-0.527565737249022
333,1,0.906930079699508,0.838687932590263,1.33842452662869,0.808158818662029,-0.603704508991767,-0.850617195450592
334,1,-0.111800333618811,0.396949288308864,-0.478237659938807,-0.293943731504868,-0.772604681589745,1.11773762748268
335,1,2.87439038517722,0.484823438739098,1.13123890603547,-0.584462599005087,1.58397394047785,-0.373320179653825
336,1,-2.55599705476454,-1.06395535487208,-1.51502282813937,-0.685401450586916,-1.29149550008512,-0.774823277724966
337,1,0.331373940765791,-0.168886742691065,1.37030178185034,0.427005868645323,-0.720540922909862,-1.61923083146823
338,1,-2.83812718840403,-1.78752343432929,-2.07515452637654,0.103308041274466,-0.703763886634517,-0.732640518791675
339,1,0.720510630832147,0.802434281927763,0.00865470406351299,1.21848583187138,1.50873976542802,0.35292374453105
340,1,0.988126632005259,0.672455254228083,0.442947118565176,0.389179496758757,0.265882668859737,-0.299743533984231
341,1,-0.808937925677756,-0.973149626198957,-0.653474038599344,0.947756435550865,-0.0291364787329305,0.329331214489169
342,1,-4.13722887512762,-2.20551844469725,-1.59085900902484,2.19266177925559,-0.986107972139289,0.361408116581584
343,1,1.01005708949402,-1.11813548741117,0.327438950434602,1.60168685231771,1.59135143366998,-0.686416335177078
344,1,1.84752804537823,0.935586300087301,0.0352181073244471,-0.482878286058955,-0.075728393425827,0.810596772864821
345,1,3.56957951648702,0.651434938956594,0.724555201895489,-2.05442817272712,1.10348269940972,-0.114598905399224
346,1,2.48680994358392,1.4664516524049,1.51307498906351,-0.659319637761422,-0.00638904854129828,-0.059406444459622
347,1,-2.74342186211146,-1.16923892091504,-1.15059395530594,2.41936612300056,-0.210590703052274,-0.0615019704302445
348,1,0.484603415994242,0.0866743756715946,0.478888982026175,0.0728460747314275,0.52541989838081,0.781385059872394
349,1,-1.73122506743708,-0.122759024346277,-1.14549857516378,0.997382254172421,-1.16152436428202,2.21019298857811
350,1,4.54262861305111,1.1850895140657,1.29657907014957,-1.69657460631488,0.923935202701345,-0.295443670386075
351,1,1.48054654920879,-0.0944645461728289,-0.408941739148319,-1.28705095925136,0.424856513268509,-1.51608393110683
352,1,1.25447297979184,1.36449398153929,0.796493380617591,0.227753343286411,0.940976475039219,0.84498214864038
353,1,1.24264470881506,0.733984966416325,0.722923226562041,-0.69555165750373,-0.128577151250251,-0.469737996582551
354,1,-0.658730606316696,-0.248210994154608,-0.757971093648712,-0.0605994552219249,-0.729143082910331,0.130671295013199
355,1,-1.79028028358316,-1.46497123070421,-2.03990965838588,-1.34468387633332,0.0951187181059786,-0.215919632626336
356,1,0.917641236658743,0.701839025373309,-0.508886376819595,0.222481831041195,1.72968105304959,1.43479720606939
357,1,0.0563104866950533,0.563113785347046,0.729137364698982,0.5028640751578,-0.755169024104499,0.524472735930178
358,1,0.959460761665331,0.749679932088238,0.815265958161316,1.74852653649674,1.21737434587546,0.871108927385975
359,1,2.7839377308655,1.64222421557862,1.17467553659151,-1.27073576402784,0.0220552053353551,0.254772356270881
360,1,-0.556313830111737,0.350999510913876,-1.10257720675612,-1.37964077549578,-0.957334591112997,0.728708733518885
361,1,-1.57137882854804,-1.13449040431979,-0.245348476541535,0.137571376758892,-0.988545492880772,0.44430198968976
362,1,0.120875010540756,0.733567332802137,0.549978875040469,-0.484870816529525,-0.848488859007528,0.48883646367003
363,1,-0.770998994416565,-2.12264118759969,-0.749336752122776,0.6992892336387,-0.190787262365229,-1.24796220968572
364,1,0.346379711209634,1.0865667144905,-0.652113963614056,-0.193876585424018,-0.219668214515741,2.72303221359824
365,1,1.41923241478114,0.874127849765267,0.441817132667423,-0.40992276082161,-0.322117303990087,0.205327031061822
366,1,-2.4021339818606,-1.33177697317073,-0.529122349041348,2.14104224813554,-1.23562423880186,-0.249969588226727
367,1,1.38400557957232,0.762132381954702,0.171337771577521,-2.09683636924321,-0.119416505637263,0.212296267494448
368,1,1.98999612919197,0.0137219869464632,0.116515057131904,-1.23933701176698,1.27808232349818,-0.160174222286041
369,1,0.656531288141708,-0.165206389994709,0.590536814382142,0.195806179412898,-0.0855588049301729,-0.69283727739784
370,1,0.928036885089941,-0.428579826829053,-0.710852937779467,-0.974284668699799,1.53541237875138,-0.355896713631884
371,1,3.17647462528047,2.20255460083493,1.74410233789987,0.460108370813801,0.835863112128125,1.58750365450584
372,1,-1.45910638118004,-0.280903978942661,-0.424725527509677,0.887022149046173,-0.965130271870426,1.14545889497397
373,1,-1.35003030021616,-0.842669964774804,-0.412485227136132,0.135753267635481,-0.615280913456031,-0.473135394363272
374,1,0.700354148758712,-1.54488360392894,-0.1492450553246,1.51265164935995,1.64578833235177,-2.37092233463891
375,1,0.219115288610085,0.427033612369915,0.049048335072041,0.371901662090257,-0.758431559127708,1.34412119506577
376,1,0.893201205528134,-0.110917200979451,-0.129923943924853,-0.787753776210434,0.50266698544688,1.09953113735632
377,1,1.15516632309587,0.454731468472212,-0.208862056963865,-2.21619067652436,-0.548023934511241,-0.411800196638083
378,1,-0.953643289496669,0.363579273803771,-0.462896564041205,0.972433876157354,-0.538374593616161,-0.386640848949004
379,1,1.47019090882848,1.77757233095759,2.32543063320106,0.224303039758657,-1.29431240671429,0.557036066948091
380,1,-2.05578910563924,-0.176179049826381,-0.842428591481768,1.30058575776293,-0.234791065200241,1.24745714495402
381,1,-0.363500120930431,-0.631674446676754,0.173924212053915,-0.368441269472227,0.646633962980328,-0.907832936518008
382,1,-2.10265092699457,-1.09581287861248,-0.244684386030206,1.97129447837547,-0.375035724971458,-0.913719153391372
383,1,0.74426552206927,-0.0388730561041738,0.264456733639328,1.09554593781631,1.50763188502069,0.231854984836573
384,1,1.74145600293165,0.740331118380933,0.0309584893658157,-3.01254341808974,-0.755279571750381,0.0476995827195065
385,1,2.48100458491786,0.423508346876777,1.52773124922528,0.545054661548332,0.556292532287465,-1.11065614729131
386,1,2.36690580408849,1.96729665977926,0.390435662611667,-1.40168080822267,0.704465017458551,2.57879087140474
387,1,-2.21635422278093,-1.46129836775209,-1.61494453802577,0.413525275801971,-0.636317195084616,-0.885766148345908
388,1,2.15702798458306,1.84121609048113,0.821067388896568,0.195152922904092,0.649405042736957,1.15593634878526
389,1,1.12157852162515,0.644650401455379,-0.132369984678613,-0.854378916018779,0.322150206524097,-0.0563184320037052
390,1,1.60141670186583,1.25367566021156,1.20613241061493,-1.03574255842771,-0.939991211248463,0.121071710362
391,1,0.466133462781747,-0.201337684185803,0.0143376495280439,0.250192072293109,0.0981622824620342,0.414298936221375
392,1,1.23156913508844,1.04280147671341,0.743465773589472,0.200465088654058,-0.441303879231605,0.581275394898018
393,1,0.0785432243281354,-0.152726507188159,0.893713502164404,0.832222650854272,-0.0690770976810305,-0.111149121689403
394,1,-0.341980032097088,-1.79872008625542,-1.14385200066133,-0.812838347811848,-0.431892985434639,-0.302088556865389
395,1,4.24071713658192,1.40496081915112,1.4183728313842,-0.677543479388058,1.5034980110668,0.513552967157369
396,1,0.541711887987312,-0.147307202661248,0.551935658526445,1.19013752647133,0.144133210603848,0.29773844991737
397,1,-0.815044263389082,-0.186936491083541,-0.414305421271473,-0.267907149551268,-1.04060680602866,-0.801468424689724
398,1,-0.387481957030521,-0.735617381203925,-0.159778978417013,0.023274019242557,-0.505225360710066,-1.69185518781451
399,1,-2.0722268525466,-1.00293681445233,-1.35113512458166,1.0031244023488,-0.126876523320205,-0.423601030948795
400,1,-1.52961026152086,-0.583452156435038,-0.183078486871552,-0.563507008581177,-1.92196612933087,-0.184430135059395
1,2,5.44417928687224,1.72920189752749,2.00043449208795,-0.269305625716846,1.45978822007758,0.914730703062979
2,2,3.02803324128919,0.316338999770042,0.788404275182356,0.550577648613082,0.825231706890581,-0.872470762065968
3,2,2.12299952181532,1.02703675113599,0.189903713155628,-1.02513535492535,0.719857487356893,1.5360167768984
4,2,0.111981934486439,-0.0187495701146052,-0.829426335911167,-0.203431968561498,0.221585650995315,-0.942803394675077
5,2,2.27885810081917,2.12176055686558,0.957955168442446,-0.855181740931001,-1.18011179138147,0.0152694888972512
6,2,-0.556830812443685,0.981804415527762,-2.06018677286537,1.11404251531522,0.12756043612114,3.12904284513139
7,2,1.88843569012558,0.439734660188346,0.246210208020456,0.230081762804304,0.0961064334302236,0.520086103972798
8,2,-0.71357629574956,-2.14704874940388,-0.104772118832294,0.0372299640187332,-1.01727488789283,-0.11251865943093
9,2,0.936852459103526,-0.517344377847776,0.322336106814475,-0.516746919337221,1.19831718446371,0.301375645388377
10,2,-1.65500160279248,0.526079179590627,0.704924865753514,1.37240602316244,-1.27550354205458,0.835480594833143
11,2,0.471422001795688,-0.293905472156115,1.39790201729547,0.478218862522137,-0.155905588707172,-1.5021404021933
12,2,0.297090099272194,0.358946394234108,0.0766407963318801,0.293620686232392,0.126558394729511,-0.32607133173529
13,2,0.624444189964998,0.7947639448333,0.820239664939911,1.1794063683878,-0.258969047804643,-0.316368235873365
14,2,1.29511726464702,0.469741485212781,0.732567454356931,0.597757923730677,-0.545605185611501,0.391979763069122
15,2,-0.377342064110382,-2.41539108935091,0.739526584411538,0.760486601081469,-0.306902873711229,0.271516424228041
16,2,0.214713013851596,-0.695752677261779,0.0765433092369741,0.568146830734709,-0.224041951361322,0.380277994634521
17,2,-2.36624694796513,-3.11918070529386,-1.08016351939664,0.968599906338504,0.226302456181749,-1.22873375353744
18,2,1.43813194967851,-0.732685365408437,-0.804432280243877,-0.780641574156788,1.13902405633352,0.0408749081989269
19,2,-3.44970159850196,-2.54801004552318,-1.55960874243616,0.289397180246254,-0.63607514378601,-0.309010850452382
20,2,-0.428130093614585,-1.16436213147039,0.610519821777663,-0.781196859568728,-0.866904994749727,-0.30001502172056
21,2,0.307209698455295,-0.458821283318586,-1.71737292102605,-0.739406438255655,0.080961402100816,-0.0685293079849498
22,2,1.48789507851009,1.64849550195746,1.57518077731523,0.286741959744915,-0.120273515494481,0.995136295684453
23,2,3.25426627621818,2.34104050327175,-0.101878427987782,-0.299024950391955,1.18810033102646,0.85385532865416
24,2,1.20595681719399,0.551714775572015,-0.43257810833947,-0.13010521109867,1.31998629015441,1.0971830272881
25,2,1.69140372500005,0.80322159549614,0.852833397212139,0.230778336531507,0.098002174830727,0.176977711827854
26,2,-0.936726846181299,-1.4068016043307,-0.292771006513657,0.0437879639415172,-0.0359400792530951,0.118755940499908
27,2,2.18847142394717,0.581967970235656,1.45960465799314,-0.0717455805016381,-0.975439838439472,0.410216358440372
28,2,-1.53600981907975,-1.91166685226253,-1.38444524076257,0.526068186132275,-0.340897475659101,-0.128745154755518
29,2,-0.0832248540201881,-1.4387440727477,0.805431056230822,0.810103088705945,0.251473436764614,0.393103802748198
30,2,0.533440000301102,1.90789739395737,1.41562667785803,0.0791462972728708,-1.10294768260219,0.662237976562268
31,2,0.928506751029301,1.95902642745776,2.09868406775059,-0.652567665948389,-0.891698104068077,0.575667162804953
32,2,2.64090604532941,1.47263621618763,1.44487478162307,0.416379078017832,-0.607809266587768,0.471895058007468
33,2,0.227700731002151,0.807264541398477,0.980796975991566,1.01233737132038,0.238586145504134,0.843854844143426
34,2,-1.79030916859711,-0.645613486570964,-0.916227118128791,0.401530620497134,-1.86056565593511,0.0121371876820811
35,2,1.96516236751531,1.02582207871997,0.991682223557296,-1.24853105459623,-0.476616984792094,0.929158646217498
36,2,0.308384008890266,-0.948343994100276,0.988164256060156,0.468574790101002,-0.368787996611375,-0.349252501037599
37,2,-2.88036911027393,-2.19861969474686,-1.62960876100431,1.09451867362713,-1.18690354335496,1.03087230238053
38,2,-1.23529362932036,-1.31733256148095,-0.893655673580399,2.19806642281542,0.493817411786897,0.106136235585464
39,2,1.85586531298541,1.18703236405469,-0.591253554012615,-2.21155150117785,0.580050885598804,0.77827686622502
40,2,2.70996356425381,-0.173457327008045,-0.0131481186153012,-1.51547596618012,0.974203639453645,0.89649658279331
41,2,0.565804807400609,-1.07539609048795,-0.615714900308579,-0.377158018494662,0.901216850555273,-0.670095677289601
42,2,2.3093819170554,0.0584581356730712,1.56209432739697,1.73377716509641,1.33319628603687,-0.2597063922995
43,2,0.660987117656912,0.305045878372039,-0.214986251747585,0.707894868987384,0.768599652288941,0.240963634842619
44,2,4.50254021578297,1.53626055320754,-0.445026751786767,-0.30116500449868,2.18258097617315,-1.43332693625145
45,2,0.989557325317353,0.168805761686919,0.559883232103859,-1.29224924924383,0.191427297486825,-0.239322969797096
46,2,0.459492442032238,0.131395490768733,-0.400321040908422,-1.43370336394095,-0.616363663402377,-0.98966969121718
47,2,1.19420820590396,-0.150033607338062,-1.22499377367224,-2.24440098449789,0.799365437221015,-0.0613473326667476
48,2,-0.396366047113024,-0.983381792120167,-0.523080582653058,-0.584402543885626,-1.39351798766108,-0.153055936011763
49,2,1.72497964208096,0.690011743425926,0.188607002607022,0.236740272933014,-0.82935762644315,-1.32114025767492
50,2,1.14467803420839,-0.314306321443844,-0.409420527972314,0.658007873365196,0.852670528863909,-1.25588976169293
51,2,-3.56998404748468,0.118353307330908,-1.12733475290809,-0.953941042801296,-2.221535445156,-0.477632069921215
52,2,-2.79140551237608,-0.0575358311597555,0.892484286090729,0.601031454739802,-0.992773555486611,-0.899882374399846
53,2,-1.3111132055016,-1.56414364653557,-0.856545249968825,0.156758273656168,0.419659139320837,1.18978931053186
54,2,-3.39329024041643,-2.75457139433697,-2.26542481431424,-0.606149590278845,0.381968057942857,0.0682337003635593
55,2,-0.963425441859545,-2.21611231702904,0.76637205723605,3.00060841703024,0.457682792174244,-0.115501662047268
56,2,0.245900494825219,-2.0457432241982,0.962877318735595,0.912358764690846,1.26352869359008,-0.508171485057427
57,2,2.49834703224177,0.515538646118066,0.469297582385384,-0.738061945108785,-0.831892929402995,-0.562958509143922
58,2,0.115391116835895,0.157825900824488,0.737285163569383,0.256867132847326,-1.30675138909113,0.0154877071217225
59,2,0.828047015271779,-1.57889055941209,-1.20952630532017,1.08479889303294,2.04729968196472,0.772822959423109
60,2,2.33517458652353,-0.226273708795326,1.23107795114116,-0.0593172347338365,-0.80711477366678,-1.75390709333888
61,2,3.72608379728433,3.65885312972917,0.653684535671716,-1.479423325946,0.390358694103806,1.62875458650932
62,2,3.089503287466,1.28640921314087,0.635410422252308,-0.417162595851202,0.68638350129419,-0.0369245655854315
63,2,4.07877614153884,1.14776130207248,0.537717299049571,-1.05236445379188,1.7693479147553,-0.159433307323958
64,2,1.96149207073999,1.23138961928504,1.18019131907331,-0.333865989125697,-0.226718534483072,-1.30759698841768
65,2,-1.26332793516524,-1.56473260041711,-1.57128554150594,1.11123735433857,-1.22977765747757,-0.771475524589986
66,2,-1.04206604064666,1.57871014041461,-0.0431932855230606,0.400563601166937,-1.71791373059275,1.5292353222867
67,2,0.0130561927638218,-0.434701104007965,0.136976568709418,-0.532843291264379,0.187141457954904,1.19015456406674
68,2,3.29504754540304,1.10459060858841,1.29732483341246,-0.0694284452807902,0.85146198906594,-1.0923768036428
69,2,2.36020302924294,2.84688007413971,1.85076619146239,0.741765267946286,0.599005668831167,0.239822815787922
70,2,-0.605338270753779,-0.137478815626387,-0.586205222919043,-1.36680359974772,0.716531678156249,0.838954666045108
71,2,0.866657444435215,0.84032209927585,0.773646669511962,0.5992583569587,1.03909549522845,0.485606672565765
72,2,-1.60618651317814,-1.00160488826415,-0.208377097904588,-0.226423719907442,-1.1026763715164,0.236656620749544
73,2,-2.72281190124046,-0.189345796537297,-0.315286119841681,1.0166215569707,-2.11563723223739,0.759488898036022
74,2,-0.797771108068869,-1.12293707042462,-0.0409746060932718,1.64332095278641,1.21282657605504,1.80852274997299
75,2,-0.715130946290718,-1.21703647963751,-0.215491672226926,-0.21775542534946,-0.907617434428177,-0.805972326441499
76,2,2.31246210858971,-1.71349810876119,-0.0371071564701811,0.359072151735981,1.92420154834292,-1.45567097908575
77,2,1.25609486902528,-0.244875880054281,-0.0608236862698916,-0.25947675049347,0.39892273608134,-0.901278607528073
78,2,1.42527231842554,-1.14546323383961,-0.736171753163928,-0.460722069814584,1.49482678370493,0.970556756829835
79,2,0.0380983202871502,-1.50785521212137,-0.541939973516068,-0.832875369956124,0.092724699017923,-1.61508300304179
80,2,2.4374402818084,1.41550024350041,0.658679347474866,-0.792649458738319,-1.06613614670026,0.733204556934008
81,2,1.01285441377716,1.13737926092183,0.305998529284702,0.860167568504326,0.312946114359178,0.285266387581506
82,2,1.44824534658836,0.224879619540507,-0.60064508159145,0.0697012546469059,-0.159532327294399,0.258897170946944
83,2,-0.60150815254017,-0.207914504819428,-0.694507588821513,1.26337063047287,-0.953182521836553,0.499382509266447
84,2,0.979184595670787,-1.6858128315002,0.58555984921812,-0.295333867182623,1.12843261151656,-0.282398435198668
85,2,-0.884986774949093,-0.386491828816802,-0.891064745895506,-0.206097098389969,-1.35750479912862,0.911846821836676
86,2,1.65306602835515,-1.62795440167889,0.347956842355886,1.01624665626047,1.0582858816176,-2.18464892266647
87,2,0.462442507638906,-0.0439180207569921,-0.232461788808298,0.135379617332693,-0.4153846438713,-0.78156818521221
88,2,0.985804117120819,1.42916256292873,0.235008021716023,0.802698782189259,0.0791259987810953,-0.401666847015984
89,2,-1.45668114821221,0.772338206554094,-0.491388249658821,0.829833292410895,-0.433365919721952,1.61953860883761
90,2,-0.147899446208214,0.339063099264333,0.998426225161611,-0.0325911856767557,-0.927954119052701,-1.06362042511149
91,2,-1.06094938451678,-1.89748542440295,-0.020212872917175,-0.361982528715593,-0.702644828918489,-0.422201899585194
92,2,-0.0557889538621771,-0.253282928996782,-0.133716195661702,1.00712264382868,0.868989447109854,1.70773197287873
93,2,-1.19638376672968,-0.722074454932075,0.386303154541774,0.724552058492263,-0.194657317382727,-0.359487512376884
94,2,2.07239932995019,1.05508260284436,-0.204946612148674,-0.516200163182055,0.60217037512976,1.09347363141204
95,2,0.290200855779717,-1.26892560271186,-0.85145941461694,0.524856505267969,0.662823260616295,-0.508149695417206
96,2,-1.91494712568206,-1.850258563844,0.144652199926754,-0.262950702099027,-0.733681956545319,0.33518479143476
97,2,0.686801217610032,-2.15328461368782,-0.596432197624584,-0.482531279988322,-0.0257983211200081,-0.242814884359149
98,2,-1.93329805918217,-2.23537412431929,0.946758265559708,2.03348358618487,-0.856948197259349,-0.793436327791118
99,2,-0.420996792144744,-0.412494418746283,-1.520734761382,1.09153071785162,1.22031562471135,1.76675201860322
100,2,2.60157061220839,1.72062518721594,0.55472765203944,-1.03328014477642,-0.317940849718809,-0.136981369695151
101,2,3.38290585943612,2.161303587471,0.77525280535294,-1.96419876722723,0.202054151297632,0.56703706976663
102,2,0.984521734409875,-0.0434874907065101,-0.731187768365984,0.793121164694086,0.586077354563209,-0.18738680885339
103,2,0.363435548908173,-0.244330045902611,0.799037619747399,0.720396289533813,-0.862709964124365,-0.273971576403922
104,2,-0.0956019069845227,-1.08975155156512,0.0158686410257782,0.312154929834824,0.495929171146459,0.595112026563423
105,2,2.76522972256179,0.237432892929858,2.2335084842514,0.233572487974734,1.06791722447192,-0.104002133546337
106,2,1.11113571846775,-1.38743960149374,-0.828032514077976,-0.566856055260076,0.0189021208139851,-0.174111412810419
107,2,-2.34295578448239,-1.82688760383095,-2.09004189816924,1.1749055574439,0.782203665156572,0.480294345633115
108,2,3.50099664093536,0.7931311314651,1.76602719864895,-0.32715461344086,1.37449393361442,-1.01304472449807
109,2,3.13831484540495,0.92933012411934,-0.0813913709428347,-1.55155937830245,1.22431730164036,-0.0563672288188917
110,2,-2.67847851819031,-2.28052014147022,-1.07539147271527,0.946587384976563,-0.40210672052884,-0.057680410326585
111,2,1.2067674930146,-1.07830496065679,0.07231100460704,-0.735766050438819,0.0628803570535387,-1.0981543313758
112,2,2.3872373780175,0.94280179918052,0.445265276551468,-0.557008285546963,1.76057901581712,-0.0588916333801843
113,2,-1.55728421832838,-1.28847220277118,-0.93534127537719,0.137857388894769,-1.83324532498698,0.183600595642492
114,2,1.59990203621386,1.24501099521806,0.888976806504548,-0.592828903257633,-0.568835502402491,1.00416263768255
115,2,-0.380354553081127,-1.87347349748743,-0.564470924280027,1.18481004193389,1.22479529698141,-1.72210414740855
116,2,-1.4903810228059,-2.56662436206287,-0.844780893667374,-0.022600521601479,-0.116667927015027,0.929826145717067
117,2,0.441461772563908,-0.768194036607093,-0.673842091859543,-0.711423899679159,-0.270555434289673,0.742482723335572
118,2,-1.20772874542465,-1.4729968243605,-0.383762106247204,1.58697110406669,-0.531091141004506,-1.24617254745233
119,2,-0.507048195242857,0.251734379773153,-0.230273313471834,-0.894008577327462,-0.972739225983481,-0.10270916546745
120,2,-2.5515547611208,-0.99717358804112,-2.121709075252,1.92621063016523,-1.17576175542131,-0.540174690470866
121,2,-2.47539423190521,-1.91143843417557,-0.806556021630179,0.221737206505459,-1.92401542883691,-0.963843040340151
122,2,-0.798304035568247,-1.80391261560942,-0.452891749058853,1.23902306837267,0.831737000410914,-0.994765117482061
123,2,-0.221073590071427,-1.43480633835076,-0.765606529087781,-0.550960053636864,1.69206188709965,-0.569034443309344
124,2,-1.11985443097718,-2.49389692419912,-1.96223656907646,-1.71679717102563,-0.13642899190878,-0.713010050137536
125,2,-1.19051029676546,-2.01617306408239,-0.368124565828116,1.39093825265117,-0.285137606778311,0.614277972397367
126,2,0.993399615751386,-0.767942998020842,1.68499972509833,-0.45272327255112,-1.17564225612918,-0.29988434353274
127,2,-1.47682680884058,-0.659465360095754,-1.13752143602068,-0.550635091976988,-0.0670310047000279,1.55698050248291
128,2,0.673594931503525,0.508399333585559,0.787271360712193,1.3033876758107,0.811432166006595,0.768950615581675
129,2,1.46580726899501,-0.261820739247183,0.731025267477538,0.20594861332965,1.30026255409641,-0.622503313980768
130,2,0.156844026640135,0.256287007676098,0.332516983418332,-0.0373541855567206,-0.937942867367795,-0.0564868267840116
131,2,0.505008303935011,-1.07639777314628,-0.854752388508777,-1.44411694495896,0.60735353454648,-0.570571343984257
132,2,-1.32123791934528,-1.70022516028602,-1.16031033317851,0.704658696909237,-0.546328887985788,-0.339456202679309
133,2,-1.95645502135427,-1.23740920246426,-0.247652595877991,1.55177728672575,-1.94552606375863,-0.899438329900064
134,2,2.2256318347513,1.72923011117118,0.630009430753108,0.168038391933655,0.205705684020132,1.1007520443915
135,2,2.98944854130309,0.911471653305661,0.229049438843213,-0.121065565583795,0.502460987990535,1.11579790342855
136,2,1.61274346906837,0.101995356669204,2.02784012177867,0.873541199097668,-0.101842944602863,-1.51512506354569
137,2,1.18243138843217,-3.15760164466475,-0.147417860774379,-0.843029340685474,1.29055111347476,-2.97184774666115
138,2,-0.871087697444803,-0.00327639956941835,-0.840491357701528,0.906221486444769,0.28067538408145,0.400736120906701
139,2,-1.78663822170104,-0.988495246743191,-1.83296908515218,-0.131874498749267,-0.122675245193665,0.68402911414543
140,2,3.44282183011723,-0.271312972282048,0.163806000012025,-1.78955753250126,3.44201723257298,-0.867743754347101
141,2,0.0954288844606718,0.415628273441436,-1.12199460434902,-1.56519596666032,0.703900617543962,0.398768001403535
142,2,-2.73270439327025,-2.43128279013055,-0.486370389426471,-1.71238865096436,-1.39800320253076,-1.12710588319185
143,2,-0.7682647670698,-1.98510694901591,0.329880176807268,1.79388863711626,-0.32682138521698,-1.43368954286363
144,2,1.83055250306476,0.472417635162014,-1.07731992322009,-0.445080668519815,-0.219731197047519,1.7573296103835
145,2,1.5449173202934,-0.841691903599041,-0.393928232357821,-1.62734920223837,-0.266410577569008,-1.6335012237358
146,2,3.44654551220216,0.398441030866231,1.57553610097946,-0.5439784415456,0.650147786603527,-0.0852608889920045
147,2,0.0229323064339735,-0.422107433270625,0.679105806035663,0.81751392632347,-1.0519845322544,0.0904344691404781
148,2,-0.29927970055192,-0.687179710168538,-0.682007051646202,0.177194686041821,0.772367547150581,0.889612221537782
149,2,0.638478735851269,-0.684229060708864,-0.378694083033447,0.702306339622784,1.0431920053941,0.913416662904279
150,2,1.99882524966171,0.166488110676304,0.0336976305536073,0.215075486270083,0.205077436312099,-1.30216819907347
151,2,3.03809351019849,-0.766870387247944,0.720520140690494,1.65867688993707,3.56688405531864,-0.912357854137195
152,2,-0.19717685014114,-0.975038246505503,0.405400617835567,0.783927541055147,-1.57781296937517,-0.706154875204227
153,2,2.98900683984303,0.147126842854374,0.436069356966614,-0.228560442378222,1.00335273836423,-1.81428258813339
154,2,2.17286837730573,0.843328659177858,-0.207032288651416,-0.682543378401465,-0.275357759467549,-0.131447217203913
155,2,1.11716437230899,-0.532163585684962,-0.21347783753292,0.737605076705326,1.21247739403623,-0.506865546640925
156,2,-0.978427743808138,-1.89150577013357,0.240988585746763,-0.471685897229053,-0.699447176153854,0.179905299834688
157,2,-0.150342458745275,-1.92400344702801,-1.69913864165688,0.141567222965244,1.19413898291404,1.25141157516834
158,2,2.10868421292067,0.985909920530605,1.52802863012406,0.460812804512019,0.941264283330356,-0.0543604058728325
159,2,-0.650646849643274,-0.412755299233248,-0.297903750225214,0.662974462522938,0.571246500673127,1.33044858771697
160,2,2.27189899698923,0.642908109209407,0.517325404205377,-0.852833998198468,1.25616999535293,-0.297900184520538
161,2,4.4011893326935,3.34893182425001,1.34245906337204,0.562912810057699,0.13113067865857,-1.12868994644745
162,2,1.83560701850073,1.11289253866069,1.96391384919623,1.22188308072072,0.344295741277977,-0.436033092067208
163,2,-0.879548065044837,0.502395356078994,-0.632991433762438,-0.223290507288964,-1.42089322377173,0.431542246162639
164,2,2.06501288013045,0.936609668833558,-0.102619279392633,0.654864696143265,0.68926455150818,0.214131665649276
165,2,-0.28191908481253,-1.20886393813938,-1.66962539181513,0.711041883917259,-0.39193542824296,0.77262441033896
166,2,1.25896323352379,-0.434974762281505,0.257890540985402,-0.489123269380394,0.894896137362766,0.467355037150896
167,2,-1.21762328235847,-0.151162731838515,-0.0830523588583993,0.705966010940596,0.266657105444295,1.02168788475973
168,2,1.18134651826215,-1.07218176201725,0.523760830738649,-0.602510637926367,0.910634784181721,0.0972753580768567
169,2,2.42202711640878,0.00961490736404928,0.172415827515669,-0.246423709316756,0.281568947326709,-0.462204648067903
170,2,0.63155043027255,-0.87539403412495,-1.85393114253418,-1.05098165731409,0.850977209166372,1.14848353664465
171,2,-1.95619975787603,-2.09207719221012,-0.998640508372238,0.00627529172100509,-1.16165290885191,-0.103110296594624
172,2,2.74322680559345,-0.194131561563284,-0.953630704980624,0.243677488839343,1.86350999313561,-0.710323582529454
173,2,1.41255299127289,1.89399271107707,0.810817619236844,-0.21545226079467,-0.918227709102704,1.5673875078444
174,2,-0.0642331525143641,-1.33554623532446,-1.47322740850305,-1.36734935881544,-0.556046340856489,-1.14289390903349
175,2,2.02982740766834,1.27119659050009,0.824267367482962,-1.40352215317966,0.426903220462134,1.14945222008759
176,2,4.40904415059196,2.66390632610597,1.53319383112154,0.273546129553332,0.874743680668123,0.393854288215557
177,2,-1.71509540237427,-0.436202706242763,-0.56780147781355,1.13112293192684,-0.946599680052051,0.635858133285733
178,2,0.705076610195828,0.0272186185154269,-0.170631538088293,0.445199917811293,0.533300074827069,1.35513426952872
179,2,1.96310675832427,1.20289182027021,1.14183560126792,-0.0554728660871281,0.183255745485083,0.47321189363508
180,2,-2.19291921190704,-1.81025003750701,-1.43927335448819,-0.352015675086683,-1.07387160797194,-1.50812835433544
181,2,-0.395351423366891,-0.474203408309423,-1.22152518220728,0.827640939105329,-0.925682259131418,-1.13153614851709
182,2,2.85602343659296,2.3954923995798,0.832087864999373,-0.854663261363287,0.63861878257275,-0.227311473363405
183,2,0.122497680837471,-0.00791311450728734,-1.85695932836949,1.53921200254546,1.60674368920388,0.358963610146911
184,2,-0.139781953441521,-0.261660431709173,-0.895813576729224,-1.39912072325833,-0.677369066652577,0.526842908925474
185,2,2.88575644645265,1.30099673276701,0.790730411056309,-0.854457782966282,1.96056780353328,1.31096478498366
186,2,2.02815967435198,3.11772510090249,0.173656079908905,-1.81880849835349,-0.857672143279664,2.09079675365327
187,2,2.96255729246579,1.48902828254803,0.137664784952425,-0.866470825565152,0.319169146181063,-0.515416244520433
188,2,0.170094370630185,-0.581654585453516,-0.971845651773456,-1.0852508179614,-0.196725774603139,0.0374292328216859
189,2,4.69218442033322,1.37398868522226,1.81093918099169,0.00847422443900786,1.37775394019208,0.23506323297712
190,2,2.01535003053562,0.425735853529178,1.48816352936955,1.08324538331435,0.109372335213361,-1.06498380852872
191,2,-0.421939922488928,-1.21161795888273,0.0118247643257722,-0.432949454958374,0.387417468052557,1.72276533027608
192,2,-1.55048661437732,-1.14116738569238,-1.23354780544236,-1.04563588533726,-1.31982318132205,-0.403914039868784
193,2,1.99440962720912,0.733026665425505,-1.36066224092408,-1.11274112270457,1.66523096619247,0.655018187640723
194,2,3.0306345250484,1.10658363974742,0.483101866181976,0.228851941917943,1.32496658078638,0.712011384309692
195,2,3.25063295093674,0.777527044960973,-0.27653625550452,-0.489640982880476,1.06791788478519,-0.235751193275757
196,2,0.899805955184135,-0.156188982522758,-0.315055210156591,-1.26537133766843,0.327680641356975,-0.361189524365317
197,2,2.12943016489168,1.00955604168179,-0.336185978523682,1.6917006498059,1.29586934061318,-1.02635998235728
198,2,3.15752755833796,2.8119931729934,1.48749020316798,-0.304725249484875,-0.677128956692783,0.446146994235953
199,2,0.84123459431884,0.729290085692252,0.513053746094958,2.21967319360266,-0.758179711280205,0.836446708303022
200,2,-2.47123825676865,-2.72604570290701,-0.307497259417008,2.50337278290592,1.20591769674414,-0.696914550649804
201,2,-0.480106998988344,-1.91690877783724,-2.58268251440913,-1.02829527943286,1.26402288406156,-0.685873410507461
202,2,3.57826066216697,1.36781772388901,1.28873657256341,0.161996725577241,1.3255019230728,-0.097517552491744
203,2,2.14856036732522,1.18812284203357,0.603760301566192,0.104953412364316,1.23069535365144,-0.501008073324418
204,2,-0.809309265384829,0.901773005696761,0.130201342868371,1.77126845583992,-0.848531407788283,1.99040007416617
205,2,0.766746936421338,-0.332363973584175,0.216206558916627,0.173221607094993,0.049525488290704,0.678983891030525
206,2,-1.32873615027246,-0.749542301503098,-0.836787967119248,-0.760199178601392,-0.821822929888707,0.955622281706161
207,2,-2.02143487621838,0.220433954119726,-0.112215762472535,-0.885817809909938,-1.37115991648972,3.14634094625997
208,2,-0.836608759001286,-2.18583783004442,-2.09661612216381,-0.3159204645803,1.19058532136217,-1.08377397990558
209,2,1.89591768920222,0.413102976215027,-0.0866186140997717,-0.43221420540725,-0.897882469680076,0.0503215525210053
210,2,0.576294338294274,-0.922236011916914,-0.49472403112167,0.49591509424445,1.05370165962607,0.488934835837982
211,2,-4.11126623316043,-2.35281659339434,-1.24138571209821,0.0518706030322457,-3.19531590710094,-0.156045101624514
212,2,-0.0911082019490076,-2.32379456268345,1.19529756361725,1.38987934831453,-0.855238189664144,-1.32852125054111
213,2,-2.03884066581632,-1.55651465658057,-0.652172948753563,1.41170935067,-0.778658750540516,-0.496671850941826
214,2,1.6105846167181,-2.02480140624831,1.59396606063696,-0.431883907487205,0.568831496024993,-1.22424270860401
215,2,3.08109972370877,1.0091720937271,0.479016701218928,-1.34003909191202,-0.0481895565541819,-0.358696214732962
216,2,0.216615096596642,0.064121280999749,-0.865230093171183,1.4586997520125,1.25516552728226,0.284463644449405
217,2,1.75277127111228,1.6535308837837,0.882853886659777,0.923064441484375,-0.0949976988918177,0.442889431956725
218,2,5.91712750670306,2.7926415444115,2.27065823794001,-1.42977628843916,0.992588776956594,-0.192005080010422
219,2,0.046833758219492,0.402964713189451,0.0499899780877997,-0.786468398416074,-0.903010841311304,0.0558241378089247
220,2,1.31161951027405,1.56211463590091,0.142793791326482,-0.120886604433854,-1.1721195460175,1.95359803096877
221,2,0.266428634560223,-0.592784471013181,0.815739787144098,-0.12911211300791,-1.15754347703887,-1.73776394918793
222,2,-0.650105792381032,0.334556118739336,-1.07364507043771,1.07294535852956,-0.5987953600639,0.549275780983779
223,2,0.35205235191722,-0.00698982076830959,-0.34067041280668,1.15470962559241,0.94754950490202,-0.853947131756407
224,2,0.735131370494102,-0.323778328859307,-0.738891042530851,-2.2514474684161,-0.0393524777795844,1.0514284840518
225,2,0.337286674201977,-1.77795681856796,-0.198861260651364,0.689003049389553,0.748569183218905,-2.41140676594026
226,2,1.17185057601047,-1.16042760264245,0.880888826650902,-0.460484668004348,0.0680971327790933,-1.04063441563825
227,2,-0.592990395556569,-0.493653173688993,-0.280877203273318,0.742537495291956,-0.141825494427305,1.52186103645208
228,2,-1.10436384422001,-1.21743274130665,-1.15360618204726,-0.135507541170553,-0.60559703323456,-0.682523759485805
229,2,0.93276302230024,-1.80797702214533,-0.159045577278996,0.723059622677339,1.66710271261391,-1.32914476134813
230,2,-0.219652148622433,-0.495981865331002,-0.159644590936166,0.520345943959652,-0.967432938652527,0.0938413827111196
231,2,-0.799194980306591,-2.09877906139263,-1.37790464128613,0.0805313484923197,0.44800451641148,-1.43601198424273
232,2,-1.90799704857827,-1.5274115345681,-1.00373834380781,-0.562607688535992,-1.98668194969444,-0.802502941684063
233,2,-2.45366209880859,-3.19523788671253,-1.68586579641706,0.292899916112203,-0.510658707780473,-0.785824877441997
234,2,1.03291489448092,-0.566047028982392,-0.331495415282493,-1.11542672812259,0.751441004571443,0.0160675062720751
235,2,0.532373288844885,-1.0651726793911,-0.806465428052572,-0.998962404348868,-0.579124875645164,-0.648012310201066
236,2,1.84044533432175,0.74734303590643,1.23214709784704,-0.373145028004604,0.215868279588902,-0.27285614311259
237,2,-0.047463359105923,-0.275578804482233,-1.10646405105262,0.451384952037241,0.239593789876519,1.12187243598717
238,2,1.13920631335679,-0.0677535294912985,0.697908802727413,0.172466468337849,0.0521551796213585,-0.474441786138035
239,2,-0.784533111145402,0.00389713112094875,0.183561156496872,-1.86965660557133,-1.6045699990138,-0.598751853330555
240,2,0.68631334423481,1.10596062877427,1.40696751251285,-1.10347152901921,-0.292826875909952,-0.614349811906048
241,2,0.701825468750036,0.366408872536915,-0.783154357420623,0.947734874923699,1.08875441062321,1.36528419963464
242,2,-2.10271089182329,-0.229328033270392,-0.502735160116656,1.29058430562961,-1.13757817473538,0.0185580215427115
243,2,3.42249908054141,3.02423478247749,0.699978417623494,-1.97024305418865,-0.354186803873652,0.215010185171093
244,2,1.18326546313848,0.596465786393716,0.760986086868856,-0.0354324156563538,-1.01476804432248,-1.09168076005632
245,2,0.326746593071288,-0.104073907942727,0.192498342823915,-1.05867122117343,0.0454707741599472,0.740875905707279
246,2,-0.0798741365503473,-1.68030407439865,-1.30089194010523,0.753236151870392,1.36002302977206,0.416257091559394
247,2,-0.978657642587099,-2.60395445059287,-0.939301035512094,0.222038379501198,0.563146454832113,-1.71388266190089
248,2,2.44641422276288,1.52936712027925,2.00788566049048,1.30092489831579,-0.213541081131769,0.164162388368636
249,2,-1.28664823790028,-1.14823078221659,-0.492177008373986,-0.08254636605013,-1.22746373193972,-1.12563646832907
250,2,-2.10588625478987,-1.73774425139915,-2.04206057798091,-1.74632658776687,-0.21313975182769,0.433486715854488
251,2,0.93650000100123,1.97584461165379,0.984147635817262,-0.174067306081422,-1.00210557775961,0.398927608457144
252,2,-1.55847465324483,-1.2522789167718,-0.835141622223835,-0.0614289429290256,-0.33513086204277,-0.103164939824182
253,2,0.389800089584352,-1.17465886006245,-0.410276482837891,0.160672450329655,0.253769328246132,-0.849780706600367
254,2,-0.648986279750363,0.0302792283684605,-0.276644114183007,-0.811901296640202,-1.29272295940953,0.855519275485342
255,2,2.26151706081707,0.812589574419209,0.553683122781051,-0.064690923906721,0.586443403730984,0.22820296142489
256,2,0.530214202418298,-0.588168779812597,1.08703534861159,0.407494329927625,0.29374791158713,-0.0219410743208513
257,2,0.540484296523947,-0.922288432018011,-0.651571637242315,0.662897413267199,-0.292668180870204,-0.296226969042807
258,2,-0.291012229372631,-0.592039114622314,-0.31509029641509,0.312532797592418,-1.07635839235325,-0.60286522892224
259,2,0.947515233411931,-0.329991516393981,-0.186945809806392,0.419904945343638,1.04499260792039,-1.55662811040893
260,2,-0.890903923446171,0.230398584265389,0.026870749393906,-0.672991999349599,-1.21929869541122,0.965220645078703
261,2,0.500079381897759,0.787702053481709,0.589619661003026,-1.13474112819409,-0.934724962348651,0.184532765209944
262,2,-0.916808158670829,-1.80470343435239,-0.573135412047217,-0.380009846802187,0.462125473280523,-0.98618955995789
263,2,1.84240520198932,2.24168157563416,0.148739256919195,-1.33303961201344,-0.137284182107929,-0.12961896428079
264,2,2.56122726522387,2.53480970180676,0.851798910621533,-0.758007523699791,0.70811440532751,1.38138622174965
265,2,-1.65357763390942,-3.43424687122617,-1.68293891012527,-0.535893252451272,0.735869212176239,-1.54363692386147
266,2,0.73704813776134,0.216393406714876,0.51936823582353,-0.600279945355648,-1.35760562327696,-0.889622076963555
267,2,-1.76566351850635,-1.63919475351106,-0.718607597709559,1.21038378169147,0.0430381438392464,0.950011309438764
268,2,2.00934803561528,1.94982202024187,0.853879191848521,-0.170414582181604,-0.426450947859984,0.351777138533052
269,2,1.10903321613207,-1.01082800126034,-0.0623311951058356,0.220536535424498,0.721552930471327,-1.21120997791
270,2,0.972084413794381,0.840013270536937,-0.402194177130007,-0.634106762866825,0.269162517930509,0.620450750358782
271,2,1.31751752048941,1.17506280257872,0.499308329004893,0.715058183973863,-0.497637984608943,0.340141735403741
272,2,-0.315760487777938,1.11654460115226,-0.13494322392605,0.0370021904511791,-0.967401517945036,1.58773541364875
273,2,-0.325337264073406,-0.624037291974413,-0.264779419886958,-0.557557821042921,-0.618870192707334,0.766539410398141
274,2,2.08004703817963,-0.347858864773228,-0.763836933271143,-1.44235202490592,2.21670806863421,-1.84878472397184
275,2,-0.0099088386509869,-0.262187128598107,-0.42737657801824,1.11599098127548,0.15551577737974,0.347266816997262
276,2,-2.02439698926293,-1.50116419173643,-0.89885978409651,0.21497011081472,-0.584892960029905,0.604950148018722
277,2,-0.347401864045373,-0.509595573034568,-0.0347507836472958,-0.292638234555939,-1.07888749131702,1.62811371176456
278,2,1.18303284666956,-1.66659281142912,-0.0555481359506139,0.776164814855921,1.66532544434975,-0.143296971414529
279,2,-0.192800723980281,-0.332344879207094,0.586792471880535,0.418121658524774,-0.736273136904822,1.16128348825868
280,2,-2.29008944482687,-2.6759052979051,-1.40081743958003,1.49564359248401,-0.640551345573395,-1.4256281554515
281,2,-0.404793042200624,-0.75641831337491,-0.130220077534517,-0.655320566838896,-1.01063034852856,-0.90988296604741
282,2,-0.654753461122184,0.0231890104344276,0.504924207187272,0.0873916121172301,-1.17327966013343,-0.855518899880534
283,2,2.26419253189837,1.08367884348616,0.298694032441022,-0.357146775433478,-0.112586924769368,-0.00728353502335017
284,2,4.98976611487292,2.50063008279447,2.92585847730211,-0.671281916540707,0.184937399398621,-1.00414402701742
285,2,0.184767425503472,0.954678768255735,0.568355184553931,-1.80348931763573,-1.66180194910679,0.402235373106007
286,2,-1.47483452000689,-1.26750420142587,-0.233407824315481,-1.1608107986826,-0.953900224980755,-0.821982154870907
287,2,2.19421170277709,-0.316732665413874,0.647927779791114,0.089199518366559,0.173430019675999,-0.606565394360492
288,2,1.46057087951948,-0.450631595079489,0.0394012255177802,-0.152296656208626,0.620453737691178,0.00876715548374055
289,2,1.80126761542976,1.64998255455416,-0.566339869821828,-0.100974743561168,1.23468934041724,2.941470556406
290,2,0.15026556250172,0.876008487955173,-1.16956814468795,1.72569508995803,-0.164469493319637,1.02472173419239
291,2,0.178720757254906,0.536149574910688,-0.338211781988277,-2.16892537079239,-0.843569772085984,0.244363908552401
292,2,-0.520790833562521,1.08069461082611,-0.251190274256465,0.315310572507496,-1.26394135063278,0.590508826342725
293,2,4.21204110015637,1.73389534230073,0.826725680106278,-0.938894370516913,0.46316562687686,1.18893970436969
294,2,5.56978248102057,1.00145740624494,0.990471068809899,0.563807858746389,3.5569072481264,0.469091173440357
295,2,2.06931572172089,0.499347572221964,0.776481051189437,0.808082112729754,-0.76827735046407,-0.530279572722828
296,2,-0.252056558273093,-0.0155915386921536,-0.805946195675295,-1.70596866301792,-0.816616233237652,-0.353535360078369
297,2,0.4963551697615,-0.436932641820905,-0.401495588772257,1.2049988481791,0.0921289462792344,-0.0559788988113677
298,2,3.03956984947966,0.501686309823415,1.68669549804057,0.0778074312158419,0.77422152845358,-0.263696363011982
299,2,1.79719635777935,-0.835276544330216,1.74860550154188,-0.497947997725051,-0.268664299122561,-1.64777609052082
300,2,-1.80619063369979,-2.74962607392672,-1.57979047969397,1.08844542141033,0.107692246579343,-0.702005942737814
301,2,-0.910110367903064,-1.60740536121159,-0.960990853830804,-0.488089231821142,0.0198360540810256,-0.558797749550782
302,2,1.45657835567591,-0.632980226836293,1.16811100937542,-0.475510023713918,-0.605940873309478,-1.57058452372046
303,2,2.37840935250978,1.28096044463968,-0.169963238577975,0.368154374983173,0.943185168087107,0.0315234427679307
304,2,-0.570157816894699,0.204007343830404,-0.980896491173681,-0.112210015119423,-0.787794270514064,0.219236607874453
305,2,0.424942673478251,-0.187318773122548,-0.522696768448762,-0.702914909860175,-0.426125722267171,-1.04300513814003
306,2,-2.61877451068519,-1.50425393807215,-1.04282724604339,-0.962805581576289,-2.54826980466606,-1.06911408486703
307,2,-2.14164307771664,-3.57329640020961,-0.0272486258649168,2.25898905618047,-1.75449591795652,-2.37758775158364
308,2,0.613682994141727,-0.585985595383184,-0.562573776419492,0.201306651152004,-0.789748634044169,0.201478429649315
309,2,1.92150648022875,1.35278022557174,0.541147964919117,-0.837265834940081,-1.18773021432579,0.0214577576943776
310,2,2.63824300249994,1.69306190884764,0.596399511504337,-0.858141697620718,-1.13967657501156,0.26237481244238
311,2,-1.02420806313886,-0.864574759671739,-0.502625704322956,0.29967812526529,-0.78768841728627,-0.643982579728465
312,2,-1.82937052325342,-1.68895693947868,-0.457652321005856,1.12438911187672,0.208302170090178,0.156727043015324
313,2,1.44972340815993,-1.1796595141183,0.120304137700673,0.110541579599069,2.03808589355568,-0.785234838380404
314,2,0.264261742932559,-1.002771572119,0.352649537280965,1.59213271488622,-0.716435747072817,-0.50468565033502
315,2,4.88793993593651,1.38706903091036,1.62405608893516,1.36509085878559,1.52730878342782,-1.30206573860828
316,2,1.01030048042131,0.494871436123161,-0.364399273083358,-0.518313309456222,0.0450890779246752,-1.32771902315904
317,2,-0.894092369701272,-0.235407629534149,-0.191191027205394,-0.0571555929884316,-0.859031510847848,0.288760819242293
318,2,2.09133937397581,2.17826762486111,1.80008615781937,-1.06446477621885,-1.0715964585266,0.860576556463507
319,2,2.83488829863021,0.4447585296455,0.537693049431498,-0.164967327678978,1.01520115327498,-0.181081153468519
320,2,0.606784780835677,-0.659798276916418,0.224130942975278,-0.961103182780452,-0.520620527187926,-0.748452586500128
321,2,-1.10241070210093,-2.13798947980635,0.859988239433962,0.181233989841054,-0.580400225030884,-0.876527739584497
322,2,-1.44560595178088,-1.00298194892547,-1.1315479860172,1.17075389449281,-0.523504965447395,0.70594112841971
323,2,0.82977318405371,-1.14208701555725,-0.594130042490327,1.52852981096267,1.02788474458198,-1.08537602367309
324,2,1.80375900557545,0.405114138737704,-0.0280009211457583,1.19039961366728,1.87402596385312,-0.651959287755233
325,2,2.11001418180235,1.93980388164474,-0.911622198448388,0.682587109819273,0.485690340420956,1.09074519583034
326,2,-1.00990418822534,1.56186211213399,0.968811524121832,-0.741150713565617,-2.89490970222612,1.43650086943878
327,2,0.569815191649478,0.0280826672695522,0.808182740598792,0.739907064145232,1.32695836144032,0.249170203053879
328,2,3.42128513244262,0.191763795958858,1.07699595505282,-0.148517340618567,0.455296297308376,-1.19367131901507
329,2,0.628013875843191,-0.499227913431727,0.876674377659988,0.265904219373725,-1.13970025055349,-0.328153724981994
330,2,2.03532076142039,0.0481608714479029,-0.131539583875518,-0.72658423709662,1.15890554615206,-0.102033514656616
331,2,-0.952957227129406,-1.69408819479188,-1.0213102990007,0.301970919332516,-1.09508795007669,-0.685478915335695
332,2,2.93805524811185,0.815535719268202,1.06871754201265,-1.86292608287489,-0.142201103480824,-0.560696756420822
333,2,-1.11484163929273,0.284235089363427,-1.33897555856156,0.502077912451474,-0.578427119573169,1.19107583453468
334,2,1.53903660419379,0.328385235328864,0.110171054124634,-0.742487484616757,-0.213434154641938,-1.26323756903574
335,2,-0.773790104702844,-1.94599141527752,-1.63057045237892,2.08094241408812,0.387888265835853,-0.552246276695641
336,2,-1.57485061178414,-1.45976680160337,-0.361869852261524,0.756735020699187,-0.209683804463631,-0.48675621656186
337,2,1.28813359874602,1.18361841939567,1.08117180103461,-0.400772995180018,-1.20456694372832,0.0427058038957776
338,2,0.053152966193741,-1.0720251270944,0.416293282812245,-0.273903566010965,0.0878764965693297,-1.25151146139985
339,2,3.93746818088887,1.57627244223186,1.69483229220392,2.13060027257539,2.58648601213211,-0.892228868425403
340,2,-0.845656514359251,0.428541100142853,-1.20956134765403,0.1783574906367,-0.490256419793402,1.62928620288778
341,2,-1.59156278802265,-2.21739191029386,-0.133949707743399,0.33156699507975,-0.126575360898454,0.151879074897655
342,2,-4.67378404822421,-3.33174738875266,-1.30774779786578,0.417651126362666,0.375304452467143,1.69113223494188
343,2,3.09913736467724,-0.153993677721683,0.843191257922969,-2.58479041356036,0.99875045634727,-0.242925738263636
344,2,0.450071593452824,0.0918459687906343,-0.639968419058971,0.557530244652196,-0.0491670055852839,-0.380221428905306
345,2,-0.812912391439301,-0.379177255442501,-1.25907872215667,0.871733506782996,-0.872990029832367,-0.446059376132885
346,2,-0.0439189106442716,0.46987302526194,0.0817824248935857,1.31998916883268,-0.581681372291008,-1.26541359607595
347,2,-3.23755362097757,-2.35459638865878,-0.193424406419551,1.82473476717955,-0.0597565638136967,-0.461108062114221
348,2,-0.121656946129799,0.206422494585369,-0.33665628831083,-0.628938097871727,-1.06539485871243,0.718386594645367
349,2,1.0282675764021,0.135977664033314,1.04091500219382,0.664104194349723,1.10790042693545,0.0554743343582379
350,2,2.12789404004088,1.67513286991769,-0.410447185044083,1.91174226490152,0.332730655189042,1.54521557974646
351,2,1.81626324569135,1.01258576859081,-0.217605767136853,-0.924691602325358,0.180883047780357,0.52992470642202
352,2,2.16684536806684,1.88572249711287,0.636158008207267,-1.17604140429865,-0.547330309452899,-0.459758125906763
353,2,3.51509145234919,2.74065359238554,1.92807250701929,-0.189300389381819,-0.269513955283233,1.23315425333866
354,2,-0.334880345030622,-1.17612718934697,-0.0316873070045306,0.362645392335544,-0.60929052652653,-1.34965362885147
355,2,3.25872806796677,0.763787949831873,1.10546980703207,-3.0507545874064,0.629972856125719,0.411001786342782
356,2,1.68378569772226,-0.569427652078962,-0.401392057141397,-0.0236839213784061,1.13285530272176,-1.02572437543734
357,2,1.37400779840198,0.0849060004771408,-0.0980764659837433,-0.627670354909368,0.0732168434075627,-1.09162811783907
358,2,2.72134576799961,0.42447402010743,0.161801657235357,0.782700545514945,1.72282641552845,-1.48039665399546
359,2,1.73487844244201,1.93730504621935,-1.19577581146615,-1.2563850545438,-0.106127874851197,0.661140072716497
360,2,3.04013044402221,2.29323686046541,2.36335715936312,0.951147778139291,0.322289025810915,-1.20550403547014
361,2,-2.43774005107224,-2.77134700489823,-0.993586991295908,1.1566783777556,0.0526663004800418,-0.40998713360939
362,2,-0.211095249190305,-0.163742667281095,-0.153083965631431,-0.365179318969271,0.394130338751119,0.675714613787885
363,2,-2.71743114313102,-3.47697596467355,-1.8235701911924,0.702151919685235,0.625076909640994,-0.678430450749944
364,2,-1.42482514417248,0.000406334578709587,-0.206095736304763,0.572644494732032,-2.02053869303947,-0.325229538571684
365,2,-1.57667868783867,-0.34596738953715,-1.94115112476909,-0.0783189688157449,-0.179420384260131,1.11641181999816
366,2,-1.62911029236782,-1.84859401112095,-0.794527145569168,-1.36496011187429,-0.18591140780162,-0.341450343372263
367,2,0.501738858554793,-0.600562600960358,-0.363910047753852,1.18125470887309,1.32638020805647,-0.350012584975535
368,2,1.01155906198424,0.884957279183103,0.268547351971731,0.195610722350986,-1.07688979942088,1.5718540722123
369,2,-2.46196802213716,-3.86352712549705,-2.91633657749471,0.435328234496661,0.148082831088613,-2.88897673112695
370,2,0.46876819406822,-0.389399714647774,-0.270858950023131,0.822281883872906,0.357967207544596,-0.310273475586135
371,2,3.08053200205839,2.7749653169214,-0.479128836210439,-1.42052806994889,0.209166887251954,0.38762960148104
372,2,1.50563890585533,1.49460580199427,0.741670071445809,-0.12809546340976,0.458100853894582,1.28791705006046
373,2,-0.687673751135214,-1.34125376160478,-0.409799433472614,0.198839027704763,-0.232636547509489,-1.12419679000314
374,2,3.18087039746893,-0.183236845825171,-0.0211223261540038,-1.15017455288738,1.15747054416753,-0.655539587556656
375,2,0.165875914843988,0.473163970553161,-0.355431674012761,-0.0873727235226948,-0.505693390605216,1.69998790984315
376,2,2.88286761362319,1.99636947571906,0.877033218003057,-1.76872805313473,-0.395987554412952,1.1205560671635
377,2,-0.280426542533021,-0.474461544493995,-1.19212676814852,-0.0329030127411209,-0.290230388482849,0.647105465161875
378,2,-1.70937504900636,-0.712494844114142,-1.08947806771622,1.59494701901769,0.443565053890399,0.0421700350809785
379,2,1.20227064294998,1.58480860859126,0.510291954517181,-0.144454157199315,-0.786194495443861,0.313392147282971
380,2,0.780460301547323,0.687103203375286,0.706247733552355,-0.618112176765506,0.664126093127308,0.146528449740388
381,2,0.520404236446949,-0.977843158712301,0.148308596604585,0.0581932202089227,0.944974967562596,0.510039628145333
382,2,-0.22847273650875,-0.456189795693228,1.38558548575481,-0.373233597986966,-0.585691322477767,-0.287668584349899
383,2,-1.43937381144458,-1.30091376038615,-0.167896401153068,1.91422627195854,-0.3233631650895,-0.299322964027125
384,2,-0.761383715974922,0.690400400092301,-0.563908855979132,-2.44696738207027,-3.06101293296156,0.694594684462582
385,2,1.54928933180819,-0.202624110302556,0.267092401012245,0.335043341319665,-0.304168368471431,-0.23767473884463
386,2,2.10504127190242,-0.0342762665362379,-0.939074403525369,-1.67918497946152,1.52744156315658,-1.52583798323769
387,2,-2.92535054277197,-1.76042294445735,-1.65287083883749,0.770858454442852,-0.164220403055726,1.14350396410168
388,2,1.49258339186124,0.43942408774417,-0.00341914302497281,0.730294832754178,0.50844407007384,-0.358223455830249
389,2,2.75232376515082,-0.0667635141740764,0.551149257264663,0.642076810818122,2.06688852861044,-1.17101580057537
390,2,2.08807091603702,-0.712819486715723,-0.282493711955504,1.26402106460759,1.62830289295892,-1.45615243120488
391,2,1.77524368826457,1.0988781390935,0.606604093627245,-0.578726822655246,-0.521728384009385,0.56492961243859
392,2,2.0780217921474,1.03952046812681,-0.750675238789709,-2.38689177260929,0.107066613110572,-0.729507161410857
393,2,3.00795119658682,1.67457856846251,1.56270625041554,-1.59639901044244,-0.837248880052798,-0.46860836705713
394,2,0.457121907886568,-0.884246422107932,0.469548190681261,1.77799846837725,0.42422202661564,-0.115477046573001
395,2,3.10265448324559,2.06980405294562,-0.928509921374244,-1.18354226670345,0.0085376822361472,1.27274079201785
396,2,3.38566309567262,2.13971372135881,3.0809961023422,0.971153882518795,-0.567850240096486,-0.499152519435592
397,2,1.15122291684075,1.509973477344,1.02723511913893,-1.67053335625995,-1.16812297652521,-0.00826991858894671
398,2,1.82570825163513,-0.73578334757282,1.14347476866182,0.201442825227072,1.19323316244493,-0.748849490117883
399,2,-1.22513751802892,-1.81657671797566,-0.850938969642946,0.791479679618065,1.34671375476286,0.0505067982065431
400,2,1.65074859128089,-0.311086327368727,1.18092862673944,-0.718562012134651,0.106957798961007,-1.80441357476481
1,3,4.53879884665749,2.20248775706831,-0.18250731495937,-1.88604639888668,0.824446806535828,0.0703813650704608
2,3,1.43160502387421,1.17636939991153,-0.197901626600602,0.122656181819798,-1.41303703528822,0.48877104840506
3,3,5.47044020525015,2.99028344972278,1.1036246911166,-1.15576809054494,1.99424248886301,0.96352687561696
4,3,0.284101437676601,0.305115979255157,-0.406021758475456,0.411837516610711,-0.0740420324721927,-0.309483630330656
5,3,1.50854165440804,0.580678160652394,-1.26972247904347,-0.678387899030735,0.320585883228871,-1.92552561983568
6,3,1.4250521853166,1.31956759701753,1.17483000068939,-1.18293839078205,-0.97844310659853,-0.674040421845655
7,3,0.11508840546165,-0.934662719206734,-1.08466782290489,-0.395467781643173,-0.590455413211821,-0.303736847207273
8,3,-1.20332190020887,-2.15271023073668,-0.538730961605444,-0.0744123484968533,-1.00867819895343,0.34009705583416
9,3,-0.64679476788242,-0.036872440283191,0.25062746220219,0.482958527883267,-1.71730923448524,0.349240070200688
10,3,1.75470534529329,0.471827574157545,1.43644558870981,1.59672239810521,1.34018814312701,0.0225024154238205
11,3,0.641976274105019,-1.48815571669387,-0.586701507875573,0.835959430157725,1.0107958607161,-1.09356729458351
12,3,2.72422680421077,1.19133814526067,0.985898611874383,-0.385822315176708,1.020374525334,0.720285691896424
13,3,0.248766104081605,-0.107937503820998,-0.260387380448879,0.459145860014852,-0.0652294841136543,0.387444820427135
14,3,-0.690845149409271,-1.5092456575866,-1.10691914162498,0.0425035397148486,-0.303793254750022,-0.998487566893033
15,3,-0.0560249767293248,-1.50009156607731,0.105227598961214,-0.772916844341834,-0.853382069775999,0.440997589347678
16,3,2.74965928193952,-0.0225273757255774,-0.128970639728583,-0.399966641410019,1.70632720607766,0.434708077654836
17,3,2.96409567332158,-1.98414903620614,0.501991578609765,-1.47951438348358,2.7596234389243,-0.540318699273045
18,3,1.30783382195827,-0.544181581187015,-1.05074564211278,-2.28414841162304,0.54257964400097,1.32105678446244
19,3,-1.72036628154287,-3.61880447221056,-0.695884548723367,1.10626307318623,2.07642957545469,-0.678346188789199
20,3,-2.53986477829992,-1.68392458067428,-0.146792617518279,2.03337956109836,-1.25718237761672,0.420528070651187
21,3,-0.86859720353959,-0.928914960116324,-0.975654618047116,-0.235376530948706,-1.28035183569852,-0.923344058679367
22,3,2.45562829151616,1.66388831350993,-0.523942528240677,-1.00759783480814,0.225021475477442,0.575728810416926
23,3,1.20590708037362,2.49697342271828,-0.0900418991282293,1.46538206900027,-1.21074256042487,-0.0161444624843755
24,3,2.62749912469565,1.90705673943367,0.633645705411436,0.415322514577291,0.798690868701338,0.0324791381897325
25,3,1.1626296884203,0.882527076809338,-0.65021758424905,-0.498385365588258,-0.625504400672752,-0.488997633489838
26,3,2.42734129580143,0.272783018347608,1.21054655665994,0.380825260448453,0.883331462729784,-0.401042558070565
27,3,2.34057971500185,1.80575140081304,-0.292262191236423,-2.62195826097417,-0.739162453698563,0.980651691837904
28,3,-0.525709347058939,-1.85731020522632,-0.215125310289532,1.89853814510336,1.33688193146111,0.143708814473206
29,3,-0.701594704813102,-1.93163959708036,-1.14036737915629,-1.4413303353454,-0.868705403842452,-1.25397695048531
30,3,1.72176513437022,1.70605131996019,-1.02650171258192,-1.51189737917581,0.767838657364424,0.942105071421222
31,3,3.31708840112519,1.45714907385568,0.225718157330362,-0.585943114369838,1.74092696560337,-0.65860841333275
32,3,1.14789995865653,0.197532531142137,-1.3256666325431,-0.761699705112398,-0.410877258877562,-0.625834144538049
33,3,1.54981740404181,0.336303015906726,-0.163281338965096,-0.770195227530652,0.358657294569442,-0.762163759820803
34,3,1.79845666693188,0.311130572274911,0.859944914904184,-0.658161567730023,1.39471006434271,1.08645877659014
35,3,0.53515000296122,-1.55383203022322,-0.87755245454751,0.944243496491373,0.972548674088403,-3.04764197084014
36,3,1.49770775087151,0.234889817476046,0.355469647319015,-1.38054868779,-1.26010807604871,0.0875903502803621
37,3,-1.81322908741122,-2.9957070566878,-0.53380394322309,0.309591958202306,0.351034743980507,-0.27582147449748
38,3,-2.72975309347208,-1.8339006934095,-1.30547639348764,-0.158551806290301,-1.17791214862987,0.941230402269019
39,3,1.65212174222951,1.02673312077593,1.2554001094415,-0.91046484916591,-1.82328401704147,-1.0992910962706
40,3,-0.839803526623476,-1.3853360941597,-0.910360388241814,0.808093547477309,-1.55203231841322,-1.13075001712251
41,3,0.374651618807632,-1.54489250704758,-1.60834278628228,-0.355178574955525,1.51565898082885,-0.499709189082978
42,3,4.74042457845076,3.77968149337266,2.15301357007759,-0.926997042078781,0.422005399622544,1.77132599258386
43,3,3.38035937097121,3.22567393496665,2.18925158869377,-0.766570066186048,-0.742545802028953,1.33824065020852
44,3,0.180813665349665,1.39318543219124,-1.80625582405331,-0.481870269192033,-1.56036550417726,0.59705785167877
45,3,4.39950842586374,2.31272873819729,0.962321413723242,-1.06362205353907,1.53950174845824,0.999038513030487
46,3,2.49428227575306,1.63344092126017,1.62202233795924,-0.135583073891782,-0.576973298515933,-0.513583698200954
47,3,2.14130990301134,1.83309785027427,1.14682111631479,-0.0547614840611757,-0.328925693964599,1.05422906858722
48,3,0.919193801308098,0.270341643658748,0.483575481860242,-0.117698696090127,-0.198411026208889,1.05194915870636
49,3,4.5503303837318,2.86192903633913,2.37790067125491,0.214636046654506,-0.275202270675116,0.784186043660396
50,3,-0.721612842012707,-2.24178700703787,-0.904636935757469,1.68019124494931,-0.411188212882826,-2.10300800926353
51,3,-0.448581492440594,0.381480775924905,0.330498846896663,-0.0932527544866397,0.345901450907418,0.815395565710163
52,3,-2.25620330532442,-0.588358975945423,0.0303912216286447,0.818118552704234,-0.606658771408092,-0.555442569900463
53,3,0.831620526942778,0.391880979585117,1.65460220037413,-0.197032844111468,-1.42958738442354,0.986544054623024
54,3,-2.86354216118023,-2.34732546223441,-0.359900669016949,-0.250570020959926,-1.64256024944436,-0.0271835612397508
55,3,-1.58411057183558,-2.67896293879319,-1.61527997107624,-0.0584779069029298,0.266836582174764,0.206192268192166
56,3,-0.0452533400951667,-1.02165544153377,0.438749724773019,0.1435513316609,-1.49073484617441,0.583994317690936
57,3,4.63133199451246,1.41995033011562,1.53132887989582,-0.64038934475931,0.776334942147815,-0.154868584391318
58,3,-3.86928703448852,-1.38598468332918,-0.796913125151533,1.45766714928266,-3.22668142923518,-0.593391507552554
59,3,-0.547477526467066,-1.5115346813174,-0.361379791182685,0.762610657168932,0.214932349132236,1.11556953105046
60,3,0.369692224733794,0.167066643089856,-0.486015592178015,0.359283901813173,-0.674817054968588,1.15255564745201
61,3,2.39701976748858,2.23341688588926,-1.13418981346976,-1.53826774905909,0.36710807249747,0.202102856868577
62,3,1.08598003796162,0.786536687224475,-1.40673992010298,0.36984339395724,1.1644641711211,1.10451236818278
63,3,1.81101195086148,1.38712055284857,-0.61946826916006,0.434364764472274,0.105945033148766,1.31084525688181
64,3,1.64445457601395,1.02401906228037,0.226988174820856,-0.542364946416223,-1.14572403743066,-1.05515225576603
65,3,1.73088857545963,-1.21137001580507,0.404683863800921,1.02898702709603,1.92262311695763,-0.543670367402619
66,3,-1.73120035730946,0.413839400674955,-0.345292107768298,2.8983393768651,0.104184430243571,0.477182102509892
67,3,1.21177946409933,0.676679217830932,1.15282877280235,0.59351296111386,-0.636044083777474,-0.625258489522414
68,3,2.56335567655324,0.592515370105401,-0.111308717922922,1.48446529747215,1.05679029253963,-0.747887656802539
69,3,3.58390021490484,1.25231060010526,-0.740407372609747,-0.465454454088592,2.61729594978712,-1.7072006287619
70,3,-0.434359612116742,-0.0706064401321983,0.0370541327515557,0.783953281587425,-0.336790258980086,0.179862248530227
71,3,3.50669886968506,1.76629553964068,1.0961172316618,-0.2514234752454,0.892787738607277,0.404517762848047
72,3,-0.551512786926608,-0.947956786854414,0.721292796032017,2.0620005892182,-0.0271917414331111,-0.0508927848143204
73,3,-2.30210753208703,-0.869156925626916,-0.200081278698281,0.390153364389796,-0.876508982963404,-0.18847432396648
74,3,-1.91752812391809,-1.98830998595973,-0.846204422921105,1.46213250648035,-0.258949053722715,0.576060311634423
75,3,3.37687338427608,-0.140197131287573,1.61748930617952,-1.01002287077057,1.00019717420878,-0.437087864174463
76,3,3.76265417150386,0.19221912865748,2.08237678089505,-0.748580946437673,-0.536005469929646,-0.425878491037193
77,3,2.68358786280789,-1.04834404629433,-0.614632061519679,-1.32060982606421,1.50134972486383,0.0990159002197638
78,3,0.125847391477789,-1.85612687068786,0.244544212643782,1.7820672304495,-0.666691632079267,-1.19286203273732
79,3,-0.672018758926334,-1.35739648441767,0.00886650021557883,1.44977592016361,-0.309051049758727,0.0359553715566672
80,3,-0.0283130965055946,-0.37964913414373,-0.621737887258192,-0.128368320448306,-1.08305623037494,-2.06332128226616
81,3,2.1818799473301,0.947328328745141,0.81430582358309,-1.00114243669134,0.0329557401610937,-0.900464149435348
82,3,-1.63901785395416,-0.525971071617338,-1.93211907324422,0.557634714027213,-0.0993782672370939,1.09295760960575
83,3,-1.42869631829307,-1.15546330082142,-0.384550429982348,0.346559456311347,-0.255725822327589,-1.17411392222707
84,3,-0.579883447266366,-0.761913258360362,0.226792339812237,1.32937413350414,-1.41966848915353,0.455252109967527
85,3,2.36225812336639,0.83685253662015,0.654938723264134,-1.30639713718841,0.404386543908917,0.267092453777665
86,3,3.72682830300473,0.418666895473222,0.578339351274296,-1.08900222860548,0.865555742125002,-0.878333951416257
87,3,2.13133886524879,0.786846267268007,0.462088853052222,-1.53807458525399,-1.00539809369237,-0.646140354509386
88,3,2.89583900836462,2.39573777040879,1.42927797522115,1.23153727302584,1.0911442581099,0.446657678690344
89,3,-0.170370007282107,0.712538088166799,0.642551563425795,1.1900683215324,-0.638093609773281,-0.174873152528633
90,3,1.13709838450657,0.768169133827332,0.930638217101108,0.673748924075869,-0.447093139014956,-0.30981056535349
91,3,0.0363424010180404,-1.91418077817512,-0.402322114331623,-0.108743507923279,0.225155174335706,0.970710379326237
92,3,2.41406554594418,0.463063103348323,1.4488737953238,-0.0140691771533064,0.469209221052258,-0.91705512570766
93,3,-1.29951284756112,-0.552656173313578,-0.537995163276017,1.40264814320633,0.150955556836529,1.66053918475743
94,3,0.0544459741411433,-0.0591830210616731,-1.03475411433189,0.0847515447821276,0.0407314452161278,0.571735883626673
95,3,1.78282805746292,-1.55477919976041,0.994264458321032,-0.819491393413831,-0.075915495269426,-2.31060441976879
96,3,-2.14827007781494,-3.56290415508461,-1.89291305240191,-1.42498591935083,-0.934563097123144,-1.24730657273407
97,3,1.33438133904,-2.2637510645107,0.13956965834911,0.67697676866858,0.679264969944996,0.0282067765465607
98,3,2.15132081037726,-1.53681027465657,2.29089417340311,0.376732347159641,-0.0299955143164382,-1.80144707755176
99,3,2.11982496803647,-0.207718215710701,1.27117963680275,0.865047933039462,0.850089570414153,-1.12230897081364
100,3,2.37146726986815,1.55619418301338,0.0348039444197625,0.126931749911619,0.370866512653254,0.978297637213914
101,3,4.94583775338124,2.74583688774221,0.472089418121342,-1.03492058133091,1.12048467714632,-0.245196170836188
102,3,0.690748666970647,-0.256208812571598,-0.592428784333512,-1.42537016213803,0.146501692993661,-0.0438301749774455
103,3,0.173823526367339,-1.76156512194635,-1.582563714432,-1.54949833292481,0.865476339295392,-1.16809615980703
104,3,0.234969726765563,-1.00596628512346,0.211946306572825,0.0574683756240237,-0.309501999047833,-0.177091452372003
105,3,3.31886016771639,0.852883467949786,0.990473893635411,-0.291062617788815,0.00869667879068782,0.0190908650882278
106,3,2.096529882479,0.388290570073178,0.000101122222656249,-1.80700592810871,-0.130949621948152,0.478787809654498
107,3,-1.2933630231345,-1.63483351792786,-0.662192003606283,-1.08041093143514,-0.221280854133978,-0.131081684160274
108,3,1.88802106626059,0.78971520273929,-0.236467722141589,-0.638035779647454,-0.468816082109015,-0.541188309306336
109,3,2.049041588467,1.21084197765129,0.0374794638241126,0.368122007782735,-0.318357432428082,0.310757766763613
110,3,1.70046289511976,-0.477128957910995,1.91254330413177,0.161806947043068,0.308887804102222,-0.555690317892792
111,3,0.0220627287639337,-0.926053442455445,-0.0836802597608989,0.797888047138917,-1.31165727772089,0.388591667588289
112,3,1.82402351412537,1.45410170411919,-0.240230133804731,-1.60218104136051,-0.176875447214987,1.43881181204071
113,3,-2.31465232834982,-1.71581135730229,-1.19708914664213,-1.36085893349603,-0.880044990440055,-0.0853237400316375
114,3,1.53478111243069,0.581130624398857,0.627621120719919,-1.10211548954492,-1.31890374798287,-1.02536196932351
115,3,-0.578418347530741,-2.4539105502686,-0.0876633185040718,0.621730171306127,-0.494897740668585,-1.24958058762213
116,3,-1.45879028754852,-3.95659214932728,-0.722155770654141,0.00609138868576838,-0.091947278512463,-2.01749162145911
117,3,2.69232753934179,-0.375411207568246,0.619759191901451,0.131549971484502,1.41143859909464,-0.0801064785726374
118,3,0.147412540221025,0.0970427420144029,0.211535448300538,0.323597210136288,0.0838930638370148,1.90781549236824
119,3,2.07344376797604,-0.0677465171952519,0.0158033313304458,-0.656949594318371,1.47383719099835,0.202226174864721
120,3,-0.470366883931758,-0.220280997462746,0.399365502774689,-1.17864827166914,-1.53275522503174,-0.853177005473565
121,3,1.35461419579946,-0.833281069767993,0.1884020390215,-0.40607412519132,1.53025531264154,-0.155254611635365
122,3,-0.0935283592162687,-1.17213751159137,0.600092430386489,-0.193865714447474,-1.32845045509165,-1.53132657137161
123,3,2.51656657365781,-0.0668538310413548,1.00482031577475,-0.413582525038655,0.653987195449398,0.123947053078062
124,3,0.00929257074805811,-1.50845424411374,0.0664693079916426,0.281947673856037,-0.511559711611074,-0.583840042873205
125,3,-0.69313557483596,-3.04020364789992,-0.515698985107902,1.96646286535941,1.80188054122663,-0.0500154691409287
126,3,-0.165890761872776,-0.661666093885712,-0.382805310983829,0.156630328796975,-0.756396808929514,0.548470101470664
127,3,-1.57341363389293,-1.17569390489799,-1.65267803964189,-0.11554757408085,-0.17377687599299,1.02692448939626
128,3,0.911630584333599,0.291565332282064,0.817173764815032,0.0554881604506436,-1.00837516175441,-1.15456295783065
129,3,2.44509678370316,-0.649488027975122,0.96763302481634,1.24166967848782,1.20311753695503,-1.53120667556175
130,3,3.30575464458733,2.3671507650881,1.52717907305064,-1.57588586132932,-0.205675793596955,1.01303200613615
131,3,2.27461832447475,-0.858255038820793,-0.653650545171396,-1.0737659221256,1.44785571508154,-0.555471492420547
132,3,1.58351389284341,-1.23952297411078,1.11005055076852,0.0247096689081272,0.489830541855912,-1.25063748831752
133,3,-1.34199942138135,-2.43380926823265,-1.26879604395844,0.372040199441635,0.0999437623167772,-1.05559729100281
134,3,4.0265300791028,2.40684076177578,0.87832707571046,-1.48187605126236,0.348472358927371,-0.0242525361771013
135,3,2.24958284376593,0.635154187748307,2.18030095502211,2.44032277814448,-1.63529246413845,-1.27149022921364
136,3,1.68563840894733,-0.649984430680387,0.197496983762996,1.04305397149397,0.290542389761016,-0.344888474170842
137,3,2.69783782587773,-0.308194370586483,1.35231724543717,-1.27224052318582,-1.52965074651605,0.283276407099853
138,3,0.62752554579335,0.364372418865601,0.181751709879846,0.00645879134062336,-0.018939591807722,-0.66222720978711
139,3,0.152370332851104,-1.39842541257265,-0.84999123248,0.500262483155246,2.44593040025161,-0.408055051757985
140,3,1.76539066411534,-0.804421783516159,-0.683841984428057,-0.287093090704587,-0.333522255715742,-0.901943182912469
141,3,-1.65491547910477,-1.16903008497147,-0.854248684992294,0.776393821996141,-1.03527844125604,-0.52906892148511
142,3,1.30491462955143,-0.877840413949333,1.25649234931982,0.174625902389116,1.72658186156687,0.454556835773071
143,3,-1.73871445174804,-2.25477562141699,-0.907414664047799,1.05259873764553,0.300131456070786,1.12856147555232
144,3,0.388923733485983,-0.965882062788745,-0.361413573603859,0.0462109304580263,-0.599445704796462,-1.34977112504791
145,3,0.774266729402601,-0.0387196769195621,0.377308436123311,1.34066746082008,0.163853604440804,0.154370913884229
146,3,4.30443386137614,1.59140155317639,1.24699411024663,-0.479839355636627,0.0894624184234258,1.2421032970958
147,3,1.28000305113366,-1.73752095896563,-0.0468451426265769,1.25218949377344,1.72067903158385,-2.37240226038404
148,3,2.48510023395872,-0.881910707057622,0.401691760962288,0.0267004023531063,1.41925900203033,-1.34833822286247
149,3,0.635958371936041,-1.01062439762664,-0.961932592891461,0.107104966507035,0.299505238005741,0.376009105309284
150,3,2.66568761669229,0.969418334518407,0.609518314618165,-1.01897388927022,-1.28669982384327,-0.738013276940178
151,3,3.32272330039854,0.52471792175792,1.67472159512601,1.02816446835331,-0.105685851022098,-0.462088541508039
152,3,1.94264188920803,-0.176874227989763,1.47246970024646,-0.351338955561729,-0.228094230894687,-0.730935413263393
153,3,-0.0545724618881316,-1.5923494293083,-1.93626520801627,-0.219427905644324,-0.327751688015737,0.161763300071302
154,3,1.5594212372743,1.06648738264829,0.594435752730783,0.311819177520668,-1.12474187591293,-0.0178145161112521
155,3,0.586440822575724,0.376294561348981,-0.721406827557356,-1.54313098029627,-1.5349228713316,0.730188040050567
156,3,-0.983725401663952,-2.01310641875421,-1.58111693744258,-0.471944032236469,0.194517312501064,0.546960426352215
157,3,2.50980621008875,-1.12797139852354,0.373014858586368,-0.839443461968547,0.970147092930214,-1.39294011790757
158,3,0.876662526591376,0.667345873836367,-0.18104477882628,0.308590371905703,-0.575984747584774,0.833170817113328
159,3,1.37086751810918,0.658573404980743,0.0615896822662917,-1.99403151105277,-0.134545921806279,0.445166229696856
160,3,2.83311667241836,1.03689742426756,0.978012250967195,-1.20179793246961,-0.217448845471936,0.00444541129234322
161,3,2.84459278462695,3.7066931754105,1.05068750950566,0.893416528636907,-0.672049629757087,1.30493207940269
162,3,0.734279994368487,-0.522720668656349,-0.810005589468367,-0.0656289408098512,1.15898753308789,-1.20901251536493
163,3,0.381547714086166,-0.464735803476452,0.727056597965937,-1.33586838978251,-0.546843501725848,-1.13438808615454
164,3,-0.576779695504866,-0.109468726521942,-1.9190213536429,-0.958267267151518,-0.252683709154006,0.687147393691322
165,3,-0.490129728913732,-1.26114905324018,-0.471700680113945,0.881493495111746,0.249901874749144,0.300681259383484
166,3,-0.286158069756794,0.687357927702735,-0.343751742380681,-0.152172339224475,-1.50293671441635,2.33094355534935
167,3,-0.537676247266433,-0.949372158406695,-0.353861029812574,-0.305903133202481,-0.0623365697491285,-0.707576944561277
168,3,2.67213703315486,0.927244519065504,0.358305166022848,-1.70900189379431,-0.415691425630585,1.26140976060716
169,3,-0.52871942419284,-0.0624469651902753,-1.78890131247854,0.114038965213377,-0.832049892456031,2.33577297970421
170,3,-0.93627368100667,-2.69432730949329,-1.6091510796813,0.253276075366145,0.741725436710188,-1.50719283851674
171,3,1.24924356635802,-1.46533796353709,0.985969149461833,-0.422828142759443,0.120357169213355,-1.73412513074095
172,3,0.70652051038599,-0.337976202949953,-0.568953438180062,0.997563527486796,-0.190609239120769,0.48655833040231
173,3,-0.712143881572031,0.138528713956209,-1.06703062448713,0.220058042422576,-0.523835057877317,-0.00205134186412568
174,3,-0.254360584827259,-0.836066974962498,-0.273513079474081,-0.490678427904269,0.326812317443567,0.508287903543268
175,3,2.03694820967715,1.59600413988381,0.511843209485173,1.70664868351057,-0.0597594103257016,0.833628723656351
176,3,4.4216764467591,1.13002398562613,0.217334745105638,0.506821628796623,1.17160433108344,-1.35298377340259
177,3,0.0625794005630228,-0.323638169687777,0.245816814397629,-0.0376574987657621,-0.243438775438274,0.092069705827626
178,3,2.22009792899977,0.149337316512101,1.16042894701044,-0.685431790590847,-0.293410093625278,-1.48289989754626
179,3,-0.855901901179678,-0.122244392182656,-0.840184898594644,0.793173503083322,0.30658709454925,1.3188301738858
180,3,-4.2042859109256,-4.1305224874611,-1.99559436747531,1.21202243218473,0.620540080535056,-0.938246722450636
181,3,-1.09526801981272,-2.12359261988487,-1.38956880903007,-0.212178023519261,0.834616839987228,-1.03024123105077
182,3,-0.513710612309289,0.837322609820539,0.225346026710351,2.23279093583137,-1.14514476283306,0.0915024402154654
183,3,-1.97913163726222,-0.349696890446104,-0.341797231721703,0.436970882423489,-1.12956379662173,0.889065997368591
184,3,-3.31196965581007,-2.53857906052131,-1.72893328369359,0.234112278023034,-1.22561907549429,-1.37514741050919
185,3,-0.499887935030534,0.882021962671222,-1.3447099962598,-0.695225876830465,-1.19832148363796,1.74820919985744
186,3,-0.355493029640682,1.49940242026014,0.320345400436794,0.939488775737739,-1.8399521316718,-1.80935126568288
187,3,1.35985205052373,1.39207335113792,0.0364318554276705,-0.695558222384079,-1.33499782075838,0.346157404563434
188,3,-0.624240334075715,-1.37647902010707,-1.96889813820238,-1.06962564123571,0.972953912793907,0.59073827658684
189,3,-0.154400489753893,0.573946295019293,-0.879210981012012,0.0678363299423147,-2.25292278155856,0.621365031359093
190,3,0.811115149659828,-0.123818699202401,-0.324402517704624,-0.2332112289207,-0.215896482340683,0.548581576844181
191,3,-1.53832286347713,-1.95295497666505,-0.939379482470958,-0.776927783633758,-1.50834804293963,-0.558977051106975
192,3,-0.465063004779197,-2.27523106366104,0.805445216684681,1.29738966022539,0.0238339912613431,-1.09913823432084
193,3,-0.205227325206097,0.714265302718929,-0.329681027287486,0.795474236951595,-1.10708602470985,1.03336486437
194,3,-0.74277265507873,-0.178020253358647,-1.19500424055907,-0.147109328315294,-0.902094597682116,1.08465220560546
195,3,1.93606856854338,0.412030805515715,0.577719639705908,0.447100835375408,-0.6957481986172,-0.75352667351965
196,3,-0.0574536021045532,-0.0194150434260352,1.05050933898074,1.70841912069799,-1.8103026499407,-0.814005795246262
197,3,-1.93654930257114,-0.597262673875633,-1.99072101943124,0.949469609186545,-1.39190085497648,0.177055860154292
198,3,-0.512449707170551,1.39045451739824,-0.4475699272388,1.55373254707824,-1.2783146515204,0.0735721255686476
199,3,-1.81084805600981,-1.06555793905689,-1.42059698391557,-0.0976309689616507,-0.491321429259734,-0.576682276966888
200,3,-1.24484724578693,-0.663591763575071,0.770690825071303,-0.33464957949519,-0.750762491288201,2.1498440040352
201,3,0.224426775631921,-1.63555646963575,-0.051696144830775,0.00152634149538544,0.68772178259754,-0.0840307229216243
202,3,1.10768674081088,-0.601671063274389,-0.499387841234159,0.286925441681954,0.0379653333044259,-0.800880825088244
203,3,-1.56346914548867,-0.354326071467883,-0.902531663098291,0.528794533729455,-1.26711047553505,1.01163476406004
204,3,-0.476962894187514,0.408674711235681,-0.371963086634779,-0.168430429711048,0.364752044404615,0.77497307739347
205,3,1.23295973746422,-0.0712699370821274,-0.18843329940863,0.166365966542429,0.343713769141649,-0.605985886211856
206,3,-1.18564870072997,-1.31759014786034,-0.736618452149589,0.861943815608623,0.473960988505251,-0.66339590506547
207,3,-0.614084083549048,-1.59767373246988,-0.876267442214941,-0.724615571988331,0.45691831035481,-0.714603857446105
208,3,-1.52652710615705,-2.33749653133452,-1.39824152924553,-1.71907434960862,-1.04203292939955,-0.813716397764359
209,3,2.56589323291877,0.234434971436389,0.394617700423986,0.0187612131533026,0.699702485837564,-0.0993384515790606
210,3,-1.88722107709492,-0.156912798715268,-0.629176865570561,0.318276422070584,-2.0954493817164,3.32538567060765
211,3,-0.538984794064657,-1.83334243383095,0.498615174848542,-0.818980919566958,0.776238010864031,0.299106914203511
212,3,0.134239459490789,-1.43154854767454,0.637250552126068,-0.748722439104232,-0.951965554892019,-0.322990100873678
213,3,-2.98327578889354,-3.23662900584977,-1.11927111750496,0.581799065677234,-0.55966017039097,-1.47697888627681
214,3,2.09058185713094,-0.670956395840562,-0.269499683847981,-0.792046523232091,1.05631785680997,2.17455507258629
215,3,-0.899184454010529,-1.58504962134791,-2.33751760303011,0.0550527366363806,0.148406734939117,-1.18256087790996
216,3,0.820253396046514,-1.06515818441444,-0.746573598454722,-1.29277113889589,0.797899432814111,-1.32030384711912
217,3,1.1947235908055,1.73336769671866,0.793790317131797,-1.01570354497995,-1.14035515350462,-1.71934440209227
218,3,1.79607581778131,2.25369102519743,-0.706704282415219,0.70940726669321,-0.904357835736735,1.0873009084108
219,3,-0.69515471970236,0.309445235597965,-1.53069142403743,0.677197450298988,1.15964232869617,2.09324033948335
220,3,1.13597708583402,1.52275174223419,0.202539963652598,-0.539425448206924,-0.452144119223988,0.208843852103176
221,3,-0.543085450984519,-2.18199154782676,-0.0874806819805122,0.785097918997624,-0.780518808979638,-2.32267169887623
222,3,-0.188347387010803,-1.06454430654638,-0.445006285914282,1.10267997566382,1.21547014654691,0.123663527287058
223,3,-2.31646315955022,-1.59446925815434,-1.74449862846309,0.3088078919088,-0.436458155273814,-0.210902246857955
224,3,2.53287356087094,-0.906434360603408,-0.244132042149788,-1.07093784159146,1.87896105153568,-1.0673206099677
225,3,1.9275793352191,-1.27724870969123,-0.0599255426408539,-1.82205788785012,-0.409552253421504,-0.484670872585729
226,3,1.5253044910741,-1.82323635053473,-0.210957882779869,1.24356582957304,1.01573825970245,-0.172825451563012
227,3,-0.317815166225962,-1.3529289612529,-1.03654915937173,-1.31484384021471,0.0611215860633082,-1.13937346970202
228,3,0.766618001942436,-0.515820698059644,1.75595797910968,-0.133667714755259,-1.20355809248928,-0.68863056783134
229,3,3.66231384173251,0.666250051639187,1.70413709864565,-1.38724123714798,-0.353741563026992,-0.36472515657288
230,3,0.434830776675189,-0.711923412992357,-0.277492265106511,0.23799089470978,0.674789627470498,-0.175014171956616
231,3,-1.06704395317218,-1.92530568846842,-0.746640742362358,-1.13029938419588,-0.395503704534507,-0.209280021534344
232,3,-3.00340218951439,-1.31576858110718,-0.994316142938256,0.375697806580563,-0.809636406455148,2.13775447720983
233,3,0.45705723811905,-2.3451742661979,0.357593544557496,-1.04771798085227,0.553785411557227,-0.0174523331767883
234,3,-0.587460662957317,-1.06297026786111,-1.09012867184828,-0.433984563392097,-0.581170473583847,0.864087619376222
235,3,-1.8435081580543,-1.4482312761877,-1.07413823527585,0.984929030680309,-0.94385004193265,1.05608614514555
236,3,0.0602300210547476,-0.147048285742899,-0.556394143878853,1.10235340649585,0.029215483958588,-0.360331715796891
237,3,1.03859967232832,1.8839602684391,1.50578447255863,-0.194018279271344,-1.4292489588213,2.11944375920571
238,3,-1.10703709395832,-0.248283109715156,-1.30351628020075,0.94038187876478,0.023263655645779,1.46661397163704
239,3,2.12906636312376,1.72677798620644,1.08109162786298,-1.34344219348045,0.286284223203684,0.257480043072398
240,3,1.14538572095927,0.686281857270803,-0.0575754616272892,-0.517769563663951,-0.463907374239799,-0.540128090102549
241,3,-1.13285403720856,-1.23041313373206,-1.90270853833605,1.52186030141476,1.61740026932829,0.840299862513433
242,3,0.332452529484644,0.0561994758101302,1.0550891307981,0.0524460245919861,0.06222281954209,-0.604245867565187
243,3,3.64737948792487,1.55812403610768,0.0889552351436304,-0.661300329367633,1.02560695397677,-0.992342785545394
244,3,1.41965692842538,-0.963139789360037,-0.336562687316141,1.50090359125479,1.31789459807035,-0.616487318057653
245,3,2.34538419308935,-0.993236277532422,0.185356697099789,0.475432414565669,1.01478795611251,-0.361132969380432
246,3,2.84826126554325,-1.36675897593971,1.07228431103719,0.987204441426268,2.24840924152927,-0.164749598119303
247,3,-0.267050809236148,-1.22101149464593,0.565049284774816,-0.943952235718183,-1.38002707283464,0.511105296237902
248,3,-0.116464024044504,-0.315432716590421,-1.2715291599767,1.36345630883854,0.277961360244317,0.184410248085103
249,3,-1.10529802994755,-0.686019369422478,-1.62582293268845,-1.0211304555778,0.0416069969818409,1.69966120764779
250,3,-0.916865689251794,-1.90114793790914,-0.394834349052208,-0.987242666030256,-0.100506768980709,-0.233108627502432
251,3,0.4350546945715,1.76429881828482,0.601023886595104,-0.0822185037420922,-0.604023610656193,-0.0162786103356578
252,3,-0.0824692939892359,0.0426823504951686,0.252790300699268,-0.774102398104395,0.501877379949972,1.58700012824134
253,3,0.00984137175801027,-0.0105031767885004,-0.055685318556859,-0.196529065403223,-1.07636623496541,0.595380372285817
254,3,-1.69167430561893,-1.02066278107872,-0.281183694038119,2.22694255085731,-0.485119180103461,-0.273056623681588
255,3,5.36638912022348,2.94211093631107,2.2578057570428,-1.73299343276212,-0.238694655790604,0.383053265103778
256,3,1.49843476530911,-0.228342452003262,-0.317138631879049,-1.58886495564551,-0.0747889316467751,-0.559073978886684
257,3,-0.274039467119649,-0.911428459351477,0.544964886025328,0.777805209185392,-0.880755140198764,-0.839545793170083
258,3,-1.46964937580082,0.359021834793812,-0.660845930131612,1.04097572736816,-0.369812280984955,1.61978101618264
259,3,0.901680184759629,0.859504086173894,0.753651491053249,0.984873405023343,0.112134323901562,0.833363463671606
260,3,0.917156620737815,0.0674042387455094,1.01203344022698,0.177424681132827,0.426924433598492,-1.00655320194116
261,3,-0.00865677379654612,-0.272239433212364,0.217930400670175,0.654056811495518,-0.592736133184309,-0.417027290067031
262,3,0.548568372385912,-2.23751217679908,-0.0679025397319926,0.530509971426151,0.711551236526596,-1.48790351107731
263,3,0.949128786511527,1.48582769153108,-0.964074562868605,-1.3348862756419,0.222674333433225,0.286821112690112
264,3,-0.26560067205998,-0.269469740624947,-1.78536213349927,-0.412870352191462,-0.146097695045273,-1.18489297258105
265,3,-3.45423436484342,-5.47995523651707,-2.16370270402564,0.798860538842412,0.096904181192073,-3.13622543766679
266,3,3.49752460252638,0.640306388032551,0.584844790766314,-1.42235536904483,1.81915513882934,0.497717852672211
267,3,-2.99144175275567,-1.77492547321978,-0.406272157593482,0.894247722902039,-1.52715478294332,-0.331859293937302
268,3,2.13481779050965,1.76964216863539,0.125812410993727,-1.34403194695653,-0.121886269203212,-0.236568618468481
269,3,0.884205420436289,-0.256867970795631,-0.243023920166897,-0.692457443753007,-0.137167281484933,-1.04042907748635
270,3,2.84695913150451,1.63913279617416,1.40748827547496,-0.565270980028208,0.369492711251552,-0.170480972001693
271,3,-2.58168031693799,-1.0819336417262,-1.8425760627601,1.93537355171372,0.109026295552077,0.435521265438764
272,3,-0.0446629509175048,1.01533092203742,-0.481616212542237,-2.23107304358188,-0.935153570736714,1.34915487267261
273,3,1.68813827684914,1.15782700681186,1.16433267031669,0.0539215130452605,-0.875193458298228,-0.314895169854113
274,3,2.86969865800055,0.279896988665845,0.453673899416594,0.804134742798936,-0.0427838695059616,-0.220812287036939
275,3,2.43840748467475,1.57367647526091,1.3601576993677,-0.146447678828976,0.104350217536165,2.02109964866738
276,3,-0.349460246677021,-0.448454311581149,0.721568669309903,0.354087374521104,-0.411220899727882,-0.308662738092965
277,3,0.0299647382767224,-1.54169172312389,-0.188303115445086,2.36049389241369,1.72710378654344,-0.161167177400928
278,3,1.14216529439356,-0.0701937824904865,0.0152332724438483,1.42733959734363,1.14886265742472,2.17496360307522
279,3,-1.03236388963893,-0.637465870803928,0.730821881219075,1.9758193906435,-0.936404965757035,-0.951667853659199
280,3,-3.44003732815796,-3.99298578087852,-0.824619772977601,1.57554864991558,-0.0893794065649575,-1.09428059919286
281,3,0.434122853273303,-1.2530082693073,1.54051975127508,2.13617943354249,-0.0877377140431141,-1.70284309040605
282,3,-1.55868176242955,-0.883443921919285,0.165189743200311,2.21119732321447,-1.06173372418697,0.481859025809145
283,3,3.43256283538511,1.80010723396465,0.80620829870882,-1.4921110135968,0.189191313319132,0.658186352841516
284,3,2.1348244201101,2.13511261337953,0.174045626543294,1.30083905569422,-0.412483099636501,0.821742561714872
285,3,-0.34736724760925,0.465068031400024,0.00658046139586368,0.355010212562762,-0.813011407780715,0.0785659399247598
286,3,3.36108127977481,0.0318191736412212,1.57611462016578,-1.14459015142002,1.48497473130782,-0.332016928547339
287,3,2.81459836722269,0.155504987603577,-0.501036368228444,-2.03019734647831,0.323456929754367,-0.415806578776461
288,3,2.47776728581117,0.694574227533928,-0.207769597285392,-1.63813366356524,-0.216214792823763,-1.01906631059062
289,3,3.82873632237443,3.06195764519007,1.06697244472614,-0.857049507194685,-0.0451897038326087,-1.18427791124783
290,3,0.91729035298051,1.43422609902846,0.378966716510872,0.207052725784214,-0.183089416322188,1.02003979766017
291,3,-2.993085856629,-1.18617852072193,-1.66630535306105,0.310183760458274,-1.35424920773528,-0.0487198851257027
292,3,1.28760471834917,0.735543697552081,1.07807451870852,0.00100783317655156,-0.0816188645087156,-1.08081429094304
293,3,2.59226210701793,1.1142933354715,-0.513214546545664,-0.767466528710941,-0.657606658671283,-1.78531462412188
294,3,3.69464478054854,1.17578405406672,0.0703663251259168,0.961835608441917,0.365689524702328,-0.561020542575734
295,3,1.70001092775319,-0.183013821715788,-0.914281765785474,0.224897819226514,1.35043446125214,-0.239957642908682
296,3,-0.60862970927656,0.397816528971622,-0.458408643288579,0.551866305341911,-0.60051835742195,2.03980313230252
297,3,1.69162249889093,-0.964140392611294,-0.51927651979694,0.103188838635505,1.87935740212118,-0.858693502697229
298,3,1.61976879269214,-0.138579530139474,-1.24854559418104,-0.958931115360489,1.32208993601203,-0.515098120459106
299,3,0.157680123553641,0.0271145480356786,0.221101097771283,1.1321124712623,-1.25831940725459,0.800316375773491
300,3,-2.82538485158736,-4.01559547005673,-1.86226520754199,-1.26252177382492,-0.831514219187275,-0.359859710470319
301,3,0.348454081990012,-1.98595999224781,0.519388919881431,1.30169010818943,1.07009080514126,-0.864007169189365
302,3,-1.84940079673565,-1.4597018043727,0.29072263526308,0.92235097131928,-2.74319436403126,-1.20121061878752
303,3,0.941402599784415,1.14075432678066,-0.761313145306854,0.154376446731898,0.292706916305174,1.83076514149978
304,3,-2.91510562772308,-1.00046873399939,-0.817364818218691,0.957190344971809,-1.91240457272314,-0.616778956042397
305,3,-0.629767441653252,-0.480349559183175,-0.546183022853207,0.896758649326369,-0.404003026669064,-0.407025666512677
306,3,0.769508680024455,0.55352772463826,1.11796149732194,0.566427192911692,0.340325758213322,0.607204557546999
307,3,4.62875308789651,0.391259811876862,2.51462470952105,-0.862806876378297,1.81111268191914,0.170372087479621
308,3,2.41792551060239,-0.400071829833435,-0.379342696620805,-0.144869660379825,1.17407873352132,-1.97790754669712
309,3,1.96828804605499,2.22489401300829,-0.0296358003830788,-0.0409554787341279,0.330063308695614,1.47146794006021
310,3,0.659094488721695,1.16612403299724,-0.547663735590054,0.473900874798956,-0.749078663195623,-0.399887607147924
311,3,1.28545869620214,-0.493712527355166,0.131464443815873,-1.34364266267547,0.419355771937737,0.0970034466647735
312,3,-0.352438076484895,-0.970202777234743,-0.00826919219099447,0.545471610982908,0.153310740215736,0.70992781569674
313,3,1.47308368800781,-1.15474985634965,-0.659092485195681,-0.799207202524525,-0.297356836986502,-1.35546337533179
314,3,1.38662663235235,-0.381639586211114,0.990853494623998,0.130158687582973,-1.08814516016615,-0.559763149320059
315,3,1.04789799999315,0.865768470529453,-0.397370780392437,1.3758941885648,-1.02509842684218,0.866868678891664
316,3,0.0565423476471528,-0.915858155092938,-1.15252358541506,-0.541033870500914,-0.0805964666973603,-1.03056058856486
317,3,0.842626432797605,0.228477610933729,-0.452898654796206,0.179766575630616,1.73904976940717,1.01244726409779
318,3,3.92066261613024,3.35995650126847,1.5296265916944,0.0998481005573381,0.534780378802029,0.650880357878198
319,3,1.91140593486721,0.797871595374772,-0.419776680545719,-1.25276119621459,0.358757204254132,1.51992597792469
320,3,0.624519985777716,-0.395474311446727,-0.0686237874797543,-0.47000435385313,-0.431903960209823,-0.603783101357987
321,3,-1.5587983433302,-2.55146330653309,0.229846636895135,-0.275926106124737,-0.876964976507501,-0.972125953203298
322,3,-1.46868858984294,-2.03106672016748,-0.118975754961399,0.0417240332098449,-0.211046333754966,-1.17133102507462
323,3,0.632762473164398,-0.333522668308297,-0.0446750270298414,0.491711836499248,-0.120114298634584,1.31298802609939
324,3,0.667620693734737,0.669780520706711,-0.171120347341463,-1.31778614915686,-2.35248132023123,-0.748124986300852
325,3,2.87887767088543,2.22602567142161,1.53617490572601,1.8392250270582,1.49504959024321,0.795848491505553
326,3,0.154938337192974,2.56606301962542,0.618462048048837,-1.10777037715898,-1.52867582778054,1.5965445307287
327,3,4.70664182051741,0.531779827471968,0.945658572355383,-3.36846027687763,0.808358122993804,-2.75661423200313
328,3,1.12904110924347,0.108841307334942,-0.939123390685244,0.267796317020604,-0.15246378006062,0.804400788523889
329,3,4.97421511082009,1.91628941377582,1.45480574114445,-2.04710745105154,1.02859833923425,0.199663569613761
330,3,0.502002502490201,-0.356226939543088,-0.448182035058638,1.13824222843542,-0.0454725477424959,0.303365502739889
331,3,0.991951307663246,-1.5515774057455,0.301679784070381,0.142568033590547,0.122739026274352,-1.78620393393701
332,3,2.56356458143277,0.347882210842426,-0.235916084614264,-0.362150759119969,0.576202932349801,-0.405923282625876
333,3,1.25701203104205,1.35568420327452,0.237054078320986,-0.183379419374255,0.941104355199382,0.591130458612011
334,3,1.54883252532422,0.914027105375241,1.07646757251702,0.0855975997760144,-0.436758838376216,-0.593975928825067
335,3,-0.125210876283155,-2.00375370229784,-0.808816679142954,-0.162700385445125,0.660571029259801,0.228823106059045
336,3,1.38900055507862,0.50613190673204,1.27826251070027,-0.397357613465783,-0.103974281274374,-0.227318836171224
337,3,2.88245707558112,2.64378229267699,-0.133319302428328,-1.09295601275543,0.925316367804748,1.57390353535585
338,3,0.419338871004531,-0.774512075458296,-0.65629120994953,0.252662346381014,0.763259733898248,0.0900688264832993
339,3,4.48800754907321,2.25578891948325,0.590428039047658,-0.169424077764848,1.20287188972623,-0.380476799025
340,3,1.61714345718556,1.85778795759428,-0.153070221492889,-1.0924376592056,0.831911507017153,1.81699751662674
341,3,-1.01374704829839,-2.57410941232478,-0.485265133578478,-0.826428276269816,-0.497767778912776,-0.647260745715809
342,3,-3.66939201522329,-3.4303620763394,-1.19299823163467,-0.46092160742657,-0.0216585987293223,-0.00366438538389709
343,3,3.15310385640477,-0.631973237884755,0.323519698358988,1.76282449817468,1.94860278760605,-0.774132472357553
344,3,4.15329517083435,2.08894840952512,1.96259583013127,-1.02288764100762,1.1068531062897,0.755202144211378
345,3,-2.6470652129369,-1.01082762128649,-1.5775960994479,0.0308132334092327,-0.378358737724591,0.431163856647894
346,3,-2.42206932276101,-1.40299231270346,-1.29630143087086,-0.526520992722902,-0.62439301841917,-0.594900908194579
347,3,0.751326455591211,-1.28562978646484,1.33989439249964,-0.985483412472012,0.279237551184812,-1.17184083131725
348,3,-0.267847202307037,0.54477791105169,0.347650223623456,0.748234048111006,-1.02196735002538,0.672780172007906
349,3,-1.19334973447211,-0.944366974438044,-1.45768230501326,-0.233540408858018,-0.0063397809174341,-0.613502407713434
350,3,2.56944162352589,1.44422047363719,0.210593420732179,-0.612649858923313,-0.227816493867039,-1.09923609975385
351,3,2.59368898891499,1.08687302994688,-0.398478718046987,-1.40954751942064,1.01374271065008,-0.0705549719194471
352,3,4.40293651249118,3.17611683569278,0.753653927738676,-1.17066498417255,0.107594523626764,0.24790087260595
353,3,0.648208434778115,1.21156968374413,-0.444033182243855,2.85870626342658,0.212221177047687,-0.353904713321705
354,3,0.62965472441524,0.729711632669392,1.45991288365842,1.08647313661492,-0.93087437633203,0.929361680000491
355,3,2.30156690088802,1.32202040226502,-0.204168901859619,0.914946460243541,0.301794336883325,-0.0670318113683431
356,3,-0.0133877921802483,0.536085854559818,-0.546525999149267,-0.324730113273276,-1.01221413824936,1.53311494941768
357,3,1.93754055678086,1.41188532098893,0.152121942940276,-0.31091644823744,0.952537214377159,0.468577579586113
358,3,2.95930621716899,1.83784194075976,0.0945095600307267,0.306714530750331,0.581237718519053,0.241146536852655
359,3,3.0701610508914,2.04498990577698,-0.237086176412476,-0.563478125809891,1.70852877006071,-0.0934036942331452
360,3,2.04561368974824,1.86042273619599,-0.503170804567023,-0.11915633166453,0.110924940625514,-0.234691813857577
361,3,0.521239971798832,-1.3831260858856,0.375054999643004,-0.655378298646942,0.842276558549872,0.87040595417185
362,3,2.12546350103232,0.253732040646198,0.655280069553366,-0.189556370798903,0.702828383545989,-0.839641631666193
363,3,-2.71652042422689,-3.65287709470638,-0.00888700442967029,2.11308944792177,-0.765156418733052,-0.132653994607587
364,3,-1.87634205866491,-1.53995869949293,0.0928625698658257,0.72390120875709,-0.607975859538423,-1.6389015839541
365,3,-2.12079546432068,-1.66702689161306,-1.24982172976559,-0.0298800140528491,1.1824589972321,-0.734971352879752
366,3,-2.66547745310417,-1.17135721457568,-0.0490327825282117,0.700121086234469,-1.24534018295443,2.11061059461068
367,3,-3.41514631530939,-3.01420016676746,-2.52057250787262,1.10870865615352,-0.199605244785999,-0.0266028264494474
368,3,-0.545419085380776,-0.275396320427842,-0.150728823447998,1.700441871588,-0.651060173146207,-0.388504966596308
369,3,1.33077079756823,-1.63894624132441,0.439910106668061,-1.79501734454726,1.06372049670975,-0.190800310424265
370,3,2.15324557959468,1.39901037658321,1.20288894944939,0.0391006780137632,-0.280766413604015,1.43349998849943
371,3,5.85442855033772,5.08827611420235,1.4144196883223,-1.26106600443384,0.344873739599637,1.91333212557638
372,3,2.61102560679591,3.36997852758642,0.446318109064924,0.393355226882215,0.555398357025708,0.909774194493851
373,3,-0.344052039374339,-0.813782220312676,-0.517282363108705,-1.58000565940141,-1.47660861641995,-1.23118420195022
374,3,2.38529716408498,1.83150657746509,1.17277589256756,-0.302479345817975,-1.58867815289594,-0.62028103219894
375,3,0.385089975562009,2.25235725139305,0.927919365859204,-0.479515376553445,-1.94653199876628,0.980193338317893
376,3,-0.283605121043719,2.57962418991901,0.553963140827218,0.737344513930368,-3.02527354667787,-0.955065492229792
377,3,-0.57232983580375,0.598571977649048,-0.0787179752160555,0.405688658322639,-0.564651036456765,0.0390006267941973
378,3,1.38104821702569,1.10007747768598,1.03862218797502,0.0726693727872324,0.39214356287798,0.941398103308105
379,3,4.14811660789176,1.96008516112244,0.833764681859859,-1.18983278048255,1.63796352329994,-0.208884036698284
380,3,1.12091287083742,-0.0223472065715186,-0.768219666622726,-0.991400725200901,0.946287302088582,-0.100258255517703
381,3,0.754535282492104,0.390476682723894,0.53698466115796,0.83114260730036,-0.81036703325609,0.832062864582545
382,3,2.52524438157093,1.56657988759668,2.45261805931496,0.0484699216051201,-0.697717399591715,0.29634819288659
383,3,0.599874699768178,-1.33713914339916,-0.172078429288596,-3.02698049939908,-0.385661196614688,-0.928713818682381
384,3,0.0636278961719862,-0.619269061483242,-0.466254210657351,-0.870513531941154,0.402969161583684,0.112536352695887
385,3,0.857826669631679,-1.99280030070689,0.538612059566944,0.61528718638697,0.325321780963904,-0.978250455304923
386,3,2.21890221933722,0.0914022752766526,1.23276792135387,-0.204333233486664,0.671308394856285,0.996591337400256
387,3,-2.71341066267831,-3.95362272529497,-1.14442022523986,0.987186529533474,0.618471624136325,-1.74953231695235
388,3,3.8922616985475,0.811861912050112,1.46914516576935,-0.430025813894366,1.22097972190714,-0.0747340378899217
389,3,2.14606470338442,0.00950990075011626,0.0801379918413432,0.37418801652736,-0.093226190930812,-0.893277016971456
390,3,2.06195354952468,-0.121008291103811,-0.00415198881964809,0.352109898213282,0.329301437911338,-0.921590752624185
391,3,3.5959200300788,2.83658083874006,1.01455272760869,-0.62026626357158,-0.120483809967864,-0.363248904121481
392,3,1.89614093150969,1.89945190285065,-0.338108954853202,0.451142417159762,0.422571945273483,0.641293512452174
393,3,3.56732827109403,2.76437862340134,1.17234457740675,-0.224442699310138,-0.520936754684205,-0.824484894820687
394,3,0.931605685104267,1.19438603489272,0.669992105137275,-0.327304926002028,-0.730402782986957,1.07110664953891
395,3,2.13861949507227,3.46364412136689,1.33212777668476,-0.622506589796148,-1.96877771953465,-0.477086633859986
396,3,2.8631575051519,3.4313680063265,-0.0449395269753152,-0.568951410985986,0.0436642338314911,1.13816321448566
397,3,1.90071246543595,1.3785550861808,-0.136576343333661,-0.0357996203528381,0.912001157287181,0.65862825015491
398,3,0.551893604352525,-0.753556327107318,-1.15116629195141,0.242373906282033,0.746034686235233,0.800931477351128
399,3,-2.01041995874243,-2.09348161659723,-1.00690370010908,0.140007942938082,-0.353097088638424,-0.636266041328359
400,3,1.13208811119999,-0.782384274493053,-0.0574110647339415,0.381515615554776,0.328679565772304,-0.988079856150664
1,4,1.12317546503916,1.25742352297009,-1.118290831649,0.39805590183146,-0.124384585225558,0.0644088751955293
2,4,2.15517778010042,1.24077987234835,0.775793508629634,0.624696471168211,0.490105615429957,-1.77128883350255
3,4,2.39082129691453,2.41672321032042,-1.62972606528556,-0.325601614052645,0.110233915304951,0.625737311399485
4,4,2.4460682972205,1.32629810085166,1.04239585797469,-0.776602197850625,-0.248547969597193,-0.754146939605141
5,4,1.84189715212421,0.541237157326652,-0.954696191626237,0.472959123935204,1.48296971560233,0.279254970192729
6,4,1.74882635408342,0.516462249112979,-0.440489096379339,1.14687385175723,1.28272451378661,-0.596380635759112
7,4,-0.152905485242485,-0.908660103470618,-1.01080450701862,0.301492619898698,-0.207300353681934,0.378684052490607
8,4,1.42931241300353,-0.719403350781997,0.0995224013804251,-1.4280779797092,-0.369728164382268,0.225667975283012
9,4,2.01354104956428,-0.409642356786751,0.645787651571545,1.15544189912033,1.20389472841386,-0.419681302692461
10,4,1.92156452242453,2.03876500787579,0.508882315507654,0.703389300974795,-0.194961291574998,1.85915630991627
11,4,0.57876809849082,-0.393172451405282,0.503802188202796,-0.386762436130587,-1.50880645400516,-1.68302889829001
12,4,2.82533296189977,1.45829171199423,0.687639343559128,1.55488229078865,2.14149468976183,-0.751187200842642
13,4,-1.77395142324549,0.540770554930566,-0.529133332881226,0.646681438588866,-1.47830996978883,1.27576600094788
14,4,-0.0317869269394166,-0.987219044065391,-0.0837467518089286,0.623819799775703,-0.0993158156992667,0.915654537801787
15,4,3.62821539116078,0.649487451785806,2.54918966428706,-1.11270339274922,-0.615532038592397,-0.58458536813004
16,4,2.10033544427755,0.105676218505279,0.454040554547552,-0.0980896173941914,-1.4312872481674,-0.0498578244747843
17,4,4.03113125626546,-1.38461098724371,0.84618401900036,0.29857832880023,1.15495577504303,-0.733866432539398
18,4,1.17929965660092,-1.46415132353935,-0.393862079637641,-0.123306753177912,0.946287912140087,-0.945508326440572
19,4,-0.956388226440437,-4.71858218205171,-1.41729713283284,-0.599749424836194,1.58247903034844,-1.1360461222457
20,4,-2.05412699912939,-3.16744086851857,-1.10671048050387,-0.625709752917981,-0.243243999672156,-0.729327994099065
21,4,2.61951636090647,2.33954353094056,2.13248325341041,-2.40270421876813,-1.89875525453145,-0.101472179451433
22,4,2.77099822467858,2.82353933641264,0.289674426489239,-1.7015267860996,-0.556632228396312,0.130986529975017
23,4,1.42179803372244,3.16777206410453,-0.98442838137679,-1.08468714468759,0.571894289585559,1.00259117408844
24,4,1.86362501991969,2.37513747028554,-0.416160861283126,-0.493805819857169,0.0111966625235702,0.288858221595175
25,4,1.96648135307215,0.546605548460965,-0.209494989157292,-0.656591678332155,0.737072482026712,-1.01665329453338
26,4,5.34318224066314,2.11164525523038,1.75322136282013,-1.12885546171028,1.43724213073274,0.625986776268084
27,4,1.51270744084184,1.1296052688284,0.215720554479466,0.370041322095773,-0.219152821810053,-1.29198758877573
28,4,-0.58899148498205,-0.965006153404395,0.296502896131296,0.366828807341495,-0.994918237413641,-0.169052876774248
29,4,-0.307754347450294,-2.16946621846094,-0.144740512495777,0.850873770530318,0.510377551250517,-1.42025979814736
30,4,0.695701544006513,1.45811477272986,0.299382526940279,0.622933247263024,-1.06104052052613,0.764146213412158
31,4,1.98471203353277,2.00531162500648,0.637619732162289,1.22028880698337,-0.543909234410365,1.17364114881078
32,4,-0.75333603838145,0.0362038034535571,0.109324459308528,-1.12857397897294,-2.47092408549384,-1.25042953425379
33,4,0.743741240504692,0.457328557019715,-0.11166160785967,-0.412218997982273,-0.425229844328493,0.540001797522307
34,4,1.82818569545354,0.318904382975029,0.185055855394843,0.960684852703923,0.777371115665455,1.06809731649263
35,4,3.18899243135705,-0.714434638172639,0.0564995263394471,-1.54197282330023,0.922279508001358,-0.815600059306155
36,4,-1.22768310389266,-0.676644408325615,-0.89523776945449,1.67577039634301,-0.851576931904845,0.954021637572014
37,4,-1.45928026924597,-1.97362981740684,-0.397399629517381,0.141138853638489,-0.412386785471554,1.02739299787267
38,4,-1.63273966738566,-2.35423967508299,-0.727470564191394,0.178018491799344,1.33142117775496,1.14040616552542
39,4,0.938029136930325,-0.887164212711348,-0.825101700566264,-1.00535320118678,-0.0238567887698341,-1.09721178572695
40,4,0.0858887115768279,-2.22976735407452,-1.56362457250554,-2.15199964865682,0.636971443486106,0.659750430200712
41,4,3.18202737549926,0.81848170107186,1.70003299249892,0.44783339553051,1.36665026677807,-0.96403285509661
42,4,1.63829263540687,2.87992405579867,0.391631584616702,0.538023281200319,-2.18107925864611,-0.338024211151908
43,4,3.71171179743413,3.46840351005344,0.841669437948564,-0.531694786058297,-0.43690045808196,-1.87830062266124
44,4,1.76912673529492,2.34585935398144,0.693901294875988,-1.44674247346296,-0.663255646714916,-1.13778164866361
45,4,1.94558870530472,2.39822190193987,-0.750529178032195,-0.27966610274747,-0.857750203982698,1.90440254027397
46,4,0.368424637703782,1.42512807741805,-0.0933370556148077,1.17262726152517,-1.07166438242585,0.671961397907537
47,4,-0.136388347346417,-0.00155307386195431,-1.20603991992947,0.874474695027368,0.365474305239993,-0.338416203146502
48,4,-1.49655796349183,-0.636645361741962,-1.7238554743825,-0.9214009675649,-0.7627843387923,-0.0471910907414825
49,4,3.25380670890772,2.32692339529587,0.0359998939359098,1.51204071861764,1.30180032378514,0.810279661314401
50,4,0.598122065859614,-0.373019315427607,0.301397705097832,-0.194371529565158,-0.131610536539759,0.29305348340406
51,4,-0.781459420483314,-0.070598897559322,0.459492544830406,1.74808461644665,-0.45622756846511,-0.0123279212423961
52,4,-0.791385863313668,0.0235872206763477,1.06605922582309,0.140432612714361,-1.50280202062625,-0.427671868667047
53,4,-2.3638708944471,-1.56434018383759,-2.22368461172825,-0.400579597408809,-0.723777340945524,0.356901742482487
54,4,-2.24343444760221,-2.8493108925968,-0.0843177957273681,1.07355751942847,-0.844329908351645,0.0460389907585237
55,4,-1.87214456767134,-2.56191448428703,-0.9769818696733,-0.0991047529811203,-1.17622123549556,0.425218141815478
56,4,2.30550594789011,0.544766914748681,-0.104402287146587,-1.56729149262866,0.230048663668087,0.958748580537188
57,4,4.15769572105677,1.36338768275321,1.21775102258341,1.70646500880996,0.968327687863224,0.172393381291299
58,4,-1.80538318245024,-2.4299354807757,-0.222177748504529,0.709288511721394,0.679913852726537,-1.01030513522081
59,4,-1.74934334642792,-1.95864320345332,0.183000364074888,2.76132445373548,-0.526436249070863,0.81042769451172
60,4,1.18220523951313,-0.94340849470183,-0.306264070284018,-0.390681307370078,1.41344061833281,-1.32008003253413
61,4,-0.437456829959422,0.573851718586417,-1.15850357978717,-0.360406312819902,-1.36743892068506,-1.33386822603818
62,4,-1.42550641713228,0.0183860914069914,-0.687959472218102,0.914337314883575,-1.97665515844466,-0.578713314252027
63,4,1.67025726926495,1.32707540347434,-1.47037849806589,-0.868268544308754,1.12867465612479,0.473462601049884
64,4,0.742277704687415,0.690345436557117,-1.66010941336536,-1.60926888309176,-0.226972298720561,-0.177481291499865
65,4,1.59883229043107,-0.0903933781585074,-0.0402184768439921,-1.05761673709913,-0.402897713092849,-0.959381569093396
66,4,-0.628121265893987,0.894244858456968,1.17559760332221,1.32288940116051,-0.643379454444437,0.480697654739183
67,4,-0.849173047993964,1.7534693197479,-0.448883773903909,-0.889457340801431,-1.80863021930238,1.83105484700782
68,4,1.59982745659508,0.798826366773108,-0.612250120889278,0.869525515196608,1.21640317980508,1.38765674908576
69,4,3.66505840402784,1.20693472361403,-0.346058749330194,-0.285877561754153,1.23846749028654,0.0502720738801278
70,4,1.68503434897056,0.231730601436555,0.959879027400356,-0.109396645898525,0.107227589589691,-0.739108559967578
71,4,2.38265579529557,0.996000170280889,-0.0701361835748866,0.822914220795129,0.712195416456251,-0.172653783014854
72,4,-0.562544803601913,-0.612133329078361,0.644269616493429,1.03436459533209,-0.540321798317133,-0.321349943406062
73,4,1.74732962847829,0.844174238333551,2.4392650185057,0.639635138280866,0.328352622159495,-0.225189643947278
74,4,0.133765991937542,-1.85892872593786,1.01147329594214,0.433758734900568,0.591824997809599,-0.975869056878867
75,4,3.82637232894167,0.449966023674333,0.0641278553029671,-1.43793978755151,0.285950039119446,0.145927941998215
76,4,5.91224444767648,2.9075442799553,1.39862011697063,-0.283152764369333,0.517878714910606,1.31605358571479
77,4,3.0659965644014,-0.388622345551501,-0.280711509425199,-1.61597348886644,0.464049032424225,-0.773961958126401
78,4,0.194328659938907,-2.26126505877138,0.487039318785494,0.970783872133675,-0.303076012381828,-1.45860428254641
79,4,-3.55017510489907,-2.48271326936901,-0.700085128577498,1.03878647279937,-2.10610455108177,-1.60591836449662
80,4,-1.3921527648674,-0.2855104893465,-1.0949938682765,-1.60593193573945,-1.5091258216352,1.28403225836252
81,4,1.50959381456228,0.571507654427451,-0.327429071864667,0.361383252312455,0.4572765908852,-0.324921179854506
82,4,0.507213182794078,-1.1686403209828,-1.27092192523232,-1.14224271098244,2.32135385391965,-0.0299016289011386
83,4,0.0829868173276477,-0.0300144252406487,1.17255186523498,1.8252790119668,-0.359143208890274,0.12705258925736
84,4,-0.232269251653315,-0.775608832218249,-0.701958002512362,-0.277043407114238,-0.0212695711236145,-0.536031950690143
85,4,3.96593283850065,2.50667935886012,2.24031479394488,-0.0235969647578614,-0.568601734280949,1.03577150760789
86,4,4.96351974233154,1.86301281791897,1.33533241465404,0.348150453459737,1.00811564230199,0.0179166757555259
87,4,4.57546745752434,1.66388952776271,2.01523424499978,-0.0366207827105699,0.640126640326636,-1.77925960065534
88,4,-1.11653800321722,-0.50020008972989,-1.99745821382378,0.637699040050521,-0.727576364410116,-1.44871104249688
89,4,1.16143536381808,0.299881860987716,-0.392583392929626,-1.35713577563834,-0.54164933098507,-0.562580381646574
90,4,1.12688321031326,1.41398527247035,0.643475456537293,1.20632869576347,-0.891630032220081,1.03349299648064
91,4,0.203581756459036,-0.0901871015879503,0.0324375907274463,0.503958569055267,0.31089874026151,2.78303949338239
92,4,-0.432654591581035,-1.01256501554727,-2.46727832225442,-0.235668484475188,0.434817384554114,0.148771312697298
93,4,1.12018276700182,0.272857104797821,0.656117245956444,-0.505219071031528,0.673922210414644,-0.449668988321796
94,4,0.546858432295683,-0.720372236068997,-1.02598088454791,-2.05597573331408,-0.262773144383868,-0.869755851738577
95,4,2.64618885711859,0.037606794420011,0.399205371867421,-2.17377967358841,-1.20215193438543,-0.108080651190193
96,4,4.52805377458229,-0.62505658933065,2.0536453603436,-1.39837513709463,1.43789872221716,-0.453210116694947
97,4,3.79206709573293,-0.72619047285075,0.554413169372575,-2.36505246964018,0.11591733396641,-0.745153911051288
98,4,0.189828719859945,-2.34164125531049,-1.21217177350427,1.55167332464268,1.12132678587334,0.412163624633264
99,4,0.595585346065924,0.167507870635982,0.477987640083934,0.849035782719166,-0.710244056510435,0.241952176465788
100,4,0.929274826533139,0.064777120145012,-0.645563327515538,-0.603101752679514,0.464008810299456,-0.317078691021487
101,4,5.79127247239077,2.81416696812457,0.923059722805966,0.676310151574739,2.2921583734589,0.574988444604119
102,4,1.99435148502617,0.255385506610264,0.998757803080441,0.723541219384922,0.0358827762435149,-0.971765828449534
103,4,-0.112604198664241,-0.142816759037468,-0.360383289550471,1.54449795039703,-0.138309735458865,2.31714875795206
104,4,3.93067386061655,1.63043234064914,2.24358798191908,-1.41867237499746,-0.082782202104676,0.275373569536398
105,4,3.66283386192058,1.05385015982142,0.4241022833283,-0.489381779100005,1.22149754199946,0.168371402298985
106,4,0.686380034878424,-0.452297077322269,0.730151576272659,2.01942081846075,-0.926564531125578,-1.90573408292206
107,4,2.36013963463977,-0.153208529966789,0.950183751606798,-1.3753354937289,0.446280403529791,-0.78371141866912
108,4,2.79862943474519,0.0193896499783324,1.95939309425668,0.756720811335578,-0.493170893557291,-2.06754377602445
109,4,3.10202428561817,1.23506870890609,1.2267130821996,0.934798065464827,0.763049231770263,-1.41260087348845
110,4,1.63327069639688,0.407421607248766,0.334041235868091,0.213097368842588,-0.35855799054681,0.135518860722763
111,4,2.55827485200821,2.0981829858582,0.448527635158834,-1.01014352761488,1.22916293958249,2.21416895518069
112,4,0.449589635013055,0.903073539441718,-0.122418974093902,0.503763643331584,-1.02288381790699,-0.116246475744979
113,4,1.23579893246968,-0.122233580535574,1.38478250905284,-0.204460002915759,0.174884159607586,0.273581819104035
114,4,1.57467608340158,0.50146244819319,0.111930350046086,-0.462053994145516,-0.338538184200501,-0.391205806322919
115,4,1.52727627159536,-1.34105494785336,-0.0638808212407329,-1.12149696059677,-0.0614429209366618,-0.587698268149571
116,4,1.87460026709091,-2.50445396890842,0.155343190586792,-0.369312120101964,1.51402327585991,0.587899001484252
117,4,1.10930139248139,-2.44567749585592,-0.799579256896962,0.467747221006357,0.00896818338984633,-1.66100051239062
118,4,2.92666518501493,0.459085690213059,0.753918247347337,-1.09110523006869,0.658633435313423,-0.335397440906682
119,4,1.26584083207237,1.07878711338009,-0.0544560134873546,-1.22634737139679,-1.55799132890508,-0.255773550508494
120,4,-0.794455413212067,0.122348210575825,-1.30051022053596,-0.11258696410651,0.243477361098827,1.99888004672928
121,4,1.33131392093183,0.524070804812131,0.346956450584902,1.28586232280114,-0.185085746126834,0.64619139811168
122,4,2.26547565750944,0.220894521228612,0.750433775629065,-0.820061305412546,-0.0759394048198241,-0.63812952623991
123,4,1.81626236548727,-0.67480900979878,-0.86701433195946,-0.361664864787625,0.324068143203231,-0.464476711506449
124,4,0.319973333587914,-1.6459038095345,-0.0542663456532734,-0.138900915716461,-0.945997838743059,-0.513517728934719
125,4,-0.829747334710927,-3.57251002229706,-1.33285032571027,-0.19733660736341,0.912120845643233,-0.0204502915335839
126,4,-0.829008222397854,-2.34468847114459,-0.7626029199927,-0.542289387427471,-1.29740152431599,-2.49980660672121
127,4,0.305938724712948,-0.373978644779477,0.921110257850619,-1.2889874824121,-1.61284085634754,-0.137643845239387
128,4,-1.22900016297882,-1.43841942822775,-1.20284733977041,0.340373865758746,-0.661980118858201,-0.78413063328402
129,4,1.16533208127559,-0.637275264750394,0.19364690658767,1.17402224105122,-0.320316184973542,-0.349932070312337
130,4,4.59492995526071,2.77169037043776,1.09225782104817,-0.592549198796457,0.552047607380574,0.638972202087663
131,4,2.07807489926118,0.921387637966952,-0.174354777890981,-0.535365259143764,-0.00329178102240169,1.59379781103831
132,4,1.74241578303629,-0.679635941871742,-0.248980860660411,0.23979273259712,0.815211545039405,0.690671600548527
133,4,-0.115261388296311,-2.14326792390834,-0.926516432023139,-0.584028720106405,1.25126118497862,-0.695539456797532
134,4,3.14833556428078,2.64328742732018,0.483973953963703,1.00136626959519,-0.426377495883453,1.22197767843802
135,4,1.14825071416263,0.214325750035648,-0.890442771884248,0.23910536000386,0.154036942829765,0.244753038787828
136,4,0.348249779620601,-0.0749280943315934,-0.081829706492162,1.28961883169176,-1.51702465723077,0.604943117851063
137,4,4.74194356187956,-0.311162508013354,0.274482287438712,-0.508629612082289,1.64975272260323,-1.81137470799124
138,4,0.0325162136856636,0.978267165477443,-0.374885673114527,1.0148335593367,-0.650252838826837,1.87164178916855
139,4,-0.0655431968596097,-2.06189759817054,-0.384786258514651,1.55724712488408,0.600452860437156,-1.12241327368977
140,4,4.24599435661719,-0.816239050124358,1.28844557522338,0.592792506089407,1.62557064481078,-2.27891684955621
141,4,1.96551329497943,1.2389893830109,1.52174044026918,-0.835577844164673,-0.19060280478664,-0.204106658605009
142,4,4.02738811484893,2.00889837955432,2.42376367086158,-0.484265575651564,-0.971289265955456,0.427932943291208
143,4,0.787993000698607,-2.00395660319112,-0.441472639231027,-0.611474628584028,1.55887004659442,0.147951820737177
144,4,3.10043542000648,-0.348109657364862,0.678306871172132,0.552500928959085,1.62901905663108,0.532409642244147
145,4,0.511812211370735,0.0689890839347293,0.55292088595511,-0.257302237166463,-1.69619419897647,-0.215886605726476
146,4,1.27057494770639,-0.0133101560459136,-0.667001757250307,-0.372186854657736,-0.592303025108154,-1.53933114924068
147,4,-0.462506442804395,-1.67677425687755,-0.405427407161637,-0.449863840726038,-1.37216645685479,-0.377185966256877
148,4,1.98246736771822,-0.342821727418109,0.180589251603715,-0.377510097242661,-0.153588463314813,0.0110209778025825
149,4,2.27075234846465,-0.311837259858049,-0.400253897252679,-1.01098063995116,1.51706509528379,0.154709115548007
150,4,1.56695573042071,0.831787689590082,0.356401336727654,0.406036005912898,-0.659886505232225,0.132003831847139
151,4,0.801560246701536,0.795170312242253,-0.658667727079198,-0.112797445082644,-1.19569207007494,1.06731539453959
152,4,4.58891488583815,1.80131479517969,2.56113027494304,0.0729897355758917,0.0633387008076453,0.128668238701153
153,4,-1.81432652191564,-2.1913480948389,-1.22100536279304,0.608970928259863,-0.725428044619988,0.00881003947562642
154,4,1.25385744848865,1.28685836120264,0.789764703332111,0.967941630673118,-0.769828403798814,-0.318775353122001
155,4,0.668604053401875,-0.546533545895397,-0.0833763892953383,1.4969861549807,1.58470743252894,-0.954583594816191
156,4,1.21690102334068,-1.35339231885337,1.04064010356888,0.015019189759012,-0.144979678306092,-2.21241990259143
157,4,4.49851367691169,0.794665726454085,2.06392182439949,0.289262461284703,-0.632129825112259,-0.828859532375368
158,4,2.77331916129735,0.981971479353986,1.28715725262745,1.39456753694221,0.939919685011179,-0.360293798535015
159,4,3.20729436976983,0.961919065096245,-0.611351379781402,-0.874873977516784,2.5432151270489,0.69049030472906
160,4,2.31921116098186,0.89514871576629,0.17090808954759,0.754886283092669,0.140629036017819,0.781758652976432
161,4,2.23789419016257,1.59895229931097,-0.725786015478421,0.430662797403213,1.05091913541881,-0.305927110905197
162,4,-2.42055520246578,-0.935008544543655,-1.38755954523799,0.527714303389525,-2.30010063081655,0.215303395706234
163,4,3.21295079936082,1.68042258159052,2.04028501979477,-1.39761655803426,-0.389549415544337,0.511819638008115
164,4,-0.60615071146875,-0.84237870658769,0.438815026313302,1.44724404517635,-0.695323352306361,0.667497060516865
165,4,-1.27373024813013,-1.22740633996444,0.289314917672176,-0.541973276262053,-1.71121988954232,0.158771230271606
166,4,-1.20414576917857,-1.17259703182062,-0.526690247796211,0.0633085785843029,-0.682898845177008,-0.569266728817202
167,4,0.474270355229815,1.01570342745225,0.347170060367427,-0.274316431112718,0.406334550518233,2.57521000442424
168,4,2.53885083664228,1.2757220393607,-0.030300441770894,-1.61199127764077,-0.291388281932619,-0.148682898194218
169,4,-2.70213531269278,-1.21745932834229,-1.28845267642632,0.0390734193978845,-1.3993649832815,-0.018163578298004
170,4,-1.96043520472197,-2.13685099642212,-0.854535514581284,0.684944269361159,-0.594919926647006,1.60082986342284
171,4,1.2491694044163,-1.01500942002018,-0.133985397927359,-1.14881067566177,0.0602828184387621,0.2362068636332
172,4,0.803555403378005,-0.852346563222449,-0.806816905800389,-0.0863864342309227,0.687729272473475,-0.172664070516848
173,4,2.43217670284799,1.43505516114457,1.65336784323746,-0.125576192991032,0.148877396323836,0.229242802145115
174,4,-1.77674949108191,-1.25576879691565,-1.10762080121158,-0.475877202623036,-1.48928779678339,-0.469161326702478
175,4,0.179220189835173,0.986026023970281,-0.787010699303221,0.230788394227775,0.195226405182516,1.74082225091317
176,4,2.18703571211302,0.472791582621725,-0.37020256762345,0.133851898460789,0.0364451270884574,-0.0521924147637031
177,4,2.39616908982115,0.260514643311531,-0.161170202643251,-0.957755962755835,1.30860396784661,0.226309921695962
178,4,0.257651499176581,0.31447772002382,-0.949588405775763,0.409712605364314,0.0304139673575261,1.21700886827576
179,4,1.60197009183775,-0.20025142937352,-0.130980267826158,-1.06304149539701,1.11509807628764,-0.377199816225174
180,4,-2.61235270518478,-2.71829238593683,-0.0618448971551196,0.4436017666547,-0.587647171255679,1.00122740341714
181,4,-2.11826311552306,-2.60830091618911,-0.830694131912812,1.36354925563675,0.373459380700395,0.0919876394948682
182,4,2.96897546774168,1.05975474165289,0.866163198087372,-0.0927311547251209,1.66578603312657,0.637985924495713
183,4,-1.02814536811088,-0.781070621021252,-0.524899168215236,-0.765751768759831,-0.0540426786943677,0.581381011763015
184,4,-3.94646222694392,-3.39083205156258,-0.670247914218116,0.683064923290363,-0.921399640033743,-0.313779544384005
185,4,-0.907769664958889,-0.262800225920854,-0.998310998411769,-0.488899062186513,-0.239257944118841,-0.578529707853857
186,4,-2.15839220749934,0.730852032858008,-0.281938489381483,0.648129037770328,-2.19551671570675,0.143329101804827
187,4,-0.32557351925082,-0.918405001537061,-0.851521510788557,1.44113402207714,0.242312774747301,-1.13062601267193
188,4,-1.45707563736823,-2.65069980384828,-0.639357146503366,0.0380369066910841,0.370137225125008,-0.222202639728208
189,4,-1.48245121798414,0.774635941532812,-0.216177827326836,1.05643824052721,-0.452210755484274,2.71432881477505
190,4,0.626330620936163,0.0914144169886214,0.0866588220528402,-0.0796819012998792,0.419831511979648,1.16376636736385
191,4,-0.142495817465517,-0.666090855444526,0.245650344923996,-1.06686592078086,-0.965146270753343,1.55014025315779
192,4,0.921773096990398,-0.88454138286816,0.936978343184889,-0.798236968464719,-0.743996792846793,-0.0779531374216984
193,4,2.31568772900055,0.926938128548187,1.29778812662145,0.634073270861949,0.522277158044612,-0.870585662225038
194,4,-1.40710528316015,-0.713510925666785,-0.0129402899169206,1.56552361102223,-0.663445017391636,-0.351355292697384
195,4,2.4830614820668,2.51906134310008,0.447381466465455,-0.28771447282827,0.781821293393838,1.3566342767919
196,4,0.647136511649307,0.290216920651923,0.32350357896012,0.148744006163407,-0.200433661702774,0.490597197255231
197,4,-3.0763863126356,-0.91133496412358,-1.07593077950012,-0.177222424436589,-1.52227234038915,0.756951150636692
198,4,2.81188142174034,1.00181124618893,0.401528480887614,-0.252247862201877,2.79878816106484,0.543097644708747
199,4,-0.397335183582311,-0.869643477156911,-0.324200927797553,-0.199888106094308,0.769971230985835,1.32547640347626
200,4,2.26112156289711,0.801241879818983,1.49263002583287,0.199098245703709,1.32127193744703,0.463995500755337
201,4,0.0337258254597091,-1.459169555506,-0.246532687748044,-1.86643668764148,-1.77144946208314,-0.345309826486936
202,4,2.3155033998687,-0.00595423538392904,1.04576814062118,0.739022597589746,1.14533247632622,-0.0739432827346347
203,4,-1.47114880946629,-2.09363762249495,-0.595099505599087,-0.530780228122157,0.272200378606605,-0.393456339397605
204,4,-2.76836709067852,-2.52083290385512,-2.42670811717663,-0.210121076392778,0.170722132625576,-0.715101619979715
205,4,2.64712468607451,0.931897700888808,1.03697759306928,0.339712057866715,0.782398577662583,0.971186049480736
206,4,1.10165458855871,0.274556192951289,1.63671010142034,-0.995401849983271,-1.40625778150306,-0.298336250514969
207,4,-1.25167373069666,-2.60182671745546,-1.06835781113337,0.89059431931194,1.0559606713625,-0.151970927548697
208,4,-4.15857181614011,-3.46054852462301,-1.54194197234342,0.543860654748462,-1.09219319793833,0.506648375018361
209,4,2.18692935055744,-0.848939194305973,-0.424665939510487,-1.37936470705512,0.536411592756682,-0.46770373120984
210,4,-3.18786464392393,-1.93145355889454,-0.766007186866791,0.274145803496336,-2.16762361858301,-1.2126418057283
211,4,3.77785455986531,0.208960780191038,2.50082832213584,-0.445878238971975,-0.0109532088244195,-0.536365224834751
212,4,1.04073438332529,-0.725898696593908,0.168794476857257,-0.499694584210533,-0.842829940953411,0.615506569748477
213,4,-1.20544406292872,-2.4977683306682,-0.288029962844292,-0.78401446147818,-0.206790360077249,0.627045851957608
214,4,4.39383139405837,1.66169533792261,1.57714487794869,-1.52377011576616,0.250691399608564,0.481500069479678
215,4,-0.429405920468022,-0.72229135784872,-0.393705880140791,-0.335953190829309,-0.543152210330075,-0.117817264465431
216,4,-0.341283808521494,0.660687906909744,0.0703344918062937,0.104266607853048,-0.874440141188743,1.5644758458499
217,4,1.65205811155636,2.01097826574014,0.39783332777618,-1.06805961745867,-0.323726792103792,-0.405829492719805
218,4,-0.499990355420436,-0.0846276359763986,-0.739705874541395,0.110677767349992,-0.772337325318127,-1.03094045707094
219,4,0.365562516480922,-0.313638366103207,-0.0860044240794587,-0.332339938392875,-0.934705480861448,-2.68039378421137
220,4,3.90425730715596,1.90507531087634,0.332894071061549,-0.776331843708554,0.982290713751346,-0.161847072134091
221,4,0.731297262425589,-1.32200615155101,0.196777427604581,1.13401617838517,1.42697171365699,0.0175026874745655
222,4,1.39578927669304,-0.29844061548778,0.877061585563572,-1.7028810134556,-0.554527255864399,-0.277278425392232
223,4,-2.40595926573884,-2.62016119205633,0.482850240962721,2.27640485151755,-0.384849557070929,-0.120919544178876
224,4,2.5197147913923,-0.569636366852125,0.251724392042986,1.25423606300672,0.94988814639713,0.208884658316021
225,4,1.20224641301068,-2.61401284887316,-0.812277677571519,-0.335298312888711,-0.0829141478792915,-1.48846772403488
226,4,2.61113423917651,-0.784111602543652,0.642399705798477,0.654695601633178,-0.166450736854713,-0.408407880618085
227,4,2.31465480319422,-0.812513071525472,0.934527352321537,-0.666839418031233,0.124935108829795,-1.13254032954392
228,4,0.772022314792127,-2.35209341530439,-0.107152769282578,1.31044831689294,1.0620886716024,-2.27207660528639
229,4,-1.3101809356039,-0.183177111773418,-1.11714595816488,1.94571054810727,-1.35910170603173,1.98827660877862
230,4,2.30462003791356,-0.720836984004153,-0.142769624489059,-1.73004927159476,0.378664722942426,-0.243726298822318
231,4,0.212810389446615,-2.90997934175287,-0.275919541956348,-0.789682421300235,-0.0100687379501653,-3.34446064017207
232,4,0.62311334948524,-0.939888642850661,0.497513153676933,-0.558992254118946,0.843905778478231,-0.328964973846041
233,4,1.16689066547589,-2.1270444071145,0.206949254342753,0.262582846593423,0.12375529355215,-0.937816745710244
234,4,-2.48780638772615,-2.88312651442807,-1.37673953845968,2.57531610082103,-0.308181046830582,-1.62772964105187
235,4,3.16213936996059,1.85217393188483,2.11181722181469,-1.13402027133408,0.0359541163680806,1.06480473466233
236,4,-0.451780885724928,0.25201326871034,-1.31229685634975,0.271622857751878,0.939419985781395,1.04706521060478
237,4,1.921618984392,2.87806003667905,0.0818104291108053,-0.32359617006621,0.342740025949075,1.27516275074446
238,4,1.71962870930337,1.65248193110556,1.37300592157306,1.36388320370612,0.982421420917415,1.60899688695082
239,4,1.45251011370172,0.943075438522665,-1.5096613442117,-0.602251398285285,0.712669113635633,0.50705638750023
240,4,0.97523203851493,1.8886080008591,0.319185848487684,0.382474270723524,0.185093419853198,1.51326463614627
241,4,1.76824364912606,-1.02480597226707,0.814917455448142,-0.441692750315393,0.869137080018706,-0.794234170504138
242,4,0.664879793268808,0.396188892694035,-0.260142296683979,-0.55397364910631,-0.75012877259368,1.31216992185004
243,4,-1.01416773222957,-0.782443560798323,-1.36995639306243,2.00537818857489,-0.20996819306455,-1.11955404954811
244,4,1.39282109592372,-1.32467852056996,-0.715349191750995,0.605122553535285,1.17678144901325,-0.19862471611914
245,4,3.52399351892462,1.40276610523567,0.999188054185944,0.00659950732261486,-0.630801491144968,1.86062918971315
246,4,1.38675254262046,-1.27444985127662,-0.442900141281733,0.18014397595378,-0.346879596534975,-0.042469972842918
247,4,-0.20029684466335,-2.62904791039392,-0.291273929829954,1.51262998974073,0.481368761698938,-1.00068224827804
248,4,0.971106873099986,-1.08241987854927,0.223105557982791,1.13948528250961,1.796402617939,-1.72371000832495
249,4,2.1222421448024,0.719856695782363,0.937465575864219,-0.823744166548888,0.448950534210975,0.304173839652466
250,4,1.80469114371834,-1.62966501684916,-0.237767184955199,-2.03772079542119,0.474365681555838,-1.73363431457788
251,4,1.34752241883657,1.37813654580061,1.21446644360237,0.0542220771878878,-1.8261948777867,-0.610756677525882
252,4,-0.216302895212306,-2.69275448289666,-0.996682602912742,-0.903387413638458,-0.0882094255849483,-2.67077701933505
253,4,1.77859296553813,-1.01242752919516,0.24921591203776,-1.61939420703633,-0.199899454484657,-1.81637124135685
254,4,4.2089970677535,2.25636522048053,2.1964273017654,-1.43978017754355,0.553676217678092,0.625302273980989
255,4,5.09849063983131,2.71313397643708,0.153031118817579,-1.00580363452837,0.619348815361643,-0.87041113445218
256,4,2.84396399838481,1.80334512165914,0.409412812739791,0.256232313113924,1.23299773290993,0.983642358442974
257,4,-0.486566868171535,0.339106566200626,0.110899317727458,-0.331878216947752,-1.52512946660548,0.461987251867897
258,4,2.79991069936279,2.64975510224326,2.22579495273642,0.0343906806249029,0.249296479022238,-0.258822763479642
259,4,1.50287327783558,0.65304731380136,-0.499903687352604,0.451607241784133,1.57921512706419,0.629326624736314
260,4,0.269175937494651,0.457525109784366,-0.379512194379055,0.769311345839392,-0.268298610410957,-0.231342117382651
261,4,1.24017324960777,-1.39073237916651,-0.465225143867809,-1.24178375497187,0.40342224432845,-1.27641088033682
262,4,-1.67870437592675,-2.50309692368115,-0.531517868054724,1.11007948762984,-1.41013183927705,0.320114027258946
263,4,1.24715787975747,1.7942690710862,0.3440180392102,0.0875536178797925,-0.0391020214146872,0.674932504546492
264,4,3.51999861704735,1.93612741599045,2.32793927240437,0.147090063430584,0.801865653792895,0.745195790581709
265,4,-0.63271216450813,-4.30826835293044,0.868523078321362,0.844012624336147,0.350994167632787,-0.880061108522318
266,4,1.22942707464801,0.0293961530248012,-0.359810952442049,0.996360478898208,-0.686604221438182,-0.317398575139113
267,4,-0.112617264298329,-1.23342702778459,0.115114516243453,-0.552437945270625,0.453693212229687,-0.870211426353288
268,4,1.98911451706841,1.76437420322427,-0.641487960942542,-1.21033368224147,-0.0700266847604915,-0.0745866267935171
269,4,0.561593976084854,0.462334565586754,0.185903242946706,0.583884848457376,-1.06889668878471,0.581861143367974
270,4,3.05527915977197,1.66711501090027,1.05049392472175,1.74537230419549,0.498809750122424,-0.17819252153216
271,4,-0.396758484430962,-0.412305164676349,-0.664574732470568,-0.377333558160834,0.383622581710886,1.09059832205295
272,4,-0.131087200128354,-0.447259123816791,-1.84048355965619,-0.779166794751297,0.703686565241745,0.138683276568306
273,4,0.270158327955528,0.0965578388235351,-0.147178887416574,1.34924856697148,-0.862314441905489,-0.855726572159677
274,4,0.740166099207968,1.2804381447386,-0.196308938483946,-0.633980893785367,-2.26936121310155,0.284821116946299
275,4,1.20849515204148,1.49341358365935,-0.10169411100215,1.58698750292872,-0.173179997590821,0.214240688735312
276,4,2.37995136836206,-0.0441686492140929,1.13870999151373,0.297509780446158,0.546433880286371,-1.44608471654864
277,4,3.39103501245261,2.05686964659023,0.811499338101141,-2.33492117460615,0.857477407514362,2.12666808658803
278,4,0.259533264771253,-0.327260714400473,-0.291419905607482,1.46181620188801,0.0574158686640818,-0.486865864418564
279,4,2.57096434455939,-0.2496019569398,1.13416684881102,-0.0471987212352513,1.24881521946647,-0.960754294754907
280,4,0.798004105992776,-1.76943188929897,0.672230988042397,-0.296069122186844,0.951712281896486,0.849293089847298
281,4,0.96906060830273,-1.9399763682106,-0.527466866380883,0.578094907501363,1.98514547597697,-0.114539404663481
282,4,1.85469472215942,0.317164631431762,1.87041656994228,0.358992132923817,0.298324131581348,0.265523504361733
283,4,1.84463141139762,2.7930887191267,0.297117947722946,0.936463705614192,-0.104477130522875,2.58595558572
284,4,2.19528683314661,0.493931350571044,-0.583730766173067,-0.735363437126284,1.36407871589813,-1.71887090010279
285,4,-0.831047885181657,0.564161314803072,-0.445793935953519,0.119398723040733,-0.67518277669841,1.19365050641481
286,4,2.96741511596613,1.09966353773265,0.731757922626989,1.21275164584858,0.0737472511651784,0.194845285761105
287,4,0.753034138507274,-0.454602685194929,-1.12556196701701,0.0135379235150892,-0.714777309872514,-0.825386222536475
288,4,2.62602150696119,1.76499023776271,-0.072949242597961,-1.25985168033818,-0.669358172310877,0.136310201791475
289,4,2.67737729366689,1.50053059582953,-0.81190322961724,0.91111499036354,1.45478522059669,0.207646000775975
290,4,2.87570046915047,1.60161702237736,1.22772226331967,0.400407310422679,0.277661267876922,-1.41674767054845
291,4,0.943490761677804,0.621077770544739,0.456629455109245,-0.580287018148986,0.622077882082464,0.985620398863831
292,4,4.54653232366101,2.60023370233693,2.43405360933133,-0.0578036000190432,0.27245208371954,0.190309293529867
293,4,-0.242770895427933,0.372336886506913,0.0674662696101828,1.79770511441901,-1.69224797135749,-1.66378205016231
294,4,4.06389330231976,2.33130754176882,-0.132565648600951,-2.11147365726391,0.425115562390664,0.203106344657862
295,4,0.354176722345125,-1.39707272295019,-1.63373245085243,0.72351539310029,1.71293812006603,0.481156803958457
296,4,-3.17296008602011,-1.70425709436249,-1.69060466386537,1.43325611079289,-0.702089198915712,-0.407579384637084
297,4,2.02744859318938,0.60551711463288,0.224797899556151,-0.201298774146484,-0.150950168809976,0.956368376515252
298,4,2.21024124834378,0.442730722633025,0.35618192287147,0.845234789371026,0.879596940178884,0.223574928616246
299,4,1.58889499223363,0.473619096815348,0.627150182114158,-0.508026173748219,0.0485737445884597,-0.379129171729827
300,4,-2.40307228368808,-4.13417663425343,-0.835324387592668,-0.995277085275831,-1.00190836293735,-0.896382839217879
301,4,3.2660894532346,-0.60689480967328,2.53911580972687,0.425141916597736,-0.133585594355219,-1.44998044132795
302,4,-0.30430285041538,-0.278939391036527,-0.180126233901915,-1.85349326167182,-0.807770819492016,0.867344609557036
303,4,0.313138943239651,1.19342489594944,0.716238761786353,0.0840879010032627,-1.77548477189635,0.198863095266902
304,4,-3.41431063011502,-1.29974719636533,-1.04806606438151,1.92193112376335,-0.271110378660605,-0.265742846487827
305,4,0.885342099131292,-0.374266436277723,-0.298991095517374,-0.791542931065951,0.983023495975899,-0.884490368325455
306,4,1.08712028218229,1.14895387171251,0.0312417256342512,1.13689911888968,0.0849047159468292,0.44638836020873
307,4,5.29806146889931,1.70373316158505,1.23300818219413,0.052201463992621,0.701221361141835,-0.545534251181837
308,4,0.567886823796086,0.554359395991198,-0.253047781775285,1.16643472624328,-0.788310385635679,0.558656275732419
309,4,5.31779596294266,2.88451251717228,1.69926456579279,-2.13547078697298,-0.76939639640665,-1.73870890457699
310,4,4.77494843581497,2.43334730606556,1.38211892040224,0.144331968686569,1.61770374051891,-0.183732784476978
311,4,2.76093141020995,1.06410970921923,0.454440274797238,0.66502946594009,0.796180837616766,0.685806621443298
312,4,2.66965250829699,0.0852425369052371,1.38775414512361,-0.735465397605094,0.160495259347312,-1.13386330247833
313,4,4.40221286299919,-0.0977607570611354,-0.157448006432981,-1.70916964383822,2.58015447831491,-0.166577463817674
314,4,-0.0322343634346697,-1.3982676471651,-0.707965536931449,1.45544491698688,0.116902701032795,-0.460293484667611
315,4,1.32847835491074,0.949927913125789,-0.201055378927723,-0.855165359032821,-0.352709799445986,0.321523933625146
316,4,1.38252145839599,-0.962713478814135,-0.36100480800086,-0.866581214986874,1.21671433428445,-1.2409959162844
317,4,4.36031629357008,2.35765953419613,1.77283577618562,-1.34306659503015,0.22389103983067,0.945247183665164
318,4,2.01809320015596,1.56090488486489,-0.559329040200205,0.905720105710534,-0.323240100722892,-1.88025717280662
319,4,0.894681256782569,1.2616809948079,0.635785916578036,0.645656669724224,-1.00239773763509,1.63700860021587
320,4,0.543495740799592,-0.0133935879422994,0.403092779727531,1.45288733506463,0.272535692762388,0.53715716862188
321,4,0.968996358847398,-2.38778874766043,0.82746781524264,1.11223422274557,1.16012050311252,-0.419921436471366
322,4,-2.39684197984484,-2.01497964445893,-0.852530177832789,0.252101637194871,-1.55489459329808,1.58557421624663
323,4,3.59377457252614,1.55073302878537,2.100016475514,0.104421926317655,0.375467625621818,0.241751484803966
324,4,3.40404418232558,0.591524392562412,1.79883847247518,-0.27266117799147,0.597054940807208,-2.5482642566529
325,4,-0.611815329214301,0.0816798458969608,-2.69354571858352,-0.532447293608455,0.19637009773877,0.507048223693755
326,4,2.0216198845968,3.13857645736443,0.343859061092926,-0.645165496963748,0.286916521699706,1.38174972952249
327,4,5.72690129887308,3.1053755386882,1.52119109409696,-1.05163397986643,-0.841182221624575,1.08224054910671
328,4,3.77886468784874,1.537482574253,1.46618207316375,1.06665618670251,0.877956214733243,0.232613604626805
329,4,4.21311615513561,3.04857262543836,0.439131283671158,-1.06126203216719,-0.58683759688835,0.907795053125906
330,4,0.658044199076607,0.0415390363124026,-0.0172199677836928,0.334305833436379,0.098554257117337,0.438331482126245
331,4,1.83660820747747,-0.624339436375133,0.0587488352008829,-0.963472664974091,0.847252591936686,-0.207005645493103
332,4,0.797595957250933,-0.80874977324901,-1.17825662422303,0.109154153373145,-0.702686601759561,-1.8988624040014
333,4,1.63632382818403,0.906343266848348,-0.794158261470259,-1.0556768043917,1.0620426096383,0.845340573246157
334,4,0.53230152403723,-0.831072529541147,-0.724717334075871,0.852322080128914,0.836802281258838,-0.0613208760585959
335,4,0.887667440124005,-1.12270966484405,1.51899868169541,0.566258880773085,-1.23691498211342,-0.674032369751654
336,4,3.12413220830485,0.422838054321612,0.554130206108729,-0.786420038929803,0.842188870425072,-1.80435398415632
337,4,3.23527287840419,3.68271528485487,0.430160516115342,-0.436886694006116,0.362360478325397,1.46819070977348
338,4,1.02196319712891,0.408089439421206,-0.336224257270984,-0.0392955622305187,0.158538587184765,0.451299397596138
339,4,2.17488848647371,0.0383142049987305,-1.2638635733492,-1.09131618936458,0.526490166249426,-1.64362853755251
340,4,1.34958427828893,2.5286126255316,-0.0362874681435789,-0.0896876295151184,-0.484884597851456,0.0670297492117962
341,4,-2.87659241902316,-3.77509314663469,-1.03283116765149,0.0911513607262289,-1.88223388164674,-1.04514485943109
342,4,-2.34675094045028,-3.32584137817425,-0.782866887033171,0.287425088149988,0.140582409954541,1.67131404347445
343,4,3.14176646244787,-0.746600542792779,0.255956246213619,0.21756774417454,0.555333725216888,-1.37797401018934
344,4,5.0082244925777,3.12396015444733,2.38954810789666,-0.249542473089982,-1.24203147416234,-0.603296762170134
345,4,-3.92645066021374,-1.05222797920543,-0.574593276099886,1.71319180224954,-1.38820198846768,1.01445307335785
346,4,-0.151967965376936,-0.475772913498094,0.508221793654166,-0.884306297163188,-0.250891638751673,-0.238159358487041
347,4,-0.661293281823438,-2.3914775806448,-1.89892686727853,0.109943035878644,0.712306591943197,-0.45245849338759
348,4,2.17903783689604,0.0629856867339795,0.910309082042155,1.82581928703954,1.23659899146638,-0.964607998440381
349,4,0.542684813292305,0.630975642416706,0.447470613274996,-1.36190294501693,-0.982799669229718,-0.352582305130702
350,4,1.52794611083562,2.54033502695774,0.634775920783723,0.167955624357327,-1.13937634279016,1.44602892159118
351,4,-1.6163976756479,-0.214330016944365,-1.6517026480123,1.27961399889776,-1.13978786191801,0.652328853288239
352,4,3.64054493740733,2.85471471123611,-0.496995628529804,-1.36648986299844,0.682456641079055,0.413057197637091
353,4,-0.587400209218983,0.313163487419286,-1.1041391176356,1.62562654067224,0.69174662467683,0.250219515802005
354,4,-2.60530459438291,-1.51510416624282,-2.17449603103046,0.0102289176423401,-0.570647588472993,-0.174296694150575
355,4,-1.29761060491759,-2.41447975354795,-2.40780260665075,1.48862297878212,0.6671234956208,-1.9436741979359
356,4,-2.66126214946631,-1.47350335960965,-1.36592241219263,2.21890546232884,0.275916049911316,0.223138922077541
357,4,-0.669134753447648,0.549461217006292,-1.78683904339349,-1.17367481549227,-0.694037300808363,0.530554346356021
358,4,2.28610562214334,2.30098086908191,0.502670435623375,0.912344498894219,-0.123236892212265,-0.425920596348125
359,4,4.30693380155432,2.26006301975954,0.554336474202383,0.0342606870045895,1.7671344178303,-0.0103930891124874
360,4,1.54111453276131,0.852553759815742,-0.52039743604277,-0.744704307440093,-0.682756298845507,-1.16871542806748
361,4,-0.563227323063647,-0.794739786025248,-0.844199945240997,-0.0742779732422306,-0.38020298790191,1.45625877395634
362,4,1.33152696827119,-1.79390655895045,0.0343869622221871,0.90696147827613,-0.291683759889849,-2.28006632437025
363,4,0.157602967310409,-2.092332050389,1.22700283926922,-1.45336186814172,-0.73940960071831,-0.460436638835717
364,4,-1.41567825760758,-2.26513640892312,-0.331895779158464,-0.334478911562674,-0.676179684161863,-0.900100687783247
365,4,-2.49642048846391,-1.57613366613784,0.0499896998416374,1.35838330968591,-1.12588974273999,1.42114188654335
366,4,-0.549924597760934,-2.61241334493542,0.621038189543012,0.0660725577527382,-0.0320202305310634,-2.04608572064305
367,4,-0.317808483711566,-2.00341325311421,0.368773895736861,1.37068943325105,1.79747501887074,1.08106913920108
368,4,1.47429102878569,0.588586815800952,0.0672698279816673,-1.18844990125645,0.146476477161637,0.56722422146209
369,4,3.11143128270672,-0.459694950293509,0.689145526985847,-1.01601968409853,0.0836207152016998,-2.05125581571475
370,4,-1.0824524571095,-0.127874381462555,-1.78139887063291,-0.602040468258913,-1.84588108329958,-1.27447843275943
371,4,3.16863349698662,4.80079490591307,0.80701109597827,1.39985871216213,-0.888786705758595,0.232344612285373
372,4,-0.319268796122124,3.14224845557937,0.0629730710177858,2.15127675678754,-0.656308812511975,1.82101706248463
373,4,0.963202480716091,0.61384757387683,0.797812828989274,-0.800436924006959,0.198247479519226,0.00947302582991666
374,4,2.2452198656975,1.75995962283241,0.287403504514763,0.00286750897047715,0.817178653456033,0.00541018286549406
375,4,2.48579546259753,1.28590828969751,0.426127292916244,0.721457314529206,2.34423227966182,-1.20652020310849
376,4,0.215365929982594,2.2103786156057,-0.750622993624406,-1.15019900759513,0.099095399878515,0.691645356838308
377,4,0.546873175006057,0.317377266073827,0.767916720677887,2.34613116210655,1.07661789508038,-0.0532782027879062
378,4,0.31982035023457,1.3462296827092,-0.113362721671132,-0.367041572141413,-0.878303212544267,1.0691986431269
379,4,1.05106412657014,0.774005030531367,-2.05527964310567,-1.91639714590351,-0.882608094306337,0.153955060219829
380,4,-0.301143112733159,-0.406154790684943,-0.527990791681313,-0.461210889832544,-1.37687576695864,-0.813142875961914
381,4,3.68048440276284,0.226865703399663,1.26249169923736,0.422267974635708,0.821075041084354,-1.24039306346234
382,4,1.11894420016396,-0.234015199337939,-1.15902926664875,0.105627397354319,0.966059419723151,-1.81979543544351
383,4,0.170015507318309,-2.54200388503479,-0.280110052623243,2.15084420087485,2.09409251693091,-0.500570068916442
384,4,2.67553392183213,-0.843858446397192,1.34528624299572,-0.182990822446054,1.21943161161099,-0.280956667113259
385,4,-0.37932374635835,-3.67962218138661,-0.95753070436222,-0.0837082790067436,0.623784996515668,-1.01528247139971
386,4,0.435417127166628,-1.34610403134144,-1.00502619321389,-0.354660371837214,0.055555883063,0.200683333405058
387,4,-1.15323951169584,-4.25321199624403,-1.36394813386987,-0.110267461550023,1.64053752675278,-0.067166517710447
388,4,3.75463848378263,2.16347312865686,1.17096902835734,0.800270667326938,-0.399951234935363,1.32761621353429
389,4,2.2823930967772,0.392780218670258,0.0988676151633429,-1.4768273710646,-0.739970071339505,-0.757305781409322
390,4,1.47779539271781,0.543274305133918,-0.275806354720447,-0.472690367348152,-0.0587632724669072,0.128328906798426
391,4,1.64761017150007,1.84582842520483,-0.45551008247936,1.86671160433006,1.23831105177552,-0.597488785012951
392,4,2.88323678887682,3.14938591286432,1.42888854122514,-0.828386047408831,-0.714134543302175,-1.05380242303152
393,4,0.918217374053158,2.33402364225851,-1.2152447991816,-0.530225410190764,-0.431331787530572,-0.225902104137369
394,4,1.05371795667144,1.92805581964231,0.966133434696465,0.199429295207559,-1.1880898064068,-0.525177805893459
395,4,0.660413764302552,2.09489194859599,-0.202775446632841,2.26233989673742,0.662415936479865,0.157783691578225
396,4,2.42099519281597,3.56690937549217,0.870080140124423,0.551681904682184,-0.689858412655936,-0.326761098357985
397,4,1.86298453342223,2.2272552806265,-0.107046540428143,-1.1393069717769,-0.865867628822422,-0.324090576692196
398,4,1.01793184991245,-0.0391133386848583,-0.643527077558657,-0.624026074010174,0.412151834634024,0.379998901656425
399,4,0.549861440027334,-0.248987829544819,0.798168942190133,-1.54616951891565,0.243234622331844,0.525408138803602
400,4,1.25355650242465,-1.13952160974662,-0.689011001342315,-1.15542081454859,0.340887681177304,-1.49236107053123
1,5,3.72788239048929,3.52558164665164,0.515103364263288,-3.09791813173076,-0.818343930623272,-0.138300955561884
2,5,3.44883442360995,2.57539457609787,1.83225365610248,1.60936056332556,0.00177895683964174,0.109202557935254
3,5,0.982351956641868,1.30784542908951,-1.01840170422091,-0.0319854419270633,0.112503283310541,-0.163660126593465
4,5,2.48774611162499,0.335928633052494,-0.658670965921126,-0.492139663020799,0.357509709355951,-2.81490693655925
5,5,0.672548230751249,0.750645996199041,-0.934372852443837,0.114358549462792,0.550667041298611,1.04901301625882
6,5,0.140331632259095,1.00753396814084,-0.819965924251461,1.23613688784966,0.0606860149681438,3.0646240645268
7,5,0.0633136873669492,-1.63978733835873,0.854789975330485,0.25605113856157,-1.09689015652647,-1.88602738697971
8,5,-1.16404415951103,-2.30484363110146,-1.16435275668167,-0.602286401878669,-2.12831057666119,-0.870588863870643
9,5,0.472888394092365,-1.34506397883156,-0.198363359594286,0.134466891025368,-1.47517503251094,-0.0992793609020383
10,5,0.0966910499936686,-1.02111575767782,-1.69898894319493,-0.674816139957984,0.116274915427759,-1.93997886688596
11,5,-1.92240309881894,-0.690567620033509,-0.963384698895824,1.05716100223352,-0.828823190195391,1.23554180811675
12,5,1.22064475746002,0.960472843051607,0.25758419948016,-0.152350737415721,-1.03635467468518,-0.749400254221325
13,5,0.271279979700868,0.915017292595106,1.49229732441016,2.32183597917846,1.01992777442697,0.737190721183894
14,5,1.33583022063968,0.272330204526877,0.817924013172485,0.155004788935642,-0.093720545863701,-0.504283721694933
15,5,3.69353954532952,2.54509495000962,0.722967966852292,0.0847870673976759,0.101804153650451,0.554242213197548
16,5,3.55647346733857,1.51832818478795,0.312923282937086,-0.214434756171521,0.479129923753492,0.307454866830888
17,5,4.77641696615128,-0.211559301837585,1.35361742012024,-0.315439875084778,0.454181858379103,-1.64920638977666
18,5,1.52318746973695,-1.69905367660996,0.262542388989116,0.217255765618356,-0.408458727031424,-1.12432736459803
19,5,-0.451165951364224,-4.52949690161598,0.586533553022442,-1.29634589210277,-1.47210094246295,-2.07326440946161
20,5,-0.078407841113729,-2.19453445121606,0.768122480648657,1.30307661639494,0.861654296674093,1.1599022393452
21,5,2.37816988201907,2.66308699809317,0.790188223386019,1.31259904062727,-0.73130854029694,-0.789324282587278
22,5,1.39621220247226,1.76382613456052,-0.830255370475104,-1.47412141025111,-0.0463109164958545,-0.614101685332259
23,5,1.25663020017767,2.05068639037862,-0.768121247212545,-0.316292276023644,-0.0865754478551704,-0.51178636630701
24,5,1.77066924411777,1.58579108235148,-0.262452371375197,0.773550936827203,0.851125650143546,-0.241570878369493
25,5,4.84553056975751,1.07449532202259,2.27570369901844,1.63471771374005,1.71433336364388,-2.60331330958297
26,5,1.65637303132157,1.5309488467956,-0.431707586420169,0.405183989310889,-1.1014669338991,-0.134698708140093
27,5,0.565395025866658,0.893529525270808,-1.37889993943434,0.278439211237049,0.693250220764251,2.54598162370336
28,5,-1.99898655096827,-1.98091270746603,-0.286405285897747,1.82482984323437,-1.24911806994657,-0.469655707199257
29,5,-1.98556116395447,-2.8530342013182,-2.24409023192356,-1.90528492369908,-0.802294228007096,-0.336012720793261
30,5,2.11110476070316,1.04077606595494,-0.28200144981411,-1.47396384497062,0.949856857224173,-0.179280342869589
31,5,2.38436954619552,0.777892387228146,0.607506976088982,0.935409798505929,0.27117387742221,-1.25794746001732
32,5,1.55067138281602,1.50889505418513,1.792377741077,-0.660029538793923,-1.32893598210586,-0.338087041283143
33,5,2.04133262198362,0.0687769115992111,0.9459980909937,-0.42519659120465,-0.231493015718092,-1.68268804549406
34,5,1.23248681692852,-0.773421437194657,-0.527483580641954,0.0989882609107734,0.405548016580916,-0.220956703456142
35,5,3.78701772869297,0.910239931809159,0.192548359299277,-0.917929337001584,-0.107288828743611,0.953913143061873
36,5,2.83665675011013,1.14039121390222,0.793086738434023,-0.838350924709406,1.15851769797446,0.431027715582709
37,5,3.35487043249913,0.660809370175262,1.5847570811372,0.325364900817601,1.31479266927348,0.778716067033424
38,5,-1.33251515508408,-3.06140916519178,-0.238576591342138,0.64482864251545,-0.606900381948913,-0.81437617455946
39,5,0.918730332277449,-2.3605040510418,-0.694318931658797,-0.914660446284763,0.065663037772224,-0.297808800621411
40,5,1.68718175701649,-0.729851368319603,1.06069051618431,-1.06460317680488,-0.839178884897102,1.49780913819632
41,5,2.69469577473992,1.22054304382146,0.16096937179211,1.38897840865171,1.81532192869638,0.290119875346733
42,5,3.69536904335299,3.04532463675797,1.39938380408723,-0.00861677992919967,0.701210372756351,0.504299769512736
43,5,-0.363761661515222,0.749872099863556,-1.5893258295736,1.04631103143202,0.235099758337355,-1.39973107313607
44,5,1.37064784474012,1.48243978899431,0.616605799271048,-0.385643198967192,-0.782960532677545,-1.85205277614059
45,5,0.404022348832966,2.05041635472553,-0.158776296293655,0.359908717877996,-0.292549463504586,0.743078041191994
46,5,2.16398169300711,1.70543799713277,0.460351642525558,-0.187822998820986,0.964065337749017,0.288966519649644
47,5,-1.88990490326332,-0.69246648076873,-0.0896027107908573,1.88355324323823,-0.999674417120877,0.321786421669646
48,5,-3.08488860379475,-1.10185809978285,-1.85654756242233,-0.803753399309967,-1.40979452023933,0.472070944234133
49,5,4.25630054297998,2.30203165105965,1.02564285364923,-0.0958025838459209,0.0984015618923094,-1.20084945059443
50,5,2.36011580504943,0.519268601034033,0.669917565090701,-0.226281217912437,0.48111405260325,0.451865519181254
51,5,-0.134532253452114,-0.321300917038262,-0.565976465111555,-0.841352122123521,-0.118361155101646,0.195692728183923
52,5,0.456166959618305,-1.09978392601911,-0.91722545584002,0.437464292566416,2.1747391170892,-0.6232698426771
53,5,0.80533227335231,-0.984965178526677,0.0412217440429719,-1.85509346914291,0.403110879768274,-0.0823944660281743
54,5,-1.4946677075753,-1.69139908497343,0.348741296556516,0.282479201558746,-1.41298287625905,1.13155933094777
55,5,-0.799514502148088,-1.86388067100709,0.100230441143321,1.2133825869641,0.0585736118088718,-0.195035483123433
56,5,3.40330307747558,1.44553062345002,0.681734217770388,-0.625878740161948,0.294295736964111,-0.318334645352523
57,5,3.58362259776352,1.27481910915455,-0.457181860538839,-0.166496370814812,0.721497218875289,-0.219603744362283
58,5,-1.31929808265423,-3.59996107981774,-0.589852165653703,1.5169549148759,0.270650506805861,-1.55803902163782
59,5,-1.83060983797107,-3.18909579468136,-0.449078959381467,0.150840218695674,-0.517015708335558,-1.06643277257355
60,5,-0.138841511795176,-2.44780871489606,-1.12145407765875,-2.00258652943473,-0.415244116790309,-1.28930452716342
61,5,1.68224539145776,0.690565719248327,-0.123950820734166,0.843923218371663,1.85867611153882,-0.0259971037664051
62,5,1.113173519031,0.464760155985932,0.680249751214713,-0.923275171675548,0.165289649344696,-0.829256531349145
63,5,-0.0928658049091934,0.87744448246131,-1.27802020588257,-0.145430194551667,0.10135203780117,1.25943064037571
64,5,-0.0397212710410428,0.349167231046318,-1.15059467395157,-0.493201164807105,0.219853842754756,-0.476559569079061
65,5,0.0445407330653086,0.398954512888975,-1.09835582619742,-0.00313353998592318,0.137176574620214,1.34877751518304
66,5,1.1750799154284,1.92576538781088,0.704120542518504,-0.381549899736711,-0.41040717866156,0.911941769924666
67,5,1.58184844837447,3.94277296519104,0.501324001222302,-0.120468336234143,0.184381419682462,2.96756808960164
68,5,5.58515750701217,3.19554940164974,1.22993143925516,-2.54877602794301,1.85837658973699,1.08755814497867
69,5,2.0189061398047,1.57862708226536,-1.26862962356441,-0.68097769229153,0.125899635692806,1.68741587352105
70,5,0.133118763282389,-0.550892862185434,-0.431471299688908,0.349578506743785,-1.03816307756859,-1.58253165603196
71,5,2.19835783586506,1.04106338884223,0.517239202310682,0.45788092823931,-0.162049781867031,0.218970745902121
72,5,0.529890669426664,0.368608400969004,1.06988886713186,1.31869519281359,-0.147600408303216,0.0393979507262993
73,5,1.6882600157326,1.21927759970656,-0.0669745070496134,0.0460608467461463,0.162828720829875,0.646876087232369
74,5,1.3076333501501,-0.60329010520971,0.532945425693812,0.7136794522142,0.945447203463405,1.09808805261466
75,5,3.1860959240268,1.28406511296521,0.217073615171983,0.326858450094372,0.356356526091316,0.64468578149661
76,5,2.55718772098064,1.44066791047579,-1.79047834083823,-0.877464091471437,-0.298106162522554,-0.219388680916038
77,5,2.92734139774293,-0.488878462606708,-0.721659770743512,0.478746614984779,0.768641557894756,0.552610361277629
78,5,1.41807737414847,-1.11892132994779,1.09394066784166,0.254719918755895,-0.0630722892933857,0.320688722482111
79,5,-1.49737327118204,-2.17357201326853,0.18533445868745,-0.440361768670955,-0.514477372328187,0.140596186679702
80,5,-2.11658661858713,-2.13669554978988,-1.66547099431541,-1.64308938114407,0.140342461141673,-1.28811976142754
81,5,1.58086985327371,1.45942384981194,-0.48637456205108,-0.159256723757322,0.525592507215379,0.807767528944643
82,5,1.33931015231018,-0.713246295802662,-0.84731482381504,-2.49478584673427,-0.013348769950181,-1.19528989498647
83,5,1.71648403113076,1.86113554426336,0.751553240482796,-1.5456541932775,-0.594252442743872,0.870294654709533
84,5,2.12402190825194,1.90217550417282,1.19303834877568,-1.31791004712776,-0.525449116291146,1.03540103945659
85,5,1.67170026395385,0.968819227477046,-1.20258263706054,-0.138072851964257,-0.00512193769691952,-0.474325041102114
86,5,4.50676507560102,3.12719068150627,0.148974500343895,-0.819495955376897,0.517256492447346,1.64568017471329
87,5,3.05835600530972,2.24661692208206,-0.235368231347295,0.471084302879994,0.244999101728165,0.290043672585668
88,5,3.57032886651434,1.49509089593859,1.49374885025172,1.05646656226025,2.53795530456703,1.17254405632142
89,5,0.927020468999216,0.0429566495288744,-0.747662697644128,0.198489301278126,0.396430884474283,-0.554542548990358
90,5,1.83701182402825,2.70119677951881,0.747877187909025,0.652161476480704,-0.0378306733409079,1.93438163629242
91,5,-1.2808323679034,-0.507737086828321,-0.291625230470822,2.95414146025441,0.520794881195011,0.963180960785846
92,5,-1.05684536997809,-0.884075292294629,-0.799943471941167,-0.208975289260957,-0.508794032357806,-0.0977497186532229
93,5,-0.426297284181413,0.119186609585828,0.118544202336163,0.274607421372086,-2.12531182030057,-0.945763071543011
94,5,3.86668837340807,-1.178603603511,0.338642517965215,-0.168271094356193,2.09725864807832,-2.10706198766625
95,5,2.40666114189329,0.180517497357852,-0.249177193462942,0.347138642763641,0.436008122686131,-0.945628785795948
96,5,4.8851080846881,-0.0167495229611783,-0.0836248148389548,-0.573317193667575,1.37418770983587,-0.199254437256915
97,5,2.50824764155152,-1.94546671107603,-1.38114516054022,-2.03274291465131,0.171776493984067,-1.45039714770876
98,5,0.0530952472262717,-2.34565288664789,-1.21178657888746,-0.783525417382667,0.125658609145364,-0.386243245987925
99,5,-0.024337804963293,-0.295277565093068,-0.118244555733537,0.252658571423367,-0.520055172629938,-0.172852068890049
100,5,3.28502324058203,0.393686872356964,0.71773256845199,-0.198369834333375,1.93646835651991,0.137244375167156
101,5,2.31317444577774,2.20652167104976,-0.71819795949351,-0.766881118177504,-0.84694082288674,-0.343023010477869
102,5,-0.526528310905129,-0.173121896504613,-0.622709974223164,1.10388398954194,-0.894858244431063,0.235301703420224
103,5,1.35315129868063,-0.141004064843999,-0.644886268122947,-2.07463113155758,0.300983320723024,-1.4004185154545
104,5,2.55114215549473,1.2550140205412,-0.0622958695635845,-0.358337977371949,-0.88288886329808,0.102979537014987
105,5,4.64375585669718,1.35435337906226,0.053942179499177,-0.625088823902482,1.38721158980836,-0.265355865295467
106,5,-0.60413953024457,-0.822421275588861,-0.864130858163759,-0.463180831734057,-1.38148008201781,-0.398205959504764
107,5,1.86643336865086,1.50898847745227,1.40696613421022,0.305360100428958,-2.05550744885738,0.360428147120735
108,5,-1.53072313053896,-1.28233626828285,-1.13214240292027,1.6590958011178,-2.22082597052854,-0.452429014346167
109,5,2.90320230858679,0.882680861258623,0.982834784122335,1.76523909968971,0.779203094280145,-2.03584668673986
110,5,3.28734521687346,2.71917973462613,2.75750031071473,1.55636534636789,-0.814564244230578,-0.0414639520748769
111,5,0.642114900163737,-0.0397246731633191,-2.04924608148356,0.0399818385317172,1.15596014662138,-0.981608353053782
112,5,1.86457377608689,1.76814225674504,0.463772494695234,-1.15763881292862,0.526262009164278,0.382296993861491
113,5,2.42338366011073,-0.0155174783216471,0.87985241219476,0.75069187605393,1.21053578791347,-0.958724245495348
114,5,3.11581186044215,1.99189856406725,0.442504211928425,-2.31095210580739,-0.933168992883215,-0.905582373399967
115,5,2.99915609211199,0.701179478022245,0.0898800666398423,-1.04937480971091,-0.609915275178115,0.266961170728816
116,5,1.78225283831754,-2.18070120567826,-0.48510850943159,0.518963196273092,0.781145548062293,-0.355066394698722
117,5,-0.270053362284837,-2.60936611586098,-0.82129292194595,0.690998966488804,-0.143775058387995,-0.393422895840251
118,5,1.72688765029764,-0.0190710668307435,-1.1660524975734,-0.704358045444695,0.0480175449037054,1.39750768058011
119,5,0.281870284380143,-0.0974076162603092,-0.982631011792065,0.967797379804417,1.35249721574457,0.472057194752748
120,5,0.28808765707018,0.637943143809606,0.88297281367003,0.90759078840355,-0.148833483025376,0.276354808597348
121,5,1.21811308165537,1.97875060066864,0.755103836043759,0.473006748622734,-1.29623221104798,0.629703369910436
122,5,2.36418773539171,1.9109094440648,0.587278959309944,1.00421863170814,0.64843160040443,1.67389590818883
123,5,1.98118155016675,-0.142613777442459,0.0610399292841225,-0.976049028551371,0.438083247787005,-0.836530452366892
124,5,-0.0405343319760454,-1.65620614794703,-0.993681037262479,0.521941351701143,0.295178970055244,-0.09785655821195
125,5,1.91488279860059,-2.0542507352798,0.0834736544357081,-0.91029918164452,1.84371433542341,0.0454498571758823
126,5,-1.13821524820629,-2.16145614292784,-0.713316651102602,-0.0512625084792067,-1.08245022281466,0.103404776704894
127,5,2.01269258675727,-0.0592148245538611,1.77630407681874,0.491331073212388,-0.43783776243098,-0.860238717984693
128,5,1.20487612577699,-0.923506772758868,0.536713070696971,0.379718573663747,0.590261765570317,-0.406532086829273
129,5,2.18466461814053,0.472378599759008,1.31602804031587,0.87369577040598,-0.70020974052096,-0.246094969627464
130,5,4.41960325824911,2.68656467361975,-0.00260842446907763,-0.325006666758878,1.42143997128542,0.087844584750692
131,5,3.80402873922253,1.55404489983576,0.529090310595843,0.671137208548087,1.9146646608808,0.336004127945399
132,5,1.64858269066105,-0.493739051665754,-0.156222905531377,0.577855868325038,0.322586368627347,-0.0910231990344328
133,5,2.20349562463478,-0.191470884384864,0.768022626145787,-1.28232239031725,-0.123737779615656,0.195887783342154
134,5,4.061479471894,2.23630994623696,1.24165842374632,0.271399776069821,0.0341867926507303,-1.9400429056137
135,5,3.71629332368921,-0.03582525080736,0.0957073208203521,-1.4406346242076,1.28892611814912,-1.66054581038677
136,5,-2.84612107715752,-1.53365085975106,-1.38617192743787,1.18937559011889,-2.3707371033521,0.429565108280235
137,5,4.40544507672646,-0.893702349029166,0.114205318471873,0.0307000453765146,1.15074159643278,-1.80444077487152
138,5,1.2555967613901,1.29560340051559,-0.501788323099577,-0.641774733283184,-0.0203400465223582,1.21282732608316
139,5,-1.34675755540803,-1.06254396768165,-0.349872344409719,-0.514686384684931,-1.74683357086317,0.771349001199536
140,5,3.94730991487456,0.131427892256634,0.0334242301152476,-0.773352518955565,0.370545099398833,0.320083975668902
141,5,-0.869774403125762,0.842725038642382,-0.696725040089699,1.73013739202795,-0.763504073233962,-0.84932549507273
142,5,3.01203259071757,1.61299494204375,0.213646077659393,0.890555712280616,0.830590700632778,-0.141722619150646
143,5,2.54399927936724,-0.918150787786684,0.772042379494476,-1.16823040808251,0.156420954829474,-1.81897456898186
144,5,0.640876650625641,-0.425506636942891,0.0276673831076597,0.804764315496761,-0.66104788819179,-0.841587191828512
145,5,1.00385286181562,0.477457853678062,0.274284224310478,-1.12351424174355,-0.124966340928302,0.894056232450951
146,5,2.96895197560341,-0.462804775776711,0.113924060426561,-0.140881849517945,1.68591971245403,-0.235274233200354
147,5,-0.321068012763674,-1.85233965916345,-1.18120316936604,-1.04785069129738,-0.258399861211483,0.884861965358583
148,5,1.8292064621884,0.399160362397553,-0.0553246642848008,-1.93775510835759,-1.26861982475283,0.435662325666868
149,5,3.13445581164568,1.30584514758066,0.694262911090528,-2.34422417390101,-1.24396029768848,-0.0834395340119693
150,5,2.85656887322756,1.64143627634452,1.47733844089818,1.74935335025218,0.866330394774032,0.100081693264761
151,5,1.20586513041827,0.468264477435142,0.271528357992341,0.880465180959788,0.470826200645135,-0.576717270674547
152,5,3.53144078260037,2.49142030199744,-0.167180418041339,-0.493602451442921,0.321561459793739,1.20197415988783
153,5,-3.11775408499696,-2.69698638599435,-0.876756132958334,-0.364264591778406,-1.31323200637394,-1.11448184554347
154,5,-0.889782936111481,-1.03026653992906,-0.455690108779078,0.888501336013304,-1.02893620003513,-2.194070377023
155,5,0.603228284431828,-1.06168906619056,-0.0779588141471989,0.337486941030281,0.0596160350176347,-0.90975385250288
156,5,2.53751108900131,0.230086196224988,0.624553141500429,0.358756321222295,0.214583199892568,1.82615117221127
157,5,2.77888114844265,0.188471400299267,-0.90936781588003,-0.0964984263726635,0.605683277379989,-0.24181134405588
158,5,3.15090993157934,0.512287066862719,-0.48595922468822,-1.11731867690347,0.591234224963878,-2.30065404058874
159,5,4.56224052564428,0.842202884740301,-0.424799108374196,-2.13496640963795,1.65494637707581,-0.480512052649293
160,5,2.68748764681315,0.881397861016439,0.203294074254151,0.408015070204221,0.270880349784655,-0.652175165644109
161,5,0.984090083997282,1.30745334005954,0.311867310991112,1.44123983563466,-0.149318367636359,-0.336945806808139
162,5,-0.65938653965647,0.635212656675775,-0.141049345973215,-1.26364615060335,-1.22505820714537,1.7182597782001
163,5,0.471967931648875,0.733894162447796,-0.821874872444624,0.872528709212847,-0.38379094567731,-0.322041648504297
164,5,-1.28318618568969,-0.642073953338634,-0.487347521038742,0.527213640433262,-0.468436969045151,0.880865055277816
165,5,-0.568040825883479,-1.42722438125918,0.385983156389043,-0.495952155771962,-0.595895230366118,-1.19148491690799
166,5,-2.45451492587095,-3.12558013345381,-2.54181398773068,-0.483039512563654,1.04199787827912,0.558568569930321
167,5,1.13845804213274,-0.921607310609232,-0.00517837123863857,-0.101568638453163,0.86043801256351,-1.7773647002064
168,5,1.97169210006224,0.232267789827472,-1.14865745422743,-1.64479593929701,0.431549051546545,-1.12235903713159
169,5,0.181662165296523,-1.06402473487421,1.29572273532765,2.27537851942229,0.895802322522005,-0.312965040345622
170,5,-0.16794582296081,-0.719379144413292,0.154855671710977,-1.59156183721586,-1.03418472420119,-0.375085454049622
171,5,1.81448287571002,0.203993000858764,0.174317845113717,0.450142674561875,1.10839919882243,0.410577652152083
172,5,-1.70540712011031,-2.13255874512524,-2.05748148472883,0.446746390214197,-0.124515428911994,-0.659790650704159
173,5,1.25628620019642,0.580638196561201,1.19446302318365,0.0182469542330039,-1.80285657138355,-1.58646458147311
174,5,-1.10175023359384,-0.742661546174833,0.681802743208388,0.219935559548813,-1.32891522868593,-0.162423181457316
175,5,1.92045200695764,0.433680006669639,-0.117141141314895,-0.354230887878134,1.99971640144271,1.0241058904145
176,5,1.39964790591699,-0.497736929511025,-0.726566065439457,0.69701600745541,0.506058470859178,-1.78164135983737
177,5,2.56550227655063,0.745864294152134,-0.630849518237982,-1.43158661510602,0.631854673800875,0.353373528440774
178,5,2.73653612037308,1.49619467576846,1.07536556258975,-0.190838618568693,0.448588654134353,0.106520558857529
179,5,1.99568995273662,2.06608843437334,0.735355296786354,1.36419493816244,0.136344895519097,1.96869298951932
180,5,0.155107640242478,-1.20927641973386,0.590184548407322,-0.819217271476796,0.307000698791254,-0.154726333371767
181,5,-0.874121646268677,-0.753192366619357,0.32821491589578,-0.0287620791963672,-0.971891783927673,0.374348514136972
182,5,3.60192468473733,0.278772693621353,-0.460294603852703,-0.675627309453849,2.23233211051098,-0.47021426603101
183,5,-0.0688115264375995,-1.04758526256386,-0.397282145599939,-0.246605473485598,-0.166583739076248,-0.576939970890606
184,5,-1.87180895056072,-3.06102264493256,0.661195773971626,0.791536463587341,0.834788171901096,-0.75772685001492
185,5,-1.89259924353196,-0.704505802781544,-1.11611551485563,1.50232455172777,0.771158495688686,2.84490932802519
186,5,-1.53522358518864,-0.76607160614832,-0.454512791548239,0.267053417049258,-0.0164542089851349,-0.0522257157339013
187,5,-0.325134006221234,-1.23260456597813,-0.0537912640360821,-0.747972430225185,-0.889147145936626,-0.562628374109852
188,5,1.39457538920754,-2.27209711048909,0.391934326415103,0.158714834685273,1.67982223729515,-0.15782314254667
189,5,-2.57260016404538,-1.29443594314834,-1.12480994196019,1.44672321964045,-0.794077105543042,-0.285962047916333
190,5,0.250250552069338,-0.13786462192104,-0.0754435402100724,-0.438959941585048,-1.30591490661958,-1.4345448756783
191,5,3.19247708078356,1.38443999057105,1.71114448715395,-0.994994244112273,0.189980426936774,1.535911061246
192,5,0.808186072469934,-2.1952887589377,-1.81790912332649,-0.448194929178968,1.51405014114735,-0.498284936073412
193,5,-0.594546937752142,-1.31101163894459,-1.64475289933406,0.118141482398125,-0.309864644625812,-0.916797959301718
194,5,-0.603444751278893,-0.748616222691197,-0.295206551674248,0.316145130428067,0.353382997114039,0.89754097874999
195,5,3.35293057253403,3.18268149875466,1.07426305160217,0.751919101349128,0.424686481851182,1.98182331165666
196,5,1.41983160359916,1.05083224446523,0.145883845679745,-0.599175068570294,-0.510799535412829,-0.83742802556361
197,5,-1.62227916546871,-0.709511435140528,-1.24522625276095,-0.0202908923509593,0.297414247962086,0.10204028049886
198,5,1.04321993257597,1.21774007669983,0.233398755171599,0.669574386582967,-1.45377030145258,0.913021165378363
199,5,0.858325343304622,0.648246109085775,0.275453572541427,1.31043031858249,-0.10351535806261,2.14080419269161
200,5,-1.04276429681941,0.148366656744499,-0.59868330896154,2.5495695215133,-1.41789459185727,-1.13703362141639
201,5,0.986279054995832,-1.64609548862581,-1.12406441964378,-0.63789787380836,1.86727452912375,-0.0478582112797475
202,5,3.46712726292276,1.71846070707358,1.19713220513241,-2.1602894292698,-1.28742775460977,-0.0331725965016988
203,5,0.109316070169093,-2.09002747562617,-0.232044332439383,0.148672657920038,0.559577401031287,-0.855689678932484
204,5,0.678797213196209,-0.909102936793713,0.803040808952022,-0.90412669890891,0.589717488237192,-0.579533700233512
205,5,0.788680431524477,1.55551153636841,-0.0901790506804469,0.203706464186207,-1.05094639072914,1.79074803932051
206,5,0.271208583574835,-0.0890250578192103,-0.430079625391629,-1.71021191495757,-1.72236425960891,-1.18025438167416
207,5,1.61117587519928,-2.62445715004028,0.371239416181179,0.53149650871995,1.98323070229332,-1.21266783609622
208,5,-1.89288630372182,-3.65701834399222,-0.541190751783608,-0.29387154813635,0.476566940020987,-1.78313244390349
209,5,1.43757997112013,0.163418570155181,-1.15614316107623,-2.93771774915073,-0.918530622532551,1.55391578990799
210,5,-1.25488662053731,-1.36184246950473,0.550386836037425,-1.44438009643342,-1.64168360059212,-0.713403888914714
211,5,6.75765148138672,2.81527832179153,2.14060516959409,-1.4936407676834,0.885186724095832,1.24778243019552
212,5,0.372253091649777,-3.29977224052031,-1.44893238771338,0.0124474477305456,1.21465295983816,-2.42713470202851
213,5,-0.195138900043891,-2.97441819339848,-0.705990568221026,-0.95536982553816,0.582572321038561,-0.338259036277996
214,5,2.52665787320099,1.54881570357225,-1.17156711355234,-1.26561625829683,0.387933215216114,1.96344761215744
215,5,1.24854868259156,0.288361094115189,0.547330452664068,-0.513773078240476,0.403594398700903,0.199656405868438
216,5,3.57005693475349,2.2447848476276,1.37079024881578,-0.708629727253381,1.74972886883631,0.370289690489278
217,5,4.90196763789065,2.6421513010353,1.72587526068458,-0.979835783543272,0.885280505662018,-0.840385404678339
218,5,2.68970077771339,0.0216635033589216,0.358673335162932,0.680795633384864,2.73890030648543,-0.844187722885051
219,5,1.47926591788548,-0.0587086079198539,-0.747103665095055,-0.503263036132795,1.20432679715233,-0.349521558802539
220,5,3.75954331788232,2.95252700055817,0.312743015247543,0.398447037549936,0.566580258315156,0.653832066586867
221,5,-0.389289603594936,-1.13088494950604,-0.353669090724113,0.915897360630125,-0.152964574326392,0.996408921060497
222,5,-0.29734555296014,-1.06592924196482,0.108583686461644,1.06874575540118,-1.06953349261436,-1.0362943597512
223,5,4.32961901614677,0.419651539341137,2.72377698153173,-2.22981527475912,0.707401684514514,-0.341427445719267
224,5,2.89224622821371,0.246169454542371,0.914999087165956,0.482791963887571,0.111033500157788,-0.0602547278685185
225,5,-0.237805912583963,-0.831126157790044,-0.235989414444541,-0.200439391148539,-1.45093706125532,1.81842496772364
226,5,3.59190348762152,1.33989115552331,2.01629277918531,-0.0699264371735856,-0.94332430913769,0.128241614165358
227,5,3.73561979561451,1.58916918303367,1.22544608048979,-0.0788574388677422,0.494056920572858,1.32379671409511
228,5,1.97840547496977,-0.432147487656486,0.105013828899808,0.2187444319724,0.646178199299309,1.43385895292783
229,5,-1.3251505549103,-0.609051044210653,0.0505995580770549,1.48869903633809,-0.969931929078957,-0.0231524310577755
230,5,3.3775467664755,-0.35130525166917,0.922744235454811,1.16086278069579,1.27501044433967,-0.420164126357752
231,5,-2.7478068999861,-3.20043876358671,-0.88454071025169,2.57171737572595,-1.19572785772373,-0.537295447932963
232,5,1.04965630519399,-1.0988921619123,0.17077176591721,0.894761644640543,-0.465857706601076,-1.32275482877122
233,5,0.567990608790438,-2.39567854976773,-0.463256866949235,-0.751937875125847,-0.335528889976285,-1.13888100938167
234,5,-1.78470803973573,-3.48950382018451,-0.981298073779342,-2.740805857273,-1.72985750188073,-2.07475477657823
235,5,-0.477136345530169,0.449027171675931,-1.17843613493519,0.737032775636079,-1.31091532293032,-1.1389113359867
236,5,0.225618402286074,1.94908243567715,1.38806855390001,1.3305906322632,-1.18066038042491,0.678759466267618
237,5,-0.0399902490392402,1.42253628656036,-0.78635622173644,0.727027429505476,-0.0858995599479878,-1.19634082479034
238,5,2.92675345351389,1.47712747749937,0.489243544939205,0.58218098359083,0.932779358930871,-0.743867858229224
239,5,3.56355523541555,2.22422673333182,0.773186588987159,0.100627347411305,1.66295514679952,0.0390015418507686
240,5,2.1061897620397,2.46230664640703,0.744760834595997,0.329840993970931,-0.3021568210176,-1.07675215200967
241,5,2.76033841153176,-1.1333831070347,-0.421809821781109,-0.272327293261161,2.05659651005671,-0.152399674201544
242,5,-1.30995530170278,-0.986918987473713,-1.43344623471373,1.0711256360628,0.248434948446656,1.11509037638626
243,5,1.48750539870052,1.23427379798562,1.61304269748288,0.447873124710004,-0.337754204704898,0.828732539654424
244,5,2.08997055786029,-0.261782455164155,0.867812965635192,-0.366766884599746,-0.581745543381942,-1.16777329166335
245,5,3.00194632045381,1.68379423717963,0.893856262667989,1.85838104267572,0.321825771038021,0.374926872317359
246,5,3.20396998465172,0.327402863144957,1.06797973798873,1.52695944754125,2.05677517889356,0.0248214424520928
247,5,-0.215922165932161,-1.5315180063377,-0.139328836538847,-0.596774457626151,-0.82297168731619,0.129515267097727
248,5,0.704877739065168,-0.184176631326378,0.101652233591212,-0.593293965002257,-0.542519110435235,0.531842247784716
249,5,2.3263748457983,0.752797050108663,0.6534450669999,-0.170109797186421,0.314705515547778,-0.125249619159194
250,5,5.87913126984135,0.953167221491791,1.83423700708106,-1.65335099291467,1.60492425844665,0.677269596420716
251,5,3.41563892612601,2.72626900889731,1.81095410795959,0.776748177397639,0.771403075039144,1.97610561250821
252,5,0.984680479081987,-1.53829481957485,1.78402091517755,-0.172332334723397,-0.98349979662003,-1.15588773861774
253,5,-2.16487059888315,-1.62428489870079,-1.58731298274427,0.352815707467205,-1.91608459768128,1.06159880980139
254,5,3.5184416624204,1.8347919653236,-1.09002779174382,-1.7485956923968,-0.203422019479335,0.381051179079539
255,5,7.86059815075896,4.1405957425676,1.77979315060105,-0.65330822081727,1.37142293074489,-0.689809717116032
256,5,2.15521986684608,2.27435903001583,-0.638573049862377,-1.4403305719,-0.562745233582118,-0.652208959584852
257,5,-0.159086042553241,2.75490444006213,-0.665482581065855,-1.86285831921109,-0.851744806053985,2.90905379492157
258,5,3.30905666016218,3.80808682456082,0.846685680154599,0.525500879550406,-0.105250293300543,0.898394602251592
259,5,1.97799172628857,1.7113209802321,0.969371274218915,0.0280595596162919,-0.275462087477594,0.422940266317464
260,5,1.51187168656779,1.053888529081,1.03763167411564,-0.0179335743774827,-0.459868120549546,-0.998745923981211
261,5,2.20304713532887,-0.40266001407189,0.0150264183525838,-0.310839370541886,0.609529224737023,0.252981108471076
262,5,0.916568496547792,-2.58326986684308,0.189071862383851,1.28153583108318,1.84360514314365,-0.992286223828785
263,5,2.17075427143257,2.83393830675133,1.48503536113629,0.18121384856318,-0.229253313162276,0.121793481323389
264,5,2.30531839089175,3.33485014279086,-0.0215790727740253,-1.40173604857949,-0.941613985958057,2.05234853111168
265,5,-2.03969198936917,-3.00550615098132,-0.63173335876745,0.254079097233534,-1.59622263144055,0.192347580304665
266,5,2.29718143708272,0.708833918016807,0.306272206311512,-0.432257794873769,0.304609364374733,-0.0209570135775848
267,5,-1.19430030523851,-1.25434189375921,-0.429574329729856,-0.357178006391167,-1.3655545329392,-0.872793936258484
268,5,-1.95370630162127,0.258946148091479,-2.68748962231728,-0.704507700969671,-0.379816871118786,2.67054521984201
269,5,1.71501283184092,0.377607819876723,0.756996046075626,0.234300393785736,0.800248091087472,-0.516269460377603
270,5,1.77386147686922,1.95543044910364,0.374711446517773,0.908627736897117,-0.44112748041949,1.57690068135043
271,5,-2.13547857605918,-1.5221071801335,-0.0286993921864207,2.23553427470511,-0.895796592993478,-0.356947082553929
272,5,-2.43471579979116,-2.16146054129202,-1.76812823292106,1.01315547461185,-0.300825155024009,0.195764473779918
273,5,-0.287179106962222,0.416635660548506,-0.54738293581167,0.763650317631254,0.442033795100336,2.00362936613822
274,5,1.35574821983445,2.50912314016475,0.877422612860591,-0.163055463924944,-0.717816879222846,0.294848575348757
275,5,0.949847032622625,1.07309611871558,-0.167536435936541,1.27190884485864,0.188469672042569,-1.21749375338744
276,5,1.88809383010173,2.01845033316393,0.735847615406091,1.53663479906178,-0.109951134194511,2.13739791028145
277,5,4.57488196275255,2.181496259191,1.86702925365827,0.443616143705672,0.440783514723192,-2.18096117467858
278,5,0.314670820795383,0.0405317840347864,0.117400547271591,1.18938519458784,0.316507547572465,0.208672322951529
279,5,2.4158416982095,0.165034399978395,-0.213143287595663,-1.3456324636853,0.462337605883947,0.283082903463229
280,5,-0.135483589353748,-1.61504800381484,-0.316997830940982,0.149731564262531,-1.20928598656967,-0.801550853849757
281,5,3.26254044613322,-0.747946255454111,0.930794246600835,0.221130179089253,0.807454328935232,-0.510293010659833
282,5,1.24329100501991,1.2025806320657,0.575090430854364,-0.326985821430856,-1.5190702013806,-0.0603987829322809
283,5,0.757377541473698,1.14519092799556,-0.206174671666638,1.05784870233407,0.501896056363082,-0.642115903435633
284,5,1.61515339420037,0.116449139252674,-0.53484786147174,-0.442378708840805,0.499886265993737,-0.68346119703998
285,5,0.928941708406496,1.22552312000685,0.21353984588384,-0.961049186902091,-0.0730447652939053,-0.101101449957473
286,5,2.19118153951954,1.73802854807348,0.641970625553407,1.46028422692926,0.528224234845126,0.546970197818364
287,5,0.937582370978647,-0.373711031408825,0.7141763950446,0.163525332218905,-0.897197365900351,-0.374691553770089
288,5,1.07475009792104,1.18935792547147,-0.00748894904882363,1.17846227003846,0.0842505236083654,-0.186672741200033
289,5,1.26105312825369,0.947778509001292,-1.41668116119193,-1.15007808632877,0.330413492573738,0.854677579678876
290,5,0.959163714161327,-0.0508496482134265,-0.66411671196211,0.306739177960613,-0.16876487226282,-0.87893648790124
291,5,-1.06376952719188,-1.76647703629475,-1.1823590133015,0.621498166800172,-0.220311259654461,-0.916989848440285
292,5,4.01220546686302,2.18169252739594,-0.246037627886642,-0.6380031437568,1.60382114044157,0.193010105165961
293,5,-0.32158264688302,0.53654298663195,0.53223102600975,0.942639506358425,-1.12561483685717,-0.0122712692294329
294,5,2.22255150746673,2.89829899882681,-0.151330789112357,0.0948031949890504,-0.24909851318381,1.52242999446543
295,5,-1.50035101300333,-1.94979029423906,-1.43486851417561,0.567723886850852,-0.360719671503949,0.664535618022406
296,5,0.0658366963182483,0.493070726143606,0.0490499810798099,-2.37835573126286,-0.400734064138366,1.0868286684583
297,5,-2.25866410179322,-1.02713481627514,-2.94212415153739,-0.645060759393373,-0.109740753839674,0.92264531529493
298,5,1.46222609696231,-0.164448335861983,-0.458003223483157,-1.18135669252453,0.206760489573604,-1.69132047896592
299,5,2.56309990548468,0.97697214806809,0.90777390098888,0.32171741478413,0.108995952170442,0.0545841286231532
300,5,-3.45690850265927,-2.418879251464,0.5281132603658,1.62742320473361,-2.62616131951347,0.088592923921479
301,5,1.72514343634083,0.338750375684667,0.814606230347614,2.54585481941098,-0.303385699209384,0.831313792451333
302,5,2.22333432130292,1.00295156370975,1.5479561353289,0.368470103689489,-0.0864578292069529,1.08720313926628
303,5,0.0908047041676607,0.603746711033483,-0.0261731998250949,1.68223338306241,0.639944999855408,0.334351553380197
304,5,-1.8068510083163,-1.10221251374654,1.03188892729153,0.367562132240495,-1.05433696019291,-0.786917646066878
305,5,-0.247918800719814,-1.5329856419946,-0.178007337610093,1.32197801715579,-0.219539940667474,-1.51047584067226
306,5,0.267490998306917,1.50576022541308,-0.305510962902376,0.994491543770999,0.572856701872208,2.01918535511542
307,5,4.41669797943961,1.51830541689299,-0.545429796146783,-1.82593389581661,1.5338275369682,-0.0757208883931029
308,5,1.04046635781553,1.11754928134229,0.224872227324313,-0.622669717633718,-0.268278871182753,-0.144602602023561
309,5,6.073814331077,3.85040759439002,0.603114025264633,-0.511466151564086,1.57460021466116,0.0773856316837897
310,5,4.09554302565014,1.57290783517142,-0.505904060990686,0.494582515288831,1.6147436891077,0.335739348736719
311,5,3.49330666404588,1.76289337106625,0.358301588367118,-0.214646169027893,0.934875701005201,1.25511595322724
312,5,1.22272936081017,0.243679530886771,-0.922378146571982,-0.0302409325637703,0.698056319467351,1.08657654893655
313,5,4.61723423370904,1.66731211855668,2.40917985680224,0.864227042353358,-0.854117491112204,-0.376666223153657
314,5,2.37217165792835,-0.151143263724764,1.44890744690659,0.61535783588177,0.812332073365039,-0.778517941161438
315,5,0.463421961585284,0.357640153449403,-0.597788262805623,-0.413752747844139,-0.541216776353835,-1.13555881640307
316,5,-0.184291883133391,-1.46322532919897,-0.154155758444449,0.227177838200594,-0.855848802120505,-1.49250263633665
317,5,1.56292686108015,0.597892295872689,-1.08778374756948,1.23656714290599,1.00651149097603,-0.265189774722771
318,5,-1.59662713244313,0.209247114852127,-1.46318014107916,1.20787085566927,-0.928000502911024,0.0104110467463223
319,5,1.2685381199796,1.43986308577878,-0.202130882092629,0.407875222952654,0.873599544616299,0.784358920436999
320,5,3.16774209104485,1.93860503506511,1.20634085659546,-1.36305053042162,-0.0938029995751421,0.356189846115945
321,5,2.9878951735425,-2.09329858926674,0.70585335550447,0.525640466701729,1.96543464161497,-0.566289357182761
322,5,-3.94896729078155,-4.82568870182698,-0.794568248266668,1.37456095736102,-2.09041179191314,-3.59934381509825
323,5,1.79280236460437,0.592858029699269,-0.143967202966705,1.36332474240849,0.625319882613783,0.930126597070989
324,5,0.89516222036822,-0.515624413484658,-1.2309632346985,0.553653042395197,0.811573465895562,0.705132502823761
325,5,-1.02064642504654,-2.58440939481601,-1.14900281707431,1.82770847984924,1.45229094898794,-1.39758018115166
326,5,1.89958658323664,2.19870212754673,0.949668302239852,-0.325168311371539,-1.36516698860959,-0.92055476428084
327,5,2.50310775246017,2.68789052820423,0.458355845651614,2.33444726929749,-0.340245963709904,1.09057171732788
328,5,2.18444166318547,0.983048638672106,-0.331321787169793,0.964271638223442,0.503019198314661,-0.400696084419953
329,5,5.18661319792856,4.45782301213641,1.271093976442,-0.0746358818754389,0.421410205052522,0.30151950001167
330,5,0.446423748264827,-0.692781646769104,-1.43738447484279,-0.0488952750819658,1.73051137406141,-0.535834713114806
331,5,0.667943066507148,-0.37163697650826,0.194912223675356,-0.201850204107528,-2.13701077013364,-0.814246458375573
332,5,-0.711242933088318,-0.0433207877557899,0.452198078334986,0.216996803825653,-2.29293209868678,0.159528463123053
333,5,1.32236190950834,0.572161566095827,-0.069145066778488,-0.506628487208926,-0.0844011302272129,0.523509789096602
334,5,0.376284339249417,-0.70204286841017,-0.174355277899079,-0.28944265151408,-0.397581705842719,0.942106753338476
335,5,1.20159114347451,-1.12042435176779,-0.84015192509564,-0.394478296879593,1.72808496144356,0.352467552669879
336,5,1.14176340322258,-0.101127720483161,0.112925901289328,1.4798255337958,-0.58579227597823,0.713178799666162
337,5,1.33422563617724,3.26105316282281,0.0696946252580751,-0.0353198069114212,-0.606810993859763,0.773967456630184
338,5,2.81421188449941,2.35991965812801,1.58281896467222,0.561859234578317,0.28540411341089,0.939131736271393
339,5,3.9812242538345,2.04230328917467,0.335878699617731,-0.208967455245687,1.85167840478737,1.51287109970737
340,5,4.16190262561398,4.60518080701748,1.90161629862418,-0.192831957704821,0.0968566257774899,0.957363252354304
341,5,-0.0574167451629608,-2.62280998001957,-0.221588784885354,-0.844464243398921,1.30966811062848,1.68709214112061
342,5,-1.993821524976,-2.98973419147173,-1.1500131591887,-0.840806212926807,-0.134218357453089,1.61689213540296
343,5,0.391877983342454,-1.5175375044086,-0.967890077737368,0.567820474203429,-0.127095018019807,-0.0685088225730001
344,5,2.66538117203603,0.728516068288206,0.153689930906201,-0.0101011606284592,-0.736238265545318,-2.15631926402649
345,5,-2.47266287009251,-3.97439137765588,-2.19618815725614,0.237652857831065,2.00787092774907,-1.3200970870512
346,5,2.03995540785282,0.233610995325344,1.84571927023765,0.565769356576664,-0.140163365753588,-0.0417828771479476
347,5,1.67138162601794,-0.145511361245055,0.262508963797727,-1.08449693549557,0.291626682121001,0.775098847196096
348,5,1.31141820429234,0.15330137760096,1.08395588697306,0.75016816394089,-1.63006524489471,-1.03791334601531
349,5,-2.59807083963801,-1.64924114003624,-1.58155248754371,1.96117610501502,-0.718240525068197,-0.719378334013863
350,5,2.38063129095955,1.9962470019244,1.13953791148979,0.382908832536205,-0.269769261054272,-1.37092193644688
351,5,1.99328911985751,0.609182798490963,0.899464933190151,-1.9835070768982,1.09651674603819,-0.632399362680886
352,5,2.26591496507974,1.79994824159025,-0.583952184183603,-1.07219305562807,-0.514170510385584,-1.10392504917019
353,5,1.39342335889722,0.391955500622008,0.377029851791691,-1.39485037992401,0.0371468972903215,-1.12642436089926
354,5,-2.46767402173797,-2.06042495949782,-0.478867217017569,-0.452037458879635,-1.47803746741709,-1.18120572160641
355,5,-1.08820497524261,-1.5470320895573,0.355655145879621,-0.117024517270738,-1.21706154023063,-0.667041648714793
356,5,-3.12789512348778,-4.08929360802155,-1.15731136971863,-0.397523945531539,-0.0345507504690393,-3.05452429810863
357,5,-4.50420588215238,-1.42450615171559,-2.52783363213951,0.402354500707503,-1.34617934164487,-0.402693279592877
358,5,1.25747106445054,3.67243936322265,-0.304269866424292,-0.559524950191599,-0.995378528570033,1.54622441544438
359,5,3.63974147378097,3.39762938028644,1.09950166773401,-0.983491061011801,-1.55048231893442,-0.941556339180173
360,5,1.1247184257065,-0.35202491214652,-1.87098579253346,-1.47709433872708,0.565980165982362,-1.0061417774113
361,5,0.638523191018367,-0.618734540795711,-0.153352726184657,-0.859046914987058,-0.308979250262101,0.539743919479624
362,5,1.33569569696735,-2.36221106219796,0.383575173124705,0.23675411019957,0.215122803966474,-1.29055232159463
363,5,-1.53340354886894,-1.77704113388443,0.193873211044479,-0.531672390139471,-2.91900348384073,-1.30002114621373
364,5,-1.58606808872668,-2.57631491653179,-1.17309969793634,-1.96225120363071,-1.12035789112769,0.892459150360859
365,5,-1.80842007185203,-1.97513690544226,-1.14859569082613,-0.776502337930269,0.183496769999472,1.61318905590479
366,5,0.652596585101167,-2.56065481938418,-0.522583514013627,-1.03511105286697,1.02240120537503,-0.449259687734709
367,5,2.49750202354345,-0.537203347100718,1.06436146343627,0.12171457492358,0.832038248075091,-0.0668575631558008
368,5,3.00569296083768,1.05981723640504,0.310091704984852,0.623621800271664,1.49881488094301,0.499414766217959
369,5,-1.50606440661123,0.259486449840189,-0.789416602439714,0.421521531341818,-2.90465958023647,1.65906312264029
370,5,-0.000107478946765644,-0.215033776869823,0.139758976975186,0.547966214774815,0.735155096745348,0.296317595405429
371,5,2.3648591024624,3.77391991623885,0.368886400857008,1.09283806611638,-0.542119201658517,-0.630931089566917
372,5,-0.0947413159070419,1.20885867210044,-0.367660662261402,0.332251694685837,0.438852368677427,-1.36743822193505
373,5,0.655173708938241,1.66919627047897,-0.123006056643167,-1.20865759438159,-1.5196371148955,1.04721985751459
374,5,1.13235859665988,1.76202721400828,0.0179922598658547,0.102716636480778,-0.730066589016247,-0.605288847934064
375,5,2.69545262952687,1.54913231606004,0.146434389588066,0.216561742121986,1.25633140697959,0.10951399347592
376,5,0.397599531628789,1.72672930341399,-0.346930706803347,1.3076746870129,1.34889144992054,1.67935116140003
377,5,2.38078972207526,1.35632792798444,1.21336171216137,-0.281995616117936,0.257166597576951,-0.0688050957271742
378,5,-0.95773343760099,1.44813438533724,-0.35284371348115,0.314541692910893,-1.23677041112712,-0.136301100210082
379,5,2.26508936824148,0.886874675799811,1.02318901646448,0.792571764594267,0.74009028352946,-0.801274722645622
380,5,1.47057982979872,-0.743152002733664,0.831392902697751,1.10104129343595,1.23284436707932,-1.54075630578925
381,5,3.42899262528721,0.145465709840225,0.422390637760451,-0.770189118878323,0.139061792480635,-0.973562954150191
382,5,0.565598899506226,-1.12492655840399,-0.0633869696462755,1.7755275058169,-0.141139375347379,-0.70242530402742
383,5,-1.60003090825317,-3.93940505428227,-0.891458592450397,0.507777397280941,-0.39556120703171,-0.452254704601589
384,5,0.0861335959543668,-2.10372650379163,-0.584991451683625,-0.551813816890222,-0.620160308684638,-1.21665479797139
385,5,0.363407116703823,-2.4602714417261,1.11459123656885,1.80986076895168,-0.335341438487218,0.225259900485716
386,5,2.09308039015534,-0.812246118903931,1.04752403434884,-0.936848802235755,-0.562615663257789,-1.01228377557652
387,5,-1.61025704131301,-4.16044051757126,-0.845747469835556,0.563909639841061,-0.287225066697182,-0.900469206739416
388,5,4.78740510711342,2.37785997572254,1.79293618824814,0.315638116558336,-0.218718292914547,-0.172437240775954
389,5,-0.869529875968833,0.0109109086826512,-0.887423216354928,-0.123146688120766,-1.56096657754145,0.0372732747225842
390,5,-0.887890344707186,-0.341020601689775,-1.72243270434091,0.43999434332731,1.33088809232007,2.31037777252642
391,5,0.0930800974440437,0.163779232356166,-1.72634809098903,-0.310941657365287,0.830337501238968,0.103233966314443
392,5,3.36576559291745,3.0813882956859,-1.05409573142048,-1.76928447245257,1.84437753546556,0.962493983616956
393,5,1.78011537953456,2.79700856497413,0.221644441034312,0.106370476893506,0.188137672120474,-0.249209770890543
394,5,2.73684396892951,2.66629754852791,0.40652228858561,0.647603039499354,1.27779679686436,0.140594631888061
395,5,1.90808577247023,2.28047603359312,0.356397922853285,-0.833269830752337,0.139924890709788,-1.56395907737366
396,5,0.899528590472479,4.00281647791091,-0.51234598509891,-2.17007671510809,-2.35836476828904,1.85670293130584
397,5,1.85356672366648,2.53124941558679,0.161462651611586,0.97737269318293,0.570965427108188,1.11038746143609
398,5,1.19919387116392,1.56248286098228,1.1876415290386,0.651024220682232,-0.541064064635609,0.374765950195444
399,5,1.27607218784895,0.931430629815738,0.396603309319401,-0.836536088658442,-0.0254260588040869,0.78127972969841
400,5,-1.32198007934546,-1.72518286206549,-0.717770670982694,0.657324560115949,-1.07526923671773,-0.19925732641246
