"dgp","paramset","n","rep","seed","sec_gen","sec_A","sec_B"
"1111","weak",100,1,31360712,0.11,0.860000000000014,88.49
"1111","weak",100,2,31360713,0.0799999999999983,0.159999999999997,84.47
"1111","weak",100,3,31360714,0.0699999999999932,0.160000000000025,86.43
"1111","weak",100,4,31360715,0.0799999999999841,0.160000000000025,101.61
"1111","weak",100,5,31360716,0.0699999999999932,0.140000000000043,94.79
"1111","weak",100,6,31360717,0.0799999999999841,0.139999999999986,86.2
"1111","weak",100,7,31360718,0.0799999999999272,0.159999999999968,79.39
"1111","weak",100,8,31360719,0.0800000000000409,0.149999999999977,77.5799999999999
"1111","weak",100,9,31360720,0.0600000000000591,0.159999999999968,87.02
"1111","weak",100,10,31360721,0.0800000000000409,0.139999999999986,76.36
"1111","weak",100,11,31360722,0.0800000000000409,0.139999999999986,85.04
"1111","weak",100,12,31360723,0.0600000000000591,0.160000000000082,84.2900000000001
"1111","weak",100,13,31360724,0.0599999999999454,0.150000000000091,84.51
"1111","weak",100,14,31360725,0.0499999999999545,0.170000000000073,93.5599999999999
"1111","weak",100,15,31360726,0.0399999999999636,0.130000000000109,97.77
"1111","weak",100,16,31360727,0.0700000000001637,0.110000000000127,94.6999999999998
"1111","weak",100,17,31360728,0.0599999999999454,0.1099999999999,89.27
"1111","weak",100,18,31360729,0.0800000000001546,0.139999999999873,87.6400000000001
"1111","weak",100,19,31360730,0.0700000000001637,0.1400000000001,91.3999999999999
"1111","weak",100,20,31360731,0.0299999999999727,0.1400000000001,88.79
"1111","weak",100,21,31360732,0.0599999999999454,0.1400000000001,84.8899999999999
"1111","weak",100,22,31360733,0.0399999999999636,0.150000000000091,85.6399999999999
"1111","weak",100,23,31360734,0.0899999999999181,0.159999999999854,80.9400000000001
"1111","weak",100,24,31360735,0.0800000000001546,0.160000000000309,84.7599999999998
"1111","weak",100,25,31360736,0.0599999999999454,0.140000000000327,89.0299999999997
"1111","weak",100,26,31360737,0.0799999999999272,0.150000000000091,80.2600000000002
"1111","weak",100,27,31360738,0.0700000000001637,0.159999999999854,90.9699999999998
"1111","weak",100,28,31360739,0.0599999999999454,0.159999999999854,94.0599999999999
"1111","weak",100,29,31360740,0.0500000000001819,0.0900000000001455,90
"1111","weak",100,30,31360741,0.0700000000001637,0.140000000000327,81.8899999999999
"1111","weak",100,31,31360742,0.0599999999999454,0.119999999999891,85.5499999999997
"1111","weak",100,32,31360743,0.080000000000382,0.140000000000327,84.1099999999997
"1111","weak",100,33,31360744,0.0900000000001455,0.139999999999873,83.8600000000001
"1111","weak",100,34,31360745,0.0599999999999454,0.170000000000073,91.0500000000002
"1111","weak",100,35,31360746,0.0399999999999636,0.139999999999873,87.98
"1111","weak",100,36,31360747,0.0700000000001637,0.119999999999891,87.5900000000001
"1111","weak",100,37,31360748,0.0599999999999454,0.170000000000073,92.98
"1111","weak",100,38,31360749,0.0799999999999272,0.170000000000073,89.77
"1111","weak",100,39,31360750,0.0799999999999272,0.159999999999854,78.6999999999998
"1111","weak",100,40,31360751,0.0399999999999636,0.140000000000327,79.3499999999999
"1111","weak",100,41,31360752,0.0599999999999454,0.170000000000073,87.6399999999999
"1111","weak",100,42,31360753,0.0599999999999454,0.0999999999999091,96.6399999999999
"1111","weak",100,43,31360754,0.0999999999999091,0.170000000000073,91.1999999999998
"1111","weak",100,44,31360755,0.0799999999999272,0.180000000000291,81.77
"1111","weak",100,45,31360756,0.0700000000001637,0.139999999999873,87.4700000000003
"1111","weak",100,46,31360757,0.0799999999999272,0.150000000000091,92.2000000000003
"1111","weak",100,47,31360758,0.0600000000004002,0.159999999999854,95.6400000000003
"1111","weak",100,48,31360759,0.0799999999999272,0.130000000000109,82.6599999999999
"1111","weak",100,49,31360760,0.0500000000001819,0.1299999999992,81.1500000000005
"1111","weak",100,50,31360761,0.0499999999992724,0.170000000000073,86
"1111","weak",100,51,31360762,0.0799999999999272,0.150000000000546,90.1900000000005
"1111","weak",100,52,31360763,0.0600000000004002,0.159999999999854,92.0799999999999
"1111","weak",100,53,31360764,0.0600000000004002,0.159999999999854,79.7300000000005
"1111","weak",100,54,31360765,0.0500000000001819,0.139999999999418,85.8000000000002
"1111","weak",100,55,31360766,0.0799999999999272,0.139999999999418,89.04
"1111","weak",100,56,31360767,0.100000000000364,0.119999999999891,86.9100000000008
"1111","weak",100,57,31360768,0.0799999999999272,0.140000000000327,82.4699999999993
"1111","weak",100,58,31360769,0.0599999999994907,0.139999999999418,101.42
"1111","weak",100,59,31360770,0.0600000000004002,0.159999999999854,100.58
"1111","weak",100,60,31360771,0.069999999999709,0.159999999999854,87.2799999999997
"1111","weak",100,61,31360772,0.069999999999709,0.149999999999636,84.9100000000008
"1111","weak",100,62,31360773,0.0600000000004002,0.140000000000327,79.21
"1111","weak",100,63,31360774,0.0799999999999272,0.139999999999418,85.9799999999996
"1111","weak",100,64,31360775,0.0900000000001455,0.140000000000327,93.8000000000002
"1111","weak",100,65,31360776,0.0399999999999636,0.139999999999418,93.1099999999997
"1111","weak",100,66,31360777,0.0599999999994907,0.149999999999636,85.3500000000004
"1111","weak",100,67,31360778,0.0599999999994907,0.100000000000364,99.2300000000005
"1111","weak",100,68,31360779,0.0799999999999272,0.159999999999854,81.4499999999998
"1111","weak",100,69,31360780,0.0600000000004002,0.160000000000764,85.6599999999999
"1111","weak",100,70,31360781,0.0500000000001819,0.140000000000327,89.2600000000002
"1111","weak",100,71,31360782,0.0799999999999272,0.139999999999418,79.5600000000004
"1111","weak",100,72,31360783,0.0599999999994907,0.139999999999418,87.1999999999998
"1111","weak",100,73,31360784,0.0799999999999272,0.139999999999418,93.4000000000005
"1111","weak",100,74,31360785,0.0799999999999272,0.139999999999418,89.1900000000005
"1111","weak",100,75,31360786,0.0600000000004002,0.160000000000764,84.6099999999997
"1111","weak",100,76,31360787,0.0700000000006185,0.109999999999673,80.9499999999998
"1111","weak",100,77,31360788,0.0600000000004002,0.170000000000073,86.3599999999997
"1111","weak",100,78,31360789,0.0799999999999272,0.170000000000073,92.2700000000004
"1111","weak",100,79,31360790,0.0599999999994907,0.170000000000073,82.5600000000004
"1111","weak",100,80,31360791,0.0600000000004002,0.180000000000291,84.0599999999995
"1111","weak",100,81,31360792,0.0599999999994907,0.159999999999854,93.3800000000001
"1111","weak",100,82,31360793,0.0799999999999272,0.130000000000109,101.42
"1111","weak",100,83,31360794,0.0700000000006185,0.130000000000109,83.8400000000001
"1111","weak",100,84,31360795,0.0799999999999272,0.159999999999854,85.7600000000002
"1111","weak",100,85,31360796,0.0799999999999272,0.159999999999854,88.29
"1111","weak",100,86,31360797,0.0399999999999636,0.170000000000073,83.6300000000001
"1111","weak",100,87,31360798,0.0900000000001455,0.119999999999891,83.3599999999997
"1111","weak",100,88,31360799,0.069999999999709,0.1899999999996,89.25
"1111","weak",100,89,31360800,0.0799999999999272,0.159999999999854,92.3300000000008
"1111","weak",100,90,31360801,0.0799999999999272,0.149999999999636,96.8400000000001
"1111","weak",100,91,31360802,0.0900000000001455,0.140000000000327,88.5
"1111","weak",100,92,31360803,0.069999999999709,0.149999999999636,83.4899999999998
"1111","weak",100,93,31360804,0.0399999999999636,0.140000000001237,91.3000000000011
"1111","weak",100,94,31360805,0.0499999999992724,0.139999999999418,85.8600000000006
"1111","weak",100,95,31360806,0.100000000000364,0.130000000001019,100.629999999999
"1111","weak",100,96,31360807,0.0599999999994907,0.140000000001237,91.7800000000007
"1111","weak",100,97,31360808,0.0600000000013097,0.159999999999854,83.6099999999988
"1111","weak",100,98,31360809,0.0599999999994907,0.1299999999992,87.1100000000006
"1111","weak",100,99,31360810,0.0799999999999272,0.170000000000073,78.1100000000006
"1111","weak",100,100,31360811,0.0799999999999272,0.149999999999636,85.0400000000009
"1111","weak",100,101,31360812,0.0799999999999272,0.139999999999418,82.7399999999998
"1111","weak",100,102,31360813,0.069999999999709,0.170000000000073,88.5199999999986
"1111","weak",100,103,31360814,0.069999999999709,0.139999999999418,91.1100000000006
"1111","weak",100,104,31360815,0.069999999999709,0.139999999999418,84.6899999999987
"1111","weak",100,105,31360816,0.069999999999709,0.159999999999854,94.9700000000012
"1111","weak",100,106,31360817,0.0799999999999272,0.159999999999854,91.5
"1111","weak",100,107,31360818,0.0600000000013097,0.139999999999418,94.2899999999991
"1111","weak",100,108,31360819,0.0900000000001455,0.110000000000582,87.8599999999988
"1111","weak",100,109,31360820,0.069999999999709,0.139999999999418,86.9099999999999
"1111","weak",100,110,31360821,0.0599999999994907,0.229999999999563,82.2399999999998
"1111","weak",100,111,31360822,0.0600000000013097,0.139999999999418,90.75
"1111","weak",100,112,31360823,0.0799999999999272,0.1200000000008,86.3899999999994
"1111","weak",100,113,31360824,0.0600000000013097,0.149999999999636,94.9799999999996
"1111","weak",100,114,31360825,0.0399999999990541,0.159999999999854,96.880000000001
"1111","weak",100,115,31360826,0.0599999999994907,0.139999999999418,102.110000000001
"1111","weak",100,116,31360827,0.0799999999999272,0.139999999999418,83.1599999999999
"1111","weak",100,117,31360828,0.069999999999709,0.159999999999854,88.5100000000002
"1111","weak",100,118,31360829,0.0499999999992724,0.140000000001237,91.9699999999993
"1111","weak",100,119,31360830,0.069999999999709,0.1200000000008,77.7900000000009
"1111","weak",100,120,31360831,0.0900000000001455,0.159999999999854,86.7399999999998
"1111","weak",100,121,31360832,0.0400000000008731,0.159999999999854,90.1100000000006
"1111","weak",100,122,31360833,0.0599999999994907,0.139999999999418,83.1700000000001
"1111","weak",100,123,31360834,0.0799999999999272,0.159999999999854,88.2600000000002
"1111","weak",100,124,31360835,0.069999999999709,0.170000000000073,84.1399999999994
"1111","weak",100,125,31360836,0.0499999999992724,0.170000000000073,87.3400000000001
"1111","weak",100,126,31360837,0.0600000000013097,0.139999999999418,86.4600000000009
"1111","weak",100,127,31360838,0.0600000000013097,0.140000000001237,95.8799999999992
"1111","weak",100,128,31360839,0.100000000000364,0.100000000000364,100.52
"1111","weak",100,129,31360840,0.0900000000001455,0.140000000001237,82.1399999999994
"1111","weak",100,130,31360841,0.0599999999994907,0.139999999999418,95.3400000000001
"1111","weak",100,131,31360842,0.0399999999990541,0.180000000000291,81.6400000000012
"1111","weak",100,132,31360843,0.0599999999994907,0.139999999999418,89.0900000000001
"1111","weak",100,133,31360844,0.069999999999709,0.140000000001237,80.0799999999999
"1111","weak",100,134,31360845,0.069999999999709,0.159999999999854,100.42
"1111","weak",100,135,31360846,0.0799999999999272,0.159999999999854,98.2799999999988
"1111","weak",100,136,31360847,0.0400000000008731,0.110000000000582,87.8999999999996
"1111","weak",100,137,31360848,0.0599999999994907,0.159999999999854,86.2300000000014
"1111","weak",100,138,31360849,0.0599999999994907,0.1200000000008,89.1600000000017
"1111","weak",100,139,31360850,0.0900000000001455,0.159999999999854,86.3299999999999
"1111","weak",100,140,31360851,0.0599999999994907,0.149999999999636,84.8299999999999
"1111","weak",100,141,31360852,0.0400000000008731,0.170000000000073,92.1100000000006
"1111","weak",100,142,31360853,0.069999999999709,0.159999999999854,89.4300000000003
"1111","weak",100,143,31360854,0.0799999999999272,0.170000000000073,81.1999999999989
"1111","weak",100,144,31360855,0.0599999999994907,0.149999999999636,89
"1111","weak",100,145,31360856,0.069999999999709,0.180000000000291,89.130000000001
"1111","weak",100,146,31360857,0.0799999999999272,0.139999999999418,83.2800000000007
"1111","weak",100,147,31360858,0.0599999999994907,0.159999999999854,100.84
"1111","weak",100,148,31360859,0.0799999999999272,0.139999999999418,94.1100000000006
"1111","weak",100,149,31360860,0.069999999999709,0.139999999999418,87.4200000000001
"1111","weak",100,150,31360861,0.0900000000001455,0.1299999999992,87.7999999999993
"1111","weak",100,151,31360862,0.069999999999709,0.159999999999854,80.9699999999993
"1111","weak",100,152,31360863,0.069999999999709,0.109999999998763,89.9700000000012
"1111","weak",100,153,31360864,0.0599999999994907,0.159999999999854,83.1599999999999
"1111","weak",100,154,31360865,0.0599999999994907,0.160000000001673,86.6899999999987
"1111","weak",100,155,31360866,0.0600000000013097,0.159999999999854,91.1999999999989
"1111","weak",100,156,31360867,0.0499999999992724,0.160000000001673,101.639999999999
"1111","weak",100,157,31360868,0.0599999999994907,0.170000000000073,88.8099999999995
"1111","weak",100,158,31360869,0.0499999999992724,0.149999999999636,91.1700000000001
"1111","weak",100,159,31360870,0.0499999999992724,0.170000000000073,82.0599999999995
"1111","weak",100,160,31360871,0.069999999999709,0.170000000000073,77.9600000000009
"1111","weak",100,161,31360872,0.0599999999994907,0.139999999999418,78.8400000000001
"1111","weak",100,162,31360873,0.070000000001528,0.119999999998981,87.8099999999995
"1111","weak",100,163,31360874,0.0799999999999272,0.1299999999992,82.3000000000011
"1111","weak",100,164,31360875,0.0799999999999272,0.1200000000008,90.4300000000003
"1111","weak",100,165,31360876,0.0599999999994907,0.159999999999854,90.8400000000001
"1111","weak",100,166,31360877,0.0599999999994907,0.139999999999418,90.1299999999992
"1111","weak",100,167,31360878,0.0599999999994907,0.159999999999854,94.0599999999995
"1111","weak",100,168,31360879,0.0799999999999272,0.159999999999854,86.8100000000013
"1111","weak",100,169,31360880,0.0599999999994907,0.149999999999636,83.9099999999999
"1111","weak",100,170,31360881,0.0799999999999272,0.159999999999854,78.7600000000002
"1111","weak",100,171,31360882,0.0799999999999272,0.149999999999636,82.8199999999997
"1111","weak",100,172,31360883,0.0499999999992724,0.149999999999636,93.3099999999995
"1111","weak",100,173,31360884,0.0599999999994907,0.170000000000073,83.6800000000003
"1111","weak",100,174,31360885,0.0599999999994907,0.159999999999854,90.3099999999995
"1111","weak",100,175,31360886,0.070000000001528,0.160000000001673,95.3999999999996
"1111","weak",100,176,31360887,0.0599999999994907,0.139999999999418,90.8200000000015
"1111","weak",100,177,31360888,0.070000000001528,0.159999999999854,78.0100000000002
"1111","weak",100,178,31360889,0.0600000000013097,0.170000000000073,86.3299999999999
"1111","weak",100,179,31360890,0.069999999999709,0.139999999999418,94.380000000001
"1111","weak",100,180,31360891,0.0599999999994907,0.1200000000008,86.1399999999994
"1111","weak",100,181,31360892,0.0400000000008731,0.139999999999418,82.1399999999994
"1111","weak",100,182,31360893,0.100000000000364,0.149999999999636,86.7799999999988
"1111","weak",100,183,31360894,0.070000000001528,0.130000000001019,89.1399999999994
"1111","weak",100,184,31360895,0.0799999999999272,0.1299999999992,94.3900000000012
"1111","weak",100,185,31360896,0.0799999999999272,0.159999999999854,88.5
"1111","weak",100,186,31360897,0.0600000000013097,0.139999999999418,91.0599999999977
"1111","weak",100,187,31360898,0.0800000000017462,0.159999999999854,99.3500000000022
"1111","weak",100,188,31360899,0.0600000000013097,0.119999999998981,81.7000000000007
"1111","weak",100,189,31360900,0.0400000000008731,0.169999999998254,91.5200000000004
"1111","weak",100,190,31360901,0.069999999999709,0.169999999998254,86.0200000000004
"1111","weak",100,191,31360902,0.0600000000013097,0.149999999997817,90.1399999999994
"1111","weak",100,192,31360903,0.0400000000008731,0.149999999997817,87.5
"1111","weak",100,193,31360904,0.0599999999976717,0.139999999999418,82.260000000002
"1111","weak",100,194,31360905,0.0600000000013097,0.150000000001455,96.6100000000006
"1111","weak",100,195,31360906,0.0499999999992724,0.159999999999854,88.2599999999984
"1111","weak",100,196,31360907,0.0799999999981083,0.180000000000291,83.869999999999
"1111","weak",100,197,31360908,0.0600000000013097,0.139999999999418,82.7200000000012
"1111","weak",100,198,31360909,0.0600000000013097,0.139999999999418,87.1099999999969
"1111","weak",100,199,31360910,0.0599999999976717,0.170000000001892,88.9599999999991
"1111","weak",100,200,31360911,0.0799999999981083,0.130000000001019,84.2200000000012
"1111","weak",100,201,31360912,0.0900000000001455,0.159999999999854,101.450000000001
"1111","weak",100,202,31360913,0.0600000000013097,0.150000000001455,98.1399999999994
"1111","weak",100,203,31360914,0.0800000000017462,0.159999999999854,87.8099999999977
"1111","weak",100,204,31360915,0.069999999999709,0.110000000000582,92.8899999999994
"1111","weak",100,205,31360916,0.0800000000017462,0.110000000000582,81.5699999999997
"1111","weak",100,206,31360917,0.0799999999981083,0.159999999999854,82.7299999999996
"1111","weak",100,207,31360918,0.069999999999709,0.139999999999418,80.0800000000017
"1111","weak",100,208,31360919,0.069999999999709,0.159999999999854,87.1900000000023
"1111","weak",100,209,31360920,0.0499999999992724,0.159999999999854,90.3400000000001
"1111","weak",100,210,31360921,0.0299999999988358,0.139999999999418,84.6500000000015
"1111","weak",100,211,31360922,0.069999999999709,0.159999999999854,78.1100000000006
"1111","weak",100,212,31360923,0.0600000000013097,0.139999999999418,84.9900000000016
"1111","weak",100,213,31360924,0.0600000000013097,0.119999999998981,83.2900000000009
"1111","weak",100,214,31360925,0.0800000000017462,0.180000000000291,98.5600000000013
"1111","weak",100,215,31360926,0.0600000000013097,0.139999999999418,95.9700000000012
"1111","weak",100,216,31360927,0.0800000000017462,0.139999999999418,91.1800000000003
"1111","weak",100,217,31360928,0.0600000000013097,0.170000000001892,75.5200000000004
"1111","weak",100,218,31360929,0.0800000000017462,0.169999999998254,95.8799999999974
"1111","weak",100,219,31360930,0.0800000000017462,0.159999999999854,84.6700000000019
"1111","weak",100,220,31360931,0.0600000000013097,0.149999999997817,86.6100000000006
"1111","weak",100,221,31360932,0.0800000000017462,0.119999999998981,87.0799999999981
"1111","weak",100,222,31360933,0.069999999999709,0.159999999999854,85
"1111","weak",100,223,31360934,0.0599999999976717,0.110000000000582,78.4799999999996
"1111","weak",100,224,31360935,0.0600000000013097,0.139999999999418,85
"1111","weak",100,225,31360936,0.0800000000017462,0.139999999999418,78.0800000000017
"1111","weak",100,226,31360937,0.069999999999709,0.149999999997817,91.0799999999981
"1111","weak",100,227,31360938,0.0600000000013097,0.149999999997817,88.3299999999981
"1111","weak",100,228,31360939,0.0800000000017462,0.139999999999418,97.5499999999993
"1111","weak",100,229,31360940,0.0599999999976717,0.150000000001455,94.2199999999975
"1111","weak",100,230,31360941,0.0900000000001455,0.180000000000291,81.1399999999994
"1111","weak",100,231,31360942,0.0499999999992724,0.149999999997817,87.8100000000013
"1111","weak",100,232,31360943,0.0400000000008731,0.159999999999854,104.889999999999
"1111","weak",100,233,31360944,0.0600000000013097,0.139999999999418,85.3600000000006
"1111","weak",100,234,31360945,0.0800000000017462,0.170000000001892,98.8999999999978
"1111","weak",100,235,31360946,0.0599999999976717,0.159999999999854,84.8100000000013
"1111","weak",100,236,31360947,0.0600000000013097,0.159999999999854,96.4200000000019
"1111","weak",100,237,31360948,0.0600000000013097,0.159999999999854,87.9000000000015
"1111","weak",100,238,31360949,0.0600000000013097,0.140000000003056,91.1500000000015
"1111","weak",100,239,31360950,0.0800000000017462,0.159999999999854,91.0900000000001
"1111","weak",100,240,31360951,0.0499999999992724,0.120000000002619,77.7799999999988
"1111","weak",100,241,31360952,0.0600000000013097,0.139999999999418,81.4099999999999
"1111","weak",100,242,31360953,0.0600000000013097,0.190000000002328,81.5
"1111","weak",100,243,31360954,0.0399999999972351,0.180000000000291,79.5
"1111","weak",100,244,31360955,0.0500000000029104,0.170000000001892,86.6100000000006
"1111","weak",100,245,31360956,0.069999999999709,0.110000000000582,86.0800000000017
"1111","weak",100,246,31360957,0.0799999999981083,0.130000000001019,92.1899999999987
"1111","weak",100,247,31360958,0.0800000000017462,0.130000000001019,85.2799999999988
"1111","weak",100,248,31360959,0.0599999999976717,0.119999999998981,104.619999999999
"1111","weak",100,249,31360960,0.0599999999976717,0.139999999999418,81.6899999999987
"1111","weak",100,250,31360961,0.0499999999992724,0.159999999999854,84.130000000001
"1111","weak",100,251,31360962,0.0599999999976717,0.159999999999854,83.4400000000023
"1111","weak",100,252,31360963,0.0799999999981083,0.150000000001455,83.3299999999981
"1111","weak",100,253,31360964,0.0499999999992724,0.119999999998981,86.8600000000006
"1111","weak",100,254,31360965,0.0600000000013097,0.130000000001019,85.3299999999981
"1111","weak",100,255,31360966,0.0600000000013097,0.119999999998981,90.6399999999994
"1111","weak",100,256,31360967,0.0900000000001455,0.159999999999854,93.010000000002
"1111","weak",100,257,31360968,0.0799999999981083,0.139999999999418,102.639999999999
"1111","weak",100,258,31360969,0.069999999999709,0.170000000001892,84.4300000000003
"1111","weak",100,259,31360970,0.069999999999709,0.150000000001455,90.5
"1111","weak",100,260,31360971,0.0399999999972351,0.159999999999854,93.0499999999993
"1111","weak",100,261,31360972,0.069999999999709,0.159999999999854,92.4700000000012
"1111","weak",100,262,31360973,0.0800000000017462,0.139999999999418,83.1599999999999
"1111","weak",100,263,31360974,0.069999999999709,0.119999999998981,89.9699999999975
"1111","weak",100,264,31360975,0.0900000000001455,0.129999999997381,87.1299999999974
"1111","weak",100,265,31360976,0.0600000000013097,0.109999999996944,84.8199999999997
"1111","weak",100,266,31360977,0.0600000000013097,0.119999999998981,111.220000000001
"1111","weak",100,267,31360978,0.0599999999976717,0.150000000001455,91.7099999999991
"1111","weak",100,268,31360979,0.069999999999709,0.159999999999854,94.8199999999997
"1111","weak",100,269,31360980,0.0599999999976717,0.159999999999854,91.1399999999994
"1111","weak",100,270,31360981,0.0999999999985448,0.139999999999418,93.1699999999983
"1111","weak",100,271,31360982,0.069999999999709,0.180000000000291,96.630000000001
"1111","weak",100,272,31360983,0.0800000000017462,0.150000000001455,90.8100000000013
"1111","weak",100,273,31360984,0.069999999999709,0.139999999999418,86.7700000000004
"1111","weak",100,274,31360985,0.0600000000013097,0.170000000001892,80.9699999999975
"1111","weak",100,275,31360986,0.0799999999981083,0.139999999999418,84.630000000001
"1111","weak",100,276,31360987,0.069999999999709,0.139999999999418,84.7400000000016
"1111","weak",100,277,31360988,0.0599999999976717,0.170000000001892,83.3400000000001
"1111","weak",100,278,31360989,0.0599999999976717,0.159999999999854,91.6700000000019
"1111","weak",100,279,31360990,0.0300000000024738,0.159999999999854,98.9500000000007
"1111","weak",100,280,31360991,0.0599999999976717,0.159999999999854,92.8700000000026
"1111","weak",100,281,31360992,0.0400000000008731,0.169999999998254,80.3199999999997
"1111","weak",100,282,31360993,0.0600000000013097,0.150000000001455,90.1100000000006
"1111","weak",100,283,31360994,0.0800000000017462,0.180000000000291,93.1499999999978
"1111","weak",100,284,31360995,0.0800000000017462,0.150000000001455,86.6699999999983
"1111","weak",100,285,31360996,0.069999999999709,0.159999999999854,82.9200000000019
"1111","weak",100,286,31360997,0.0300000000024738,0.130000000001019,90.4499999999971
"1111","weak",100,287,31360998,0.0800000000017462,0.149999999997817,92.4700000000012
"1111","weak",100,288,31360999,0.0400000000008731,0.110000000000582,85.7999999999993
"1111","weak",100,289,31361000,0.0800000000017462,0.159999999999854,89.0499999999993
"1111","weak",100,290,31361001,0.0600000000013097,0.150000000001455,82.7099999999991
"1111","weak",100,291,31361002,0.0400000000008731,0.129999999997381,88.9399999999987
"1111","weak",100,292,31361003,0.0999999999985448,0.139999999999418,90.9000000000015
"1111","weak",100,293,31361004,0.0599999999976717,0.170000000001892,82.7800000000025
"1111","weak",100,294,31361005,0.069999999999709,0.149999999997817,88.2700000000004
"1111","weak",100,295,31361006,0.0600000000013097,0.150000000001455,90.8899999999994
"1111","weak",100,296,31361007,0.069999999999709,0.149999999997817,83.8899999999994
"1111","weak",100,297,31361008,0.100000000002183,0.119999999998981,89.8099999999977
"1111","weak",100,298,31361009,0.0600000000013097,0.169999999998254,99
"1111","weak",100,299,31361010,0.0499999999992724,0.169999999998254,107.16
"1111","weak",100,300,31361011,0.069999999999709,0.159999999999854,88.3400000000001
"0111","weak",100,1,41360712,0.069999999999709,0.130000000001019,90.5299999999988
"0111","weak",100,2,41360713,0.0600000000013097,0.0999999999985448,78.3900000000031
"0111","weak",100,3,41360714,0.0599999999976717,0.130000000001019,84.630000000001
"0111","weak",100,4,41360715,0.0600000000013097,0.110000000000582,77.8899999999994
"0111","weak",100,5,41360716,0.0800000000017462,0.139999999999418,90.1899999999987
"0111","weak",100,6,41360717,0.0600000000013097,0.119999999998981,90.6099999999969
"0111","weak",100,7,41360718,0.069999999999709,0.0799999999981083,81.7999999999993
"0111","weak",100,8,41360719,0.0799999999981083,0.0999999999985448,89.2799999999988
"0111","weak",100,9,41360720,0.0300000000024738,0.130000000001019,85.3600000000006
"0111","weak",100,10,41360721,0.069999999999709,0.139999999999418,94.8899999999994
"0111","weak",100,11,41360722,0.0600000000013097,0.0499999999992724,96.5400000000009
"0111","weak",100,12,41360723,0.0499999999992724,0.069999999999709,81.630000000001
"0111","weak",100,13,41360724,0.0800000000017462,0.0800000000017462,94.1399999999994
"0111","weak",100,14,41360725,0.0800000000017462,0.0900000000001455,91.4700000000012
"0111","weak",100,15,41360726,0.0800000000017462,0.120000000002619,91.7700000000004
"0111","weak",100,16,41360727,0.0499999999992724,0.110000000000582,89.9699999999975
"0111","weak",100,17,41360728,0.0299999999988358,0.100000000002183,81.8899999999994
"0111","weak",100,18,41360729,0.0799999999981083,0.0999999999985448,95.8899999999994
"0111","weak",100,19,41360730,0.0800000000017462,0.139999999999418,106.07
"0111","weak",100,20,41360731,0.0900000000001455,0.139999999999418,91.75
"0111","weak",100,21,41360732,0.0600000000013097,0.0900000000001455,92.6699999999983
"0111","weak",100,22,41360733,0.0600000000013097,0.110000000000582,85.0900000000001
"0111","weak",100,23,41360734,0.0900000000001455,0.0799999999981083,89.4799999999996
"0111","weak",100,24,41360735,0.0800000000017462,0.0599999999976717,98.9399999999987
"0111","weak",100,25,41360736,0.110000000000582,0.0800000000017462,84.3899999999994
"0111","weak",100,26,41360737,0.069999999999709,0.069999999999709,92.9000000000015
"0111","weak",100,27,41360738,0.0600000000013097,0.130000000001019,95.260000000002
"0111","weak",100,28,41360739,0.0600000000013097,0.110000000000582,77.4399999999987
"0111","weak",100,29,41360740,0.069999999999709,0.0900000000001455,84.4900000000016
"0111","weak",100,30,41360741,0.069999999999709,0.0999999999985448,102.279999999999
"0111","weak",100,31,41360742,0.069999999999709,0.139999999999418,98.3899999999994
"0111","weak",100,32,41360743,0.0799999999981083,0.110000000000582,85.3600000000006
"0111","weak",100,33,41360744,0.0599999999976717,0.0900000000001455,80.7799999999988
"0111","weak",100,34,41360745,0.0600000000013097,0.130000000001019,88.630000000001
"0111","weak",100,35,41360746,0.0800000000017462,0.0800000000017462,86.6100000000006
"0111","weak",100,36,41360747,0.0799999999981083,0.0900000000001455,89.4500000000007
"0111","weak",100,37,41360748,0.0799999999981083,0.0400000000008731,100.049999999999
"0111","weak",100,38,41360749,0.069999999999709,0.0900000000001455,82.5800000000017
"0111","weak",100,39,41360750,0.0600000000013097,0.0800000000017462,98.0299999999988
"0111","weak",100,40,41360751,0.0800000000017462,0.0999999999985448,86.6800000000003
"0111","weak",100,41,41360752,0.0599999999976717,0.110000000000582,84.9099999999999
"0111","weak",100,42,41360753,0.110000000000582,0.0900000000001455,94.1399999999994
"0111","weak",100,43,41360754,0.0400000000008731,0.119999999998981,89.2200000000012
"0111","weak",100,44,41360755,0.0999999999985448,0.0999999999985448,94.1700000000019
"0111","weak",100,45,41360756,0.0600000000013097,0.0799999999981083,85.4500000000007
"0111","weak",100,46,41360757,0.069999999999709,0.110000000000582,91.2299999999996
"0111","weak",100,47,41360758,0.0600000000013097,0.0799999999981083,87.1599999999999
"0111","weak",100,48,41360759,0.0599999999976717,0.0400000000008731,87.75
"0111","weak",100,49,41360760,0.0400000000008731,0.109999999996944,90.4000000000015
"0111","weak",100,50,41360761,0.0499999999992724,0.0600000000013097,95.7700000000004
"0111","weak",100,51,41360762,0.0499999999992724,0.0999999999985448,81.6400000000031
"0111","weak",100,52,41360763,0.0900000000001455,0.119999999998981,82.8400000000001
"0111","weak",100,53,41360764,0.0499999999992724,0.0900000000001455,93.6800000000003
"0111","weak",100,54,41360765,0.069999999999709,0.0800000000017462,85.6899999999987
"0111","weak",100,55,41360766,0.0800000000017462,0.119999999998981,83.2900000000009
"0111","weak",100,56,41360767,0.0599999999976717,0.119999999998981,94.9199999999983
"0111","weak",100,57,41360768,0.0599999999976717,0.0900000000001455,89.2000000000007
"0111","weak",100,58,41360769,0.0499999999992724,0.0800000000017462,89.8600000000006
"0111","weak",100,59,41360770,0.0900000000001455,0.130000000001019,84.2000000000007
"0111","weak",100,60,41360771,0.069999999999709,0.100000000002183,91.3600000000006
"0111","weak",100,61,41360772,0.0800000000017462,0.110000000000582,75.8600000000006
"0111","weak",100,62,41360773,0.0800000000017462,0.110000000000582,87.75
"0111","weak",100,63,41360774,0.0499999999992724,0.110000000000582,93.9300000000003
"0111","weak",100,64,41360775,0.0600000000013097,0.109999999996944,81.7000000000007
"0111","weak",100,65,41360776,0.069999999999709,0.130000000001019,91.8400000000001
"0111","weak",100,66,41360777,0.0799999999981083,0.0900000000001455,92.0900000000001
"0111","weak",100,67,41360778,0.0499999999992724,0.129999999997381,87.4499999999971
"0111","weak",100,68,41360779,0.0500000000029104,0.0800000000017462,87.75
"0111","weak",100,69,41360780,0.0599999999976717,0.109999999993306,81.3600000000006
"0111","weak",100,70,41360781,0.069999999999709,0.110000000000582,83.6399999999994
"0111","weak",100,71,41360782,0.0600000000049477,0.0900000000037835,87.9199999999983
"0111","weak",100,72,41360783,0.0800000000017462,0.110000000000582,93.9500000000044
"0111","weak",100,73,41360784,0.0799999999944703,0.0799999999944703,86.5400000000009
"0111","weak",100,74,41360785,0.0799999999944703,0.120000000002619,87.1500000000015
"0111","weak",100,75,41360786,0.0599999999976717,0.129999999997381,87.4499999999971
"0111","weak",100,76,41360787,0.069999999999709,0.0800000000017462,94.1899999999951
"0111","weak",100,77,41360788,0.069999999999709,0.0999999999985448,93.1800000000003
"0111","weak",100,78,41360789,0.0499999999956344,0.110000000000582,93.0299999999988
"0111","weak",100,79,41360790,0.069999999999709,0.129999999997381,89.5299999999988
"0111","weak",100,80,41360791,0.0600000000049477,0.110000000000582,89.8899999999994
"0111","weak",100,81,41360792,0.069999999999709,0.0999999999985448,91.3899999999994
"0111","weak",100,82,41360793,0.0600000000049477,0.119999999995343,97.5999999999985
"0111","weak",100,83,41360794,0.0599999999976717,0.129999999997381,81.2999999999956
"0111","weak",100,84,41360795,0.069999999999709,0.110000000000582,81.6699999999983
"0111","weak",100,85,41360796,0.0799999999944703,0.0400000000008731,98.3600000000006
"0111","weak",100,86,41360797,0.0599999999976717,0.0999999999985448,91.6699999999983
"0111","weak",100,87,41360798,0.0499999999956344,0.0999999999985448,90.6800000000003
"0111","weak",100,88,41360799,0.0400000000008731,0.0900000000037835,83.8199999999997
"0111","weak",100,89,41360800,0.0500000000029104,0.110000000000582,89.3199999999997
"0111","weak",100,90,41360801,0.069999999999709,0.0900000000037835,93.1599999999962
"0111","weak",100,91,41360802,0.0299999999988358,0.0999999999985448,82.3300000000017
"0111","weak",100,92,41360803,0.0800000000017462,0.0799999999944703,90.0599999999977
"0111","weak",100,93,41360804,0.0499999999956344,0.0999999999985448,84.0299999999988
"0111","weak",100,94,41360805,0.0599999999976717,0.0900000000037835,88.9800000000032
"0111","weak",100,95,41360806,0.0599999999976717,0.069999999999709,83.1100000000006
"0111","weak",100,96,41360807,0.0400000000008731,0.0900000000037835,103.370000000003
"0111","weak",100,97,41360808,0.0800000000017462,0.0799999999944703,82.5299999999988
"0111","weak",100,98,41360809,0.069999999999709,0.0800000000017462,86.75
"0111","weak",100,99,41360810,0.0800000000017462,0.0999999999985448,85.8700000000026
"0111","weak",100,100,41360811,0.0600000000049477,0.0900000000037835,92.8499999999985
"0111","weak",100,101,41360812,0.0800000000017462,0.0899999999965075,86.0699999999997
"0111","weak",100,102,41360813,0.0500000000029104,0.0799999999944703,81.5800000000017
"0111","weak",100,103,41360814,0.0499999999956344,0.0800000000017462,91.3899999999994
"0111","weak",100,104,41360815,0.0999999999985448,0.0899999999965075,94.8899999999994
"0111","weak",100,105,41360816,0.0400000000008731,0.0999999999985448,92.7299999999959
"0111","weak",100,106,41360817,0.0400000000008731,0.110000000000582,82.739999999998
"0111","weak",100,107,41360818,0.0599999999976717,0.110000000000582,85.6100000000006
"0111","weak",100,108,41360819,0.0600000000049477,0.0599999999976717,96.2699999999968
"0111","weak",100,109,41360820,0.0800000000017462,0.0900000000037835,84.7200000000012
"0111","weak",100,110,41360821,0.0599999999976717,0.110000000000582,89.3000000000029
"0111","weak",100,111,41360822,0.0600000000049477,0.069999999999709,85.2199999999939
"0111","weak",100,112,41360823,0.0599999999976717,0.0800000000017462,89.9700000000012
"0111","weak",100,113,41360824,0.069999999999709,0.0900000000037835,79.7799999999988
"0111","weak",100,114,41360825,0.069999999999709,0.0599999999976717,87.6300000000047
"0111","weak",100,115,41360826,0.0499999999956344,0.0899999999965075,82.510000000002
"0111","weak",100,116,41360827,0.0800000000017462,0.0900000000037835,94.6299999999974
"0111","weak",100,117,41360828,0.0900000000037835,0.0800000000017462,77.5500000000029
"0111","weak",100,118,41360829,0.0599999999976717,0.0999999999985448,93.0900000000038
"0111","weak",100,119,41360830,0.0799999999944703,0.0599999999976717,81.75
"0111","weak",100,120,41360831,0.069999999999709,0.110000000000582,89.1999999999971
"0111","weak",100,121,41360832,0.0600000000049477,0.0899999999965075,87.8899999999994
"0111","weak",100,122,41360833,0.0599999999976717,0.110000000000582,82.8300000000017
"0111","weak",100,123,41360834,0.0600000000049477,0.110000000000582,78.3099999999977
"0111","weak",100,124,41360835,0.0599999999976717,0.110000000000582,78.510000000002
"0111","weak",100,125,41360836,0.0600000000049477,0.0899999999965075,82.989999999998
"0111","weak",100,126,41360837,0.0500000000029104,0.069999999999709,98.0499999999956
"0111","weak",100,127,41360838,0.0599999999976717,0.110000000000582,86.75
"0111","weak",100,128,41360839,0.0599999999976717,0.0999999999985448,79.7300000000032
"0111","weak",100,129,41360840,0.069999999999709,0.0999999999985448,84.5699999999997
"0111","weak",100,130,41360841,0.0599999999976717,0.109999999993306,79.739999999998
"0111","weak",100,131,41360842,0.069999999999709,0.0899999999965075,85.0299999999988
"0111","weak",100,132,41360843,0.0599999999976717,0.120000000002619,84.7200000000012
"0111","weak",100,133,41360844,0.0600000000049477,0.0900000000037835,101.050000000003
"0111","weak",100,134,41360845,0.0600000000049477,0.0899999999965075,80.3099999999977
"0111","weak",100,135,41360846,0.0600000000049477,0.0999999999985448,87.4700000000012
"0111","weak",100,136,41360847,0.0800000000017462,0.0900000000037835,95.3499999999985
"0111","weak",100,137,41360848,0.069999999999709,0.0999999999985448,83.0799999999945
"0111","weak",100,138,41360849,0.069999999999709,0.110000000000582,85.6699999999983
"0111","weak",100,139,41360850,0.069999999999709,0.0900000000037835,82.5999999999985
"0111","weak",100,140,41360851,0.069999999999709,0.0999999999985448,81.3600000000006
"0111","weak",100,141,41360852,0.069999999999709,0.069999999999709,92.3800000000047
"0111","weak",100,142,41360853,0.069999999999709,0.0999999999985448,80.7200000000012
"0111","weak",100,143,41360854,0.0799999999944703,0.0900000000037835,82.8400000000038
"0111","weak",100,144,41360855,0.0600000000049477,0.110000000000582,77.2200000000012
"0111","weak",100,145,41360856,0.0599999999976717,0.110000000000582,80.1100000000006
"0111","weak",100,146,41360857,0.0400000000008731,0.0900000000037835,92.1399999999994
"0111","weak",100,147,41360858,0.0999999999985448,0.0999999999985448,82.8600000000006
"0111","weak",100,148,41360859,0.069999999999709,0.0999999999985448,85.5599999999977
"0111","weak",100,149,41360860,0.0799999999999996,0.710000000000008,74.99
"0111","weak",100,150,41360861,0.0599999999999881,0.129999999999995,73.99
"0111","weak",100,151,41360862,0.0500000000000114,0.0900000000000034,95.39
"0111","weak",100,152,41360863,0.0199999999999818,0.0699999999999932,95.36
"0111","weak",100,153,41360864,0.0799999999999841,0.0799999999999841,75.7
"0111","weak",100,154,41360865,0.0600000000000023,0.0999999999999659,78.35
"0111","weak",100,155,41360866,0.0600000000000023,0.0900000000000318,76.39
"0111","weak",100,156,41360867,0.0799999999999272,0.100000000000023,78.9200000000001
"0111","weak",100,157,41360868,0.0600000000000591,0.0999999999999091,91.4399999999999
"0111","weak",100,158,41360869,0.0600000000000591,0.0999999999999091,83.53
"0111","weak",100,159,41360870,0.0800000000000409,0.110000000000014,91.67
"0111","weak",100,160,41360871,0.0499999999999545,0.0900000000000318,76.22
"0111","weak",100,161,41360872,0.0499999999999545,0.0900000000001455,95.4999999999999
"0111","weak",100,162,41360873,0.0599999999999454,0.110000000000127,92.46
"0111","weak",100,163,41360874,0.0599999999999454,0.0899999999999181,88.5599999999999
"0111","weak",100,164,41360875,0.0299999999999727,0.1099999999999,91.25
"0111","weak",100,165,41360876,0.0600000000001728,0.110000000000127,80.2199999999998
"0111","weak",100,166,41360877,0.0599999999999454,0.1099999999999,98.25
"0111","weak",100,167,41360878,0.0600000000001728,0.119999999999891,83.8300000000002
"0111","weak",100,168,41360879,0.0599999999999454,0.110000000000127,89.5599999999999
"0111","weak",100,169,41360880,0.0399999999999636,0.100000000000136,86.9300000000001
"0111","weak",100,170,41360881,0.0599999999999454,0.110000000000127,83.3199999999999
"0111","weak",100,171,41360882,0.0500000000001819,0.110000000000127,81.2
"0111","weak",100,172,41360883,0.0600000000001728,0.0700000000001637,86.4199999999998
"0111","weak",100,173,41360884,0.0500000000001819,0.0900000000001455,85.3700000000003
"0111","weak",100,174,41360885,0.0299999999997453,0.110000000000127,87.1999999999998
"0111","weak",100,175,41360886,0.0599999999999454,0.0899999999996908,81.3299999999999
"0111","weak",100,176,41360887,0.0799999999999272,0.110000000000127,84.6700000000001
"0111","weak",100,177,41360888,0.0599999999999454,0.110000000000127,88.3599999999997
"0111","weak",100,178,41360889,0.0700000000001637,0.0799999999999272,94.1099999999997
"0111","weak",100,179,41360890,0.0599999999999454,0.0999999999999091,94.9299999999998
"0111","weak",100,180,41360891,0.069999999999709,0.110000000000127,86.5599999999999
"0111","weak",100,181,41360892,0.0799999999999272,0.100000000000364,82.0299999999997
"0111","weak",100,182,41360893,0.0499999999997272,0.0899999999996908,78.52
"0111","weak",100,183,41360894,0.0700000000001637,0.0899999999996908,86.4499999999998
"0111","weak",100,184,41360895,0.080000000000382,0.110000000000127,93.4000000000001
"0111","weak",100,185,41360896,0.0500000000001819,0.110000000000127,85.0699999999997
"0111","weak",100,186,41360897,0.0700000000001637,0.0999999999999091,83.3000000000002
"0111","weak",100,187,41360898,0.0499999999997272,0.119999999999891,79.0799999999999
"0111","weak",100,188,41360899,0.0500000000001819,0.0900000000001455,83
"0111","weak",100,189,41360900,0.0599999999999454,0.110000000000127,84.27
"0111","weak",100,190,41360901,0.0500000000001819,0.0999999999999091,82.8299999999999
"0111","weak",100,191,41360902,0.0599999999999454,0.109999999999673,88.8199999999997
"0111","weak",100,192,41360903,0.0700000000001637,0.0900000000001455,80.6599999999999
"0111","weak",100,193,41360904,0.0599999999999454,0.0900000000001455,83.4400000000001
"0111","weak",100,194,41360905,0.0500000000001819,0.109999999999673,81.4000000000001
"0111","weak",100,195,41360906,0.0599999999999454,0.0599999999999454,96.6500000000001
"0111","weak",100,196,41360907,0.0700000000001637,0.0799999999999272,82.4499999999998
"0111","weak",100,197,41360908,0.0600000000004002,0.0999999999994543,95.1400000000003
"0111","weak",100,198,41360909,0.0799999999999272,0.0900000000001455,87.3599999999997
"0111","weak",100,199,41360910,0.0600000000004002,0.0900000000001455,78.8999999999996
"0111","weak",100,200,41360911,0.0799999999999272,0.100000000000364,82.2199999999993
"0111","weak",100,201,41360912,0.0700000000006185,0.0700000000006185,80.4399999999996
"0111","weak",100,202,41360913,0.0599999999994907,0.0900000000001455,88.8600000000006
"0111","weak",100,203,41360914,0.0599999999994907,0.100000000000364,93.5500000000002
"0111","weak",100,204,41360915,0.0599999999994907,0.110000000000582,85.1300000000001
"0111","weak",100,205,41360916,0.0399999999999636,0.0799999999999272,94.3100000000004
"0111","weak",100,206,41360917,0.0599999999994907,0.110000000000582,84.5
"0111","weak",100,207,41360918,0.0700000000006185,0.109999999999673,82.1400000000003
"0111","weak",100,208,41360919,0.0599999999994907,0.0799999999999272,79.6999999999998
"0111","weak",100,209,41360920,0.0600000000004002,0.069999999999709,99.4399999999996
"0111","weak",100,210,41360921,0.0799999999999272,0.069999999999709,79.7300000000005
"0111","weak",100,211,41360922,0.069999999999709,0.069999999999709,100.33
"0111","weak",100,212,41360923,0.0599999999994907,0.110000000000582,84.6199999999999
"0111","weak",100,213,41360924,0.0600000000004002,0.0799999999999272,98.4899999999998
"0111","weak",100,214,41360925,0.0399999999999636,0.110000000000582,82.1199999999999
"0111","weak",100,215,41360926,0.0299999999997453,0.100000000000364,100.33
"0111","weak",100,216,41360927,0.0800000000008367,0.0799999999999272,87.1399999999994
"0111","weak",100,217,41360928,0.0799999999999272,0.110000000000582,90.0900000000001
"0111","weak",100,218,41360929,0.0500000000001819,0.0900000000001455,85.1199999999999
"0111","weak",100,219,41360930,0.0700000000006185,0.0900000000001455,76.9700000000003
"0111","weak",100,220,41360931,0.0599999999994907,0.0799999999999272,96.3400000000001
"0111","weak",100,221,41360932,0.0799999999999272,0.0799999999999272,78.25
"0111","weak",100,222,41360933,0.0599999999994907,0.089999999999236,82.9900000000007
"0111","weak",100,223,41360934,0.0399999999999636,0.109999999999673,81.0299999999997
"0111","weak",100,224,41360935,0.0600000000004002,0.069999999999709,93.5199999999995
"0111","weak",100,225,41360936,0.069999999999709,0.109999999999673,83.46
"0111","weak",100,226,41360937,0.0799999999999272,0.109999999999673,83.8299999999999
"0111","weak",100,227,41360938,0.069999999999709,0.100000000000364,89.54
"0111","weak",100,228,41360939,0.0599999999994907,0.130000000000109,87.6499999999996
"0111","weak",100,229,41360940,0.0599999999994907,0.069999999999709,90.8299999999999
"0111","weak",100,230,41360941,0.0500000000001819,0.119999999999891,79.1499999999996
"0111","weak",100,231,41360942,0.0299999999997453,0.089999999999236,88.0699999999997
"0111","weak",100,232,41360943,0.0600000000004002,0.100000000000364,82.3299999999999
"0111","weak",100,233,41360944,0.0500000000001819,0.100000000000364,89.4399999999996
"0111","weak",100,234,41360945,0.0399999999999636,0.0900000000001455,84.3600000000006
"0111","weak",100,235,41360946,0.069999999999709,0.109999999999673,85.9300000000003
"0111","weak",100,236,41360947,0.0600000000004002,0.0900000000001455,86.5299999999997
"0111","weak",100,237,41360948,0.0600000000004002,0.0900000000001455,77.5100000000002
"0111","weak",100,238,41360949,0.0500000000001819,0.0900000000001455,85.2200000000003
"0111","weak",100,239,41360950,0.0600000000004002,0.110000000000582,89.5
"0111","weak",100,240,41360951,0.0799999999999272,0.109999999999673,84.8000000000002
"0111","weak",100,241,41360952,0.0799999999999272,0.130000000000109,99.6099999999997
"0111","weak",100,242,41360953,0.069999999999709,0.0900000000001455,91.2600000000002
"0111","weak",100,243,41360954,0.0799999999999272,0.0900000000001455,98.1499999999996
"0111","weak",100,244,41360955,0.0600000000013097,0.100000000000364,82.7999999999993
"0111","weak",100,245,41360956,0.0599999999994907,0.110000000000582,89.7800000000007
"0111","weak",100,246,41360957,0.0599999999994907,0.110000000000582,77.8199999999997
"0111","weak",100,247,41360958,0.0599999999994907,0.100000000000364,81.5300000000007
"0111","weak",100,248,41360959,0.0499999999992724,0.0799999999999272,93.9400000000005
"0111","weak",100,249,41360960,0.0799999999999272,0.0900000000001455,90.1700000000001
"0111","weak",100,250,41360961,0.0499999999992724,0.109999999998763,105.880000000001
"0111","weak",100,251,41360962,0.0400000000008731,0.0799999999999272,86.2600000000002
"0111","weak",100,252,41360963,0.0599999999994907,0.100000000000364,77.6399999999994
"0111","weak",100,253,41360964,0.0500000000010914,0.110000000000582,94.6099999999988
"0111","weak",100,254,41360965,0.0599999999994907,0.110000000000582,87.1499999999996
"0111","weak",100,255,41360966,0.0800000000017462,0.069999999999709,80.3099999999995
"0111","weak",100,256,41360967,0.0799999999999272,0.110000000000582,84.4500000000007
"0111","weak",100,257,41360968,0.0500000000010914,0.0900000000001455,81.7999999999993
"0111","weak",100,258,41360969,0.0799999999999272,0.0799999999999272,83.6900000000005
"0111","weak",100,259,41360970,0.0599999999994907,0.110000000000582,78.7099999999991
"0111","weak",100,260,41360971,0.0599999999994907,0.110000000000582,79.4599999999991
"0111","weak",100,261,41360972,0.0600000000013097,0.109999999998763,90.6400000000012
"0111","weak",100,262,41360973,0.0500000000010914,0.0900000000001455,87.0599999999995
"0111","weak",100,263,41360974,0.0600000000013097,0.100000000000364,85.5300000000007
"0111","weak",100,264,41360975,0.0600000000013097,0.109999999998763,93.7099999999991
"0111","weak",100,265,41360976,0.0600000000013097,0.110000000000582,87.5099999999984
"0111","weak",100,266,41360977,0.0499999999992724,0.100000000000364,91.5599999999995
"0111","weak",100,267,41360978,0.0600000000013097,0.0900000000001455,89.3899999999994
"0111","weak",100,268,41360979,0.0799999999999272,0.0900000000001455,101.1
"0111","weak",100,269,41360980,0.069999999999709,0.0799999999999272,79.0199999999986
"0111","weak",100,270,41360981,0.069999999999709,0.0799999999999272,82.5300000000007
"0111","weak",100,271,41360982,0.0799999999999272,0.1200000000008,82.2299999999996
"0111","weak",100,272,41360983,0.0599999999994907,0.110000000000582,84.3999999999996
"0111","weak",100,273,41360984,0.0599999999994907,0.0599999999994907,92.3900000000012
"0111","weak",100,274,41360985,0.0799999999999272,0.110000000000582,81.25
"0111","weak",100,275,41360986,0.0799999999999272,0.110000000000582,79.6599999999999
"0111","weak",100,276,41360987,0.0599999999994907,0.110000000000582,80.7000000000007
"0111","weak",100,277,41360988,0.0599999999994907,0.0900000000001455,85.75
"0111","weak",100,278,41360989,0.0600000000013097,0.100000000000364,85.7799999999988
"0111","weak",100,279,41360990,0.0599999999994907,0.100000000000364,80.619999999999
"0111","weak",100,280,41360991,0.069999999999709,0.109999999998763,90.2199999999993
"0111","weak",100,281,41360992,0.0499999999992724,0.110000000000582,95.4400000000005
"0111","weak",100,282,41360993,0.0499999999992724,0.0899999999983265,87.5
"0111","weak",100,283,41360994,0.0799999999999272,0.100000000000364,80.0900000000001
"0111","weak",100,284,41360995,0.0599999999994907,0.109999999998763,80.9700000000012
"0111","weak",100,285,41360996,0.0799999999999272,0.0900000000001455,84.8500000000004
"0111","weak",100,286,41360997,0.0400000000008731,0.100000000000364,84.3199999999997
"0111","weak",100,287,41360998,0.0599999999994907,0.110000000000582,105.460000000001
"0111","weak",100,288,41360999,0.0599999999994907,0.110000000000582,82.7199999999993
"0111","weak",100,289,41361000,0.0800000000017462,0.109999999998763,85.7099999999991
"0111","weak",100,290,41361001,0.0600000000013097,0.0799999999999272,88.1999999999989
"0111","weak",100,291,41361002,0.0799999999999272,0.0900000000001455,88.3900000000012
"0111","weak",100,292,41361003,0.0599999999994907,0.109999999998763,94.2800000000007
"0111","weak",100,293,41361004,0.0400000000008731,0.110000000000582,84.4799999999996
"0111","weak",100,294,41361005,0.0599999999994907,0.069999999999709,98.0799999999999
"0111","weak",100,295,41361006,0.0900000000001455,0.110000000000582,82.9400000000005
"0111","weak",100,296,41361007,0.0599999999994907,0.0900000000001455,81.25
"0111","weak",100,297,41361008,0.0299999999988358,0.100000000000364,90.630000000001
"0111","weak",100,298,41361009,0.0599999999994907,0.0500000000010914,85.1200000000008
"0111","weak",100,299,41361010,0.0499999999992724,0.0999999999985448,91.3500000000004
"0111","weak",100,300,41361011,0.069999999999709,0.0599999999994907,78.3500000000004
"1011","weak",100,1,51360712,0.0799999999999272,0.149999999999636,87.119999999999
"1011","weak",100,2,51360713,0.0599999999994907,0.109999999998763,89.8500000000004
"1011","weak",100,3,51360714,0.0599999999994907,0.0900000000001455,85.1800000000003
"1011","weak",100,4,51360715,0.069999999999709,0.110000000000582,91.5
"1011","weak",100,5,51360716,0.069999999999709,0.0900000000001455,89.9700000000012
"1011","weak",100,6,51360717,0.0799999999999272,0.100000000000364,85.3500000000004
"1011","weak",100,7,51360718,0.0599999999994907,0.109999999998763,87.4200000000001
"1011","weak",100,8,51360719,0.069999999999709,0.1299999999992,80.5099999999984
"1011","weak",100,9,51360720,0.0799999999999272,0.109999999998763,89.2000000000007
"1011","weak",100,10,51360721,0.0500000000010914,0.109999999998763,87.5
"1011","weak",100,11,51360722,0.0300000000006548,0.110000000000582,89.6899999999987
"1011","weak",100,12,51360723,0.0399999999990541,0.1200000000008,96.5799999999999
"1011","weak",100,13,51360724,0.0599999999994907,0.100000000000364,81.8099999999995
"1011","weak",100,14,51360725,0.0599999999994907,0.110000000000582,91.0399999999991
"1011","weak",100,15,51360726,0.069999999999709,0.110000000000582,84.8899999999994
"1011","weak",100,16,51360727,0.0499999999992724,0.069999999999709,78.6100000000006
"1011","weak",100,17,51360728,0.069999999999709,0.109999999998763,89.9800000000014
"1011","weak",100,18,51360729,0.0600000000013097,0.110000000000582,99.7799999999988
"1011","weak",100,19,51360730,0.0599999999994907,0.110000000000582,91.2299999999996
"1011","weak",100,20,51360731,0.069999999999709,0.0900000000001455,83.5
"1011","weak",100,21,51360732,0.0199999999986176,0.100000000000364,82.2399999999998
"1011","weak",100,22,51360733,0.0500000000010914,0.110000000000582,79.5
"1011","weak",100,23,51360734,0.0499999999992724,0.100000000000364,88.9399999999987
"1011","weak",100,24,51360735,0.0499999999992724,0.070000000001528,85.4799999999996
"1011","weak",100,25,51360736,0.0599999999994907,0.0500000000010914,89.2399999999998
"1011","weak",100,26,51360737,0.0499999999992724,0.110000000000582,86.2899999999991
"1011","weak",100,27,51360738,0.0600000000013097,0.130000000001019,81.880000000001
"1011","weak",100,28,51360739,0.0399999999990541,0.0900000000001455,102.559999999999
"1011","weak",100,29,51360740,0.0600000000013097,0.110000000000582,89
"1011","weak",100,30,51360741,0.0599999999994907,0.1299999999992,81.9099999999999
"1011","weak",100,31,51360742,0.0399999999990541,0.110000000000582,81.1100000000006
"1011","weak",100,32,51360743,0.0500000000010914,0.110000000000582,87.8299999999999
"1011","weak",100,33,51360744,0.0600000000013097,0.069999999999709,98.1099999999988
"1011","weak",100,34,51360745,0.0599999999994907,0.109999999998763,85.8900000000012
"1011","weak",100,35,51360746,0.0799999999999272,0.130000000001019,81.4799999999996
"1011","weak",100,36,51360747,0.0599999999994907,0.100000000002183,98.010000000002
"1011","weak",100,37,51360748,0.0599999999976717,0.0900000000001455,85.75
"1011","weak",100,38,51360749,0.0300000000024738,0.110000000000582,98.4199999999983
"1011","weak",100,39,51360750,0.0600000000013097,0.0800000000017462,81.6399999999994
"1011","weak",100,40,51360751,0.0600000000013097,0.109999999996944,90.9700000000012
"1011","weak",100,41,51360752,0.0600000000013097,0.110000000000582,92.1100000000006
"1011","weak",100,42,51360753,0.0400000000008731,0.0600000000013097,80.7799999999988
"1011","weak",100,43,51360754,0.0600000000013097,0.0900000000001455,80.0499999999993
"1011","weak",100,44,51360755,0.0600000000013097,0.110000000000582,92.130000000001
"1011","weak",100,45,51360756,0.0600000000013097,0.0999999999985448,80.9799999999996
"1011","weak",100,46,51360757,0.0800000000017462,0.0900000000001455,86.6000000000022
"1011","weak",100,47,51360758,0.0999999999985448,0.120000000002619,86.7699999999968
"1011","weak",100,48,51360759,0.0599999999976717,0.0800000000017462,80.2999999999993
"1011","weak",100,49,51360760,0.0499999999992724,0.110000000000582,95.6599999999999
"1011","weak",100,50,51360761,0.0499999999992724,0.0900000000001455,105.029999999999
"1011","weak",100,51,51360762,0.0499999999992724,0.0799999999981083,95.7799999999988
"1011","weak",100,52,51360763,0.0799999999981083,0.0999999999985448,86.7999999999993
"1011","weak",100,53,51360764,0.0799999999981083,0.0800000000017462,84.7200000000012
"1011","weak",100,54,51360765,0.069999999999709,0.0900000000001455,82.7000000000007
"1011","weak",100,55,51360766,0.069999999999709,0.110000000000582,86
"1011","weak",100,56,51360767,0.069999999999709,0.0999999999985448,92.1900000000023
"1011","weak",100,57,51360768,0.0599999999976717,0.0799999999981083,87.2200000000012
"1011","weak",100,58,51360769,0.0599999999976717,0.0800000000017462,84.1599999999999
"1011","weak",100,59,51360770,0.069999999999709,0.110000000000582,76.9900000000016
"1011","weak",100,60,51360771,0.0600000000013097,0.0800000000017462,85.2900000000009
"1011","weak",100,61,51360772,0.0800000000017462,0.0900000000001455,80.5499999999993
"1011","weak",100,62,51360773,0.0600000000013097,0.130000000001019,87.7599999999984
"1011","weak",100,63,51360774,0.0600000000013097,0.0900000000001455,88.1099999999969
"1011","weak",100,64,51360775,0.0400000000008731,0.100000000002183,79.3099999999977
"1011","weak",100,65,51360776,0.0600000000013097,0.069999999999709,85.4200000000019
"1011","weak",100,66,51360777,0.0399999999972351,0.110000000000582,80.2200000000012
"1011","weak",100,67,51360778,0.0600000000013097,0.110000000000582,82.3299999999981
"1011","weak",100,68,51360779,0.069999999999709,0.0900000000001455,94.5699999999997
"1011","weak",100,69,51360780,0.0599999999976717,0.0900000000001455,83.9600000000028
"1011","weak",100,70,51360781,0.069999999999709,0.110000000000582,82.0999999999985
"1011","weak",100,71,51360782,0.069999999999709,0.0900000000001455,82.7999999999993
"1011","weak",100,72,51360783,0.0400000000008731,0.0900000000001455,84.2299999999996
"1011","weak",100,73,51360784,0.0299999999988358,0.110000000000582,98.3199999999997
"1011","weak",100,74,51360785,0.0499999999992724,0.110000000000582,86.7200000000012
"1011","weak",100,75,51360786,0.0600000000013097,0.110000000000582,94.5999999999985
"1011","weak",100,76,51360787,0.0599999999976717,0.0900000000001455,81.7000000000007
"1011","weak",100,77,51360788,0.0599999999976717,0.100000000002183,84.3100000000013
"1011","weak",100,78,51360789,0.069999999999709,0.119999999998981,84.3899999999994
"1011","weak",100,79,51360790,0.0599999999976717,0.0800000000017462,96
"1011","weak",100,80,51360791,0.0799999999981083,0.119999999998981,92.5300000000025
"1011","weak",100,81,51360792,0.0800000000017462,0.110000000000582,90.8199999999997
"1011","weak",100,82,51360793,0.0500000000029104,0.110000000000582,79.9200000000019
"1011","weak",100,83,51360794,0.0600000000013097,0.110000000000582,86.6100000000006
"1011","weak",100,84,51360795,0.0499999999992724,0.0900000000001455,100.829999999998
"1011","weak",100,85,51360796,0.0900000000001455,0.109999999996944,90.2900000000009
"1011","weak",100,86,51360797,0.0400000000008731,0.0900000000001455,91.880000000001
"1011","weak",100,87,51360798,0.0600000000013097,0.110000000000582,84.0800000000017
"1011","weak",100,88,51360799,0.0499999999992724,0.0999999999985448,99.6399999999994
"1011","weak",100,89,51360800,0.0600000000013097,0.0600000000013097,82.2999999999993
"1011","weak",100,90,51360801,0.0600000000013097,0.110000000000582,84.7800000000025
"1011","weak",100,91,51360802,0.069999999999709,0.130000000001019,91.4399999999987
"1011","weak",100,92,51360803,0.0299999999988358,0.0900000000001455,80.6599999999999
"1011","weak",100,93,51360804,0.069999999999709,0.0900000000001455,87.7999999999993
"1011","weak",100,94,51360805,0.069999999999709,0.069999999999709,83.0999999999985
"1011","weak",100,95,51360806,0.069999999999709,0.110000000000582,80.489999999998
"1011","weak",100,96,51360807,0.0600000000013097,0.0900000000001455,92.0400000000009
"1011","weak",100,97,51360808,0.0600000000013097,0.110000000000582,84.369999999999
"1011","weak",100,98,51360809,0.0600000000013097,0.110000000000582,87.0200000000004
"1011","weak",100,99,51360810,0.069999999999709,0.130000000001019,90.75
"1011","weak",100,100,51360811,0.0599999999976717,0.120000000002619,90.7400000000016
"1011","weak",100,101,51360812,0.0600000000013097,0.0800000000017462,86.7799999999988
"1011","weak",100,102,51360813,0.0600000000013097,0.0999999999985448,84.1900000000023
"1011","weak",100,103,51360814,0.0799999999981083,0.0900000000001455,87.1800000000003
"1011","weak",100,104,51360815,0.0499999999992724,0.110000000000582,93.9500000000007
"1011","weak",100,105,51360816,0.0799999999981083,0.100000000002183,91.6599999999999
"1011","weak",100,106,51360817,0.0799999999981083,0.0900000000001455,87.6399999999994
"1011","weak",100,107,51360818,0.0800000000017462,0.0800000000017462,88.0599999999977
"1011","weak",100,108,51360819,0.0600000000013097,0.0900000000001455,84.8099999999977
"1011","weak",100,109,51360820,0.0600000000013097,0.0900000000001455,88.3400000000001
"1011","weak",100,110,51360821,0.0600000000013097,0.0900000000001455,82.1499999999978
"1011","weak",100,111,51360822,0.069999999999709,0.0999999999985448,91.0400000000009
"1011","weak",100,112,51360823,0.0600000000013097,0.0900000000001455,90
"1011","weak",100,113,51360824,0.0499999999992724,0.0900000000001455,82.6700000000019
"1011","weak",100,114,51360825,0.0499999999992724,0.0900000000001455,85.8400000000001
"1011","weak",100,115,51360826,0.0800000000017462,0.110000000000582,93.0699999999997
"1011","weak",100,116,51360827,0.0600000000013097,0.0900000000001455,92.0900000000001
"1011","weak",100,117,51360828,0.0599999999976717,0.110000000000582,80.8600000000006
"1011","weak",100,118,51360829,0.069999999999709,0.0800000000017462,93.3499999999985
"1011","weak",100,119,51360830,0.0600000000013097,0.0900000000001455,96.0799999999981
"1011","weak",100,120,51360831,0.0400000000008731,0.119999999998981,77.3100000000013
"1011","weak",100,121,51360832,0.0500000000029104,0.0600000000013097,88.9300000000003
"1011","weak",100,122,51360833,0.0599999999976717,0.0800000000017462,79.9200000000019
"1011","weak",100,123,51360834,0.069999999999709,0.119999999998981,94.380000000001
"1011","weak",100,124,51360835,0.069999999999709,0.110000000000582,88.4699999999975
"1011","weak",100,125,51360836,0.0600000000013097,0.119999999998981,83.1800000000003
"1011","weak",100,126,51360837,0.0799999999981083,0.0900000000001455,83.2799999999988
"1011","weak",100,127,51360838,0.0400000000008731,0.0900000000001455,97.3999999999978
"1011","weak",100,128,51360839,0.0800000000017462,0.110000000000582,82.0900000000001
"1011","weak",100,129,51360840,0.069999999999709,0.0900000000001455,80.9199999999983
"1011","weak",100,130,51360841,0.0800000000017462,0.0900000000001455,99.2899999999972
"1011","weak",100,131,51360842,0.069999999999709,0.100000000002183,89.4399999999987
"1011","weak",100,132,51360843,0.069999999999709,0.109999999996944,84.7200000000012
"1011","weak",100,133,51360844,0.0500000000029104,0.110000000000582,77.5499999999993
"1011","weak",100,134,51360845,0.0599999999976717,0.109999999996944,83.3300000000017
"1011","weak",100,135,51360846,0.0499999999992724,0.0800000000017462,92.119999999999
"1011","weak",100,136,51360847,0.0500000000029104,0.0900000000001455,92.2799999999988
"1011","weak",100,137,51360848,0.0900000000001455,0.130000000001019,84.630000000001
"1011","weak",100,138,51360849,0.0800000000017462,0.110000000000582,93.0499999999993
"1011","weak",100,139,51360850,0.0600000000013097,0.110000000000582,85.2200000000012
"1011","weak",100,140,51360851,0.0599999999976717,0.069999999999709,88.1399999999994
"1011","weak",100,141,51360852,0.069999999999709,0.109999999996944,100.360000000001
"1011","weak",100,142,51360853,0.069999999999709,0.0799999999981083,87.4000000000015
"1011","weak",100,143,51360854,0.0599999999976717,0.119999999998981,94.4200000000019
"1011","weak",100,144,51360855,0.069999999999709,0.0999999999985448,89.5800000000017
"1011","weak",100,145,51360856,0.0800000000017462,0.0900000000001455,86.0900000000001
"1011","weak",100,146,51360857,0.0900000000001455,0.0999999999985448,97.25
"1011","weak",100,147,51360858,0.069999999999709,0.0999999999985448,88.2799999999988
"1011","weak",100,148,51360859,0.069999999999709,0.0999999999985448,87.0800000000017
"1011","weak",100,149,51360860,0.0400000000008731,0.110000000000582,86.9500000000007
"1011","weak",100,150,51360861,0.0800000000017462,0.110000000000582,95.9499999999971
"1011","weak",100,151,51360862,0.0600000000013097,0.110000000000582,86.8099999999977
"1011","weak",100,152,51360863,0.0400000000008731,0.130000000001019,80.4700000000012
"1011","weak",100,153,51360864,0.0600000000013097,0.0600000000013097,87.5499999999993
"1011","weak",100,154,51360865,0.069999999999709,0.110000000000582,90.380000000001
"1011","weak",100,155,51360866,0.0599999999976717,0.129999999997381,88.9500000000007
"1011","weak",100,156,51360867,0.0600000000013097,0.0999999999985448,89.3700000000026
"1011","weak",100,157,51360868,0.0800000000017462,0.0900000000001455,87.3300000000017
"1011","weak",100,158,51360869,0.0799999999981083,0.110000000000582,87.0900000000001
"1011","weak",100,159,51360870,0.0300000000024738,0.0999999999985448,84.2800000000025
"1011","weak",100,160,51360871,0.069999999999709,0.129999999997381,95.6699999999983
"1011","weak",100,161,51360872,0.0600000000013097,0.149999999997817,93.4499999999971
"1011","weak",100,162,51360873,0.100000000002183,0.119999999998981,85.6399999999994
"1011","weak",100,163,51360874,0.0600000000013097,0.139999999999418,86
"1011","weak",100,164,51360875,0.0299999999988358,0.0999999999985448,85.0900000000001
"1011","weak",100,165,51360876,0.0600000000013097,0.139999999999418,91.4900000000016
"1011","weak",100,166,51360877,0.069999999999709,0.0900000000001455,95.5
"1011","weak",100,167,51360878,0.0500000000029104,0.149999999997817,83.0499999999993
"1011","weak",100,168,51360879,0.0799999999981083,0.110000000000582,93.489999999998
"1011","weak",100,169,51360880,0.0600000000013097,0.110000000000582,89.7200000000012
"1011","weak",100,170,51360881,0.0800000000017462,0.0900000000001455,90.2299999999996
"1011","weak",100,171,51360882,0.0299999999988358,0.0900000000001455,98.9099999999999
"1011","weak",100,172,51360883,0.0799999999981083,0.139999999999418,98.6999999999971
"1011","weak",100,173,51360884,0.0800000000017462,0.110000000000582,94.9700000000012
"1011","weak",100,174,51360885,0.0600000000013097,0.110000000000582,91.1399999999994
"1011","weak",100,175,51360886,0.0799999999981083,0.0800000000017462,81.5200000000004
"1011","weak",100,176,51360887,0.0799999999981083,0.0799999999981083,94.0999999999985
"1011","weak",100,177,51360888,0.0799999999981083,0.0900000000001455,86.25
"1011","weak",100,178,51360889,0.0599999999976717,0.069999999999709,95.8100000000013
"1011","weak",100,179,51360890,0.0799999999981083,0.0799999999981083,87.5800000000017
"1011","weak",100,180,51360891,0.0900000000001455,0.139999999999418,92.5600000000013
"1011","weak",100,181,51360892,0.0800000000017462,0.0900000000001455,93.2099999999991
"1011","weak",100,182,51360893,0.0600000000013097,0.0800000000017462,91.9699999999975
"1011","weak",100,183,51360894,0.0500000000029104,0.129999999997381,89.4199999999983
"1011","weak",100,184,51360895,0.0599999999976717,0.119999999998981,86.0200000000004
"1011","weak",100,185,51360896,0.0599999999976717,0.139999999999418,92.9300000000003
"1011","weak",100,186,51360897,0.0500000000029104,0.0999999999985448,89.5300000000025
"1011","weak",100,187,51360898,0.0600000000013097,0.0900000000001455,88.3400000000001
"1011","weak",100,188,51360899,0.0600000000013097,0.110000000000582,84.5600000000013
"1011","weak",100,189,51360900,0.0599999999976717,0.0900000000001455,90.5600000000013
"1011","weak",100,190,51360901,0.0599999999976717,0.0900000000001455,88.3600000000006
"1011","weak",100,191,51360902,0.0299999999988358,0.110000000000582,87.739999999998
"1011","weak",100,192,51360903,0.069999999999709,0.0900000000001455,91.5
"1011","weak",100,193,51360904,0.0499999999992724,0.069999999999709,83.4799999999996
"1011","weak",100,194,51360905,0.0499999999992724,0.0900000000001455,88.4500000000007
"1011","weak",100,195,51360906,0.0800000000017462,0.0800000000017462,83.6100000000006
"1011","weak",100,196,51360907,0.069999999999709,0.0900000000001455,86.7999999999993
"1011","weak",100,197,51360908,0.069999999999709,0.0900000000001455,89.1699999999983
"1011","weak",100,198,51360909,0.0299999999988358,0.110000000000582,93.1599999999999
"1011","weak",100,199,51360910,0.0900000000001455,0.110000000000582,83.2999999999993
"1011","weak",100,200,51360911,0.069999999999709,0.110000000000582,103.200000000001
"1011","weak",100,201,51360912,0.0900000000001455,0.0999999999985448,97.3300000000017
"1011","weak",100,202,51360913,0.0900000000001455,0.0999999999985448,97.9600000000028
"1011","weak",100,203,51360914,0.069999999999709,0.110000000000582,80.3099999999977
"1011","weak",100,204,51360915,0.0900000000001455,0.119999999998981,95.8500000000022
"1011","weak",100,205,51360916,0.0799999999981083,0.0900000000001455,88.1399999999994
"1011","weak",100,206,51360917,0.0799999999981083,0.069999999999709,90.989999999998
"1011","weak",100,207,51360918,0.0800000000017462,0.109999999996944,94.2299999999996
"1011","weak",100,208,51360919,0.0499999999992724,0.0599999999976717,87.8899999999994
"1011","weak",100,209,51360920,0.0299999999988358,0.110000000000582,108.5
"1011","weak",100,210,51360921,0.069999999999709,0.0799999999981083,80.489999999998
"1011","weak",100,211,51360922,0.069999999999709,0.130000000001019,84.6200000000026
"1011","weak",100,212,51360923,0.0599999999976717,0.0900000000001455,86
"1011","weak",100,213,51360924,0.0599999999976717,0.0999999999985448,86.4200000000019
"1011","weak",100,214,51360925,0.0500000000029104,0.0799999999981083,81.130000000001
"1011","weak",100,215,51360926,0.0600000000013097,0.110000000000582,89.25
"1011","weak",100,216,51360927,0.0799999999981083,0.100000000002183,86.619999999999
"1011","weak",100,217,51360928,0.0600000000013097,0.109999999996944,83.760000000002
"1011","weak",100,218,51360929,0.0600000000013097,0.0600000000013097,88.3600000000006
"1011","weak",100,219,51360930,0.0600000000013097,0.139999999999418,87.3600000000006
"1011","weak",100,220,51360931,0.0599999999976717,0.110000000000582,91.010000000002
"1011","weak",100,221,51360932,0.0599999999976717,0.110000000000582,81.4400000000023
"1011","weak",100,222,51360933,0.0800000000017462,0.0899999999965075,84.2799999999988
"1011","weak",100,223,51360934,0.0599999999976717,0.0900000000037835,97.3600000000006
"1011","weak",100,224,51360935,0.0600000000049477,0.0899999999965075,81.5199999999968
"1011","weak",100,225,51360936,0.0499999999956344,0.129999999997381,93.260000000002
"1011","weak",100,226,51360937,0.069999999999709,0.110000000000582,94.0800000000017
"1011","weak",100,227,51360938,0.0600000000049477,0.0999999999985448,83.7900000000009
"1011","weak",100,228,51360939,0.0799999999944703,0.0900000000037835,79.5299999999988
"1011","weak",100,229,51360940,0.0799999999944703,0.110000000000582,86.1300000000047
"1011","weak",100,230,51360941,0.069999999999709,0.0900000000037835,93.0299999999988
"1011","weak",100,231,51360942,0.0800000000017462,0.110000000000582,89.1100000000006
"1011","weak",100,232,51360943,0.0800000000017462,0.0899999999965075,80.8799999999974
"1011","weak",100,233,51360944,0.0599999999976717,0.109999999993306,86.1700000000055
"1011","weak",100,234,51360945,0.0799999999944703,0.110000000000582,79.4400000000023
"1011","weak",100,235,51360946,0.0599999999976717,0.110000000000582,92.1299999999974
"1011","weak",100,236,51360947,0.0800000000017462,0.0800000000017462,81.9199999999983
"1011","weak",100,237,51360948,0.069999999999709,0.129999999997381,83
"1011","weak",100,238,51360949,0.0599999999976717,0.139999999999418,79.9599999999991
"1011","weak",100,239,51360950,0.0600000000049477,0.110000000000582,81.8899999999994
"1011","weak",100,240,51360951,0.0499999999956344,0.0900000000037835,90.3700000000026
"1011","weak",100,241,51360952,0.0599999999976717,0.0800000000017462,92.9199999999983
"1011","weak",100,242,51360953,0.0500000000029104,0.0800000000017462,84.7999999999956
"1011","weak",100,243,51360954,0.0599999999976717,0.110000000000582,83.3600000000006
"1011","weak",100,244,51360955,0.0599999999976717,0.110000000000582,84.3300000000017
"1011","weak",100,245,51360956,0.0599999999976717,0.110000000000582,90.7000000000044
"1011","weak",100,246,51360957,0.0600000000049477,0.129999999997381,94.5600000000049
"1011","weak",100,247,51360958,0.0599999999976717,0.0599999999976717,86.0600000000049
"1011","weak",100,248,51360959,0.069999999999709,0.110000000000582,95.4300000000003
"1011","weak",100,249,51360960,0.0499999999956344,0.110000000000582,86.0699999999997
"1011","weak",100,250,51360961,0.069999999999709,0.0800000000017462,96.3600000000006
"1011","weak",100,251,51360962,0.0600000000049477,0.110000000000582,91.5699999999997
"1011","weak",100,252,51360963,0.0499999999956344,0.120000000002619,80.5699999999997
"1011","weak",100,253,51360964,0.0600000000049477,0.129999999997381,76.7800000000061
"1011","weak",100,254,51360965,0.0599999999976717,0.0899999999965075,93.3399999999965
"1011","weak",100,255,51360966,0.0600000000049477,0.109999999993306,76.3199999999997
"1011","weak",100,256,51360967,0.0799999999944703,0.0800000000017462,85.5900000000038
"1011","weak",100,257,51360968,0.069999999999709,0.120000000002619,91.7099999999991
"1011","weak",100,258,51360969,0.0599999999976717,0.0799999999944703,85.8800000000047
"1011","weak",100,259,51360970,0.0500000000029104,0.0800000000017462,88.0800000000017
"1011","weak",100,260,51360971,0.0599999999976717,0.120000000002619,95.75
"1011","weak",100,261,51360972,0.0800000000017462,0.0900000000037835,82.2799999999988
"1011","weak",100,262,51360973,0.069999999999709,0.0800000000017462,79.0599999999977
"1011","weak",100,263,51360974,0.0800000000017462,0.110000000000582,97.7200000000012
"1011","weak",100,264,51360975,0.0800000000017462,0.110000000000582,91.3300000000017
"1011","weak",100,265,51360976,0.0600000000049477,0.0900000000037835,92.4400000000023
"1011","weak",100,266,51360977,0.0800000000017462,0.110000000000582,86.8700000000026
"1011","weak",100,267,51360978,0.0599999999976717,0.110000000000582,83.3100000000049
"1011","weak",100,268,51360979,0.0299999999988358,0.110000000000582,97.8700000000026
"1011","weak",100,269,51360980,0.0800000000017462,0.0999999999985448,91
"1011","weak",100,270,51360981,0.0600000000049477,0.110000000000582,94.8700000000026
"1011","weak",100,271,51360982,0.0600000000049477,0.0999999999985448,86.7199999999939
"1011","weak",100,272,51360983,0.0800000000017462,0.0800000000017462,78.1500000000015
"1011","weak",100,273,51360984,0.0600000000049477,0.120000000002619,79.3899999999994
"1011","weak",100,274,51360985,0.0600000000049477,0.0899999999965075,86.7699999999968
"1011","weak",100,275,51360986,0.0400000000008731,0.0999999999985448,87.8899999999994
"1011","weak",100,276,51360987,0.0800000000017462,0.129999999997381,88.6800000000003
"1011","weak",100,277,51360988,0.0300000000061118,0.0999999999985448,81.510000000002
"1011","weak",100,278,51360989,0.0500000000029104,0.110000000000582,87.1800000000003
"1011","weak",100,279,51360990,0.0599999999976717,0.110000000000582,100.720000000001
"1011","weak",100,280,51360991,0.0800000000017462,0.0800000000017462,83.1399999999994
"1011","weak",100,281,51360992,0.0599999999976717,0.0899999999965075,83.010000000002
"1011","weak",100,282,51360993,0.0800000000017462,0.109999999993306,82.1900000000023
"1011","weak",100,283,51360994,0.0599999999976717,0.0899999999965075,93.0500000000029
"1011","weak",100,284,51360995,0.0800000000017462,0.0800000000017462,84.010000000002
"1011","weak",100,285,51360996,0.0800000000017462,0.0999999999985448,85.489999999998
"1011","weak",100,286,51360997,0.0600000000049477,0.0999999999985448,108.5
"1011","weak",100,287,51360998,0.0500000000029104,0.129999999997381,84.4100000000035
"1011","weak",100,288,51360999,0.0599999999976717,0.0900000000037835,85.4199999999983
"1011","weak",100,289,51361000,0.0899999999965075,0.0999999999985448,98.9599999999991
"1011","weak",100,290,51361001,0.0599999999976717,0.0900000000037835,109.220000000001
"1011","weak",100,291,51361002,0.0800000000017462,0.0899999999965075,90.3099999999977
"1011","weak",100,292,51361003,0.0599999999976717,0.110000000000582,90.9500000000044
"1011","weak",100,293,51361004,0.069999999999709,0.0899999999965075,103.25
"1011","weak",100,294,51361005,0.0400000000008731,0.110000000000582,88.2200000000012
"1011","weak",100,295,51361006,0.0799999999944703,0.069999999999709,91.75
"1011","weak",100,296,51361007,0.0800000000017462,0.0999999999985448,91.6200000000026
"1011","weak",100,297,51361008,0.0599999999976717,0.110000000000582,90.760000000002
"1011","weak",100,298,51361009,0.0499999999956344,0.120000000002619,82.6100000000006
"1011","weak",100,299,51361010,0.0899999999999999,0.780000000000001,79.3
"1011","weak",100,300,51361011,0.0799999999999983,0.150000000000006,83.49
"1111","mid",100,1,32360712,0.0699999999999932,0.170000000000016,89.19
"1111","mid",100,2,32360713,0.0600000000000023,0.160000000000025,92.58
"1111","mid",100,3,32360714,0.0600000000000023,0.170000000000016,94.82
"1111","mid",100,4,32360715,0.0600000000000023,0.129999999999995,102.62
"1111","mid",100,5,32360716,0.0600000000000591,0.129999999999995,101.85
"1111","mid",100,6,32360717,0.0900000000000318,0.159999999999968,102.79
"1111","mid",100,7,32360718,0.0599999999999454,0.149999999999977,88.23
"1111","mid",100,8,32360719,0.0499999999999545,0.129999999999995,97.0799999999999
"1111","mid",100,9,32360720,0.0800000000000409,0.139999999999873,92.3600000000001
"1111","mid",100,10,32360721,0.0599999999999454,0.160000000000082,100.07
"1111","mid",100,11,32360722,0.0799999999999272,0.160000000000082,93.78
"1111","mid",100,12,32360723,0.0799999999999272,0.139999999999873,96.5599999999999
"1111","mid",100,13,32360724,0.0399999999999636,0.159999999999854,87.46
"1111","mid",100,14,32360725,0.0599999999999454,0.1400000000001,89.1099999999999
"1111","mid",100,15,32360726,0.0699999999999363,0.159999999999854,91
"1111","mid",100,16,32360727,0.0700000000001637,0.150000000000091,94.1899999999998
"1111","mid",100,17,32360728,0.0799999999999272,0.119999999999891,92.7
"1111","mid",100,18,32360729,0.0500000000001819,0.149999999999864,91
"1111","mid",100,19,32360730,0.0799999999999272,0.130000000000109,90.6000000000001
"1111","mid",100,20,32360731,0.0899999999999181,0.150000000000091,98.6399999999999
"1111","mid",100,21,32360732,0.0799999999999272,0.160000000000309,108.95
"1111","mid",100,22,32360733,0.0799999999999272,0.170000000000073,96.5299999999997
"1111","mid",100,23,32360734,0.0700000000001637,0.140000000000327,109.45
"1111","mid",100,24,32360735,0.0799999999999272,0.159999999999854,98.5599999999999
"1111","mid",100,25,32360736,0.0599999999999454,0.170000000000073,100.13
"1111","mid",100,26,32360737,0.0499999999997272,0.150000000000091,98.3699999999999
"1111","mid",100,27,32360738,0.0500000000001819,0.150000000000091,81.9699999999998
"1111","mid",100,28,32360739,0.0399999999999636,0.159999999999854,94.3600000000001
"1111","mid",100,29,32360740,0.0300000000002001,0.119999999999891,92.6300000000001
"1111","mid",100,30,32360741,0.0799999999999272,0.190000000000055,89.5
"1111","mid",100,31,32360742,0.0799999999999272,0.139999999999873,93.75
"1111","mid",100,32,32360743,0.069999999999709,0.150000000000091,104.19
"1111","mid",100,33,32360744,0.0799999999999272,0.159999999999854,90.6700000000001
"1111","mid",100,34,32360745,0.080000000000382,0.150000000000091,81.1599999999999
"1111","mid",100,35,32360746,0.0799999999999272,0.170000000000073,100.52
"1111","mid",100,36,32360747,0.0500000000001819,0.159999999999854,86.0500000000002
"1111","mid",100,37,32360748,0.0700000000001637,0.150000000000091,100.82
"1111","mid",100,38,32360749,0.0799999999999272,0.170000000000073,97.5900000000001
"1111","mid",100,39,32360750,0.0900000000001455,0.170000000000073,101.19
"1111","mid",100,40,32360751,0.0599999999999454,0.130000000000109,87.2800000000002
"1111","mid",100,41,32360752,0.0399999999999636,0.139999999999873,81.4700000000003
"1111","mid",100,42,32360753,0.0799999999999272,0.159999999999854,88.0300000000002
"1111","mid",100,43,32360754,0.069999999999709,0.169999999999163,89.3900000000003
"1111","mid",100,44,32360755,0.0600000000004002,0.159999999999854,97.0799999999999
"1111","mid",100,45,32360756,0.0700000000006185,0.160000000000764,96.0299999999997
"1111","mid",100,46,32360757,0.0700000000006185,0.180000000000291,88.6000000000004
"1111","mid",100,47,32360758,0.0600000000004002,0.140000000000327,100.04
"1111","mid",100,48,32360759,0.069999999999709,0.1899999999996,92.7399999999998
"1111","mid",100,49,32360760,0.0600000000004002,0.119999999999891,96.3599999999997
"1111","mid",100,50,32360761,0.0599999999994907,0.140000000000327,97.8000000000002
"1111","mid",100,51,32360762,0.069999999999709,0.150000000000546,105.68
"1111","mid",100,52,32360763,0.0799999999999272,0.160000000000764,99.5500000000002
"1111","mid",100,53,32360764,0.0399999999999636,0.139999999999418,93.96
"1111","mid",100,54,32360765,0.0799999999999272,0.140000000000327,93.5900000000001
"1111","mid",100,55,32360766,0.0700000000006185,0.149999999999636,110.04
"1111","mid",100,56,32360767,0.0399999999999636,0.130000000000109,91.0200000000004
"1111","mid",100,57,32360768,0.0799999999999272,0.140000000000327,99.9300000000003
"1111","mid",100,58,32360769,0.0799999999999272,0.1200000000008,102.9
"1111","mid",100,59,32360770,0.0999999999994543,0.139999999999418,94.7699999999995
"1111","mid",100,60,32360771,0.0499999999992724,0.139999999999418,94.7700000000004
"1111","mid",100,61,32360772,0.0799999999999272,0.159999999999854,87.2299999999996
"1111","mid",100,62,32360773,0.0600000000004002,0.119999999999891,91.2799999999997
"1111","mid",100,63,32360774,0.069999999999709,0.1299999999992,96.4799999999996
"1111","mid",100,64,32360775,0.0700000000006185,0.139999999999418,105.679999999999
"1111","mid",100,65,32360776,0.069999999999709,0.140000000000327,86.6099999999997
"1111","mid",100,66,32360777,0.0799999999999272,0.180000000000291,81.3800000000001
"1111","mid",100,67,32360778,0.0399999999999636,0.140000000000327,96.5
"1111","mid",100,68,32360779,0.0900000000001455,0.140000000000327,90.6199999999999
"1111","mid",100,69,32360780,0.0599999999994907,0.159999999999854,95.5900000000001
"1111","mid",100,70,32360781,0.0600000000004002,0.159999999999854,103.04
"1111","mid",100,71,32360782,0.0600000000004002,0.159999999999854,98.3599999999997
"1111","mid",100,72,32360783,0.0600000000004002,0.159999999999854,100.889999999999
"1111","mid",100,73,32360784,0.069999999999709,0.140000000000327,90.3900000000003
"1111","mid",100,74,32360785,0.0599999999994907,0.130000000000109,91
"1111","mid",100,75,32360786,0.0799999999999272,0.140000000000327,85.1199999999999
"1111","mid",100,76,32360787,0.0599999999994907,0.159999999999854,94.5299999999997
"1111","mid",100,77,32360788,0.0600000000004002,0.109999999999673,102.5
"1111","mid",100,78,32360789,0.069999999999709,0.159999999999854,91.04
"1111","mid",100,79,32360790,0.0600000000004002,0.159999999999854,94.7299999999996
"1111","mid",100,80,32360791,0.0599999999994907,0.170000000000073,92.6599999999999
"1111","mid",100,81,32360792,0.0599999999994907,0.130000000000109,93.8800000000001
"1111","mid",100,82,32360793,0.0500000000001819,0.110000000000582,94.5999999999995
"1111","mid",100,83,32360794,0.0599999999994907,0.170000000000073,98.5900000000001
"1111","mid",100,84,32360795,0.0599999999994907,0.139999999999418,99.6899999999996
"1111","mid",100,85,32360796,0.0599999999994907,0.170000000000073,100.299999999999
"1111","mid",100,86,32360797,0.0799999999999272,0.149999999999636,108.189999999999
"1111","mid",100,87,32360798,0.0799999999999272,0.1200000000008,90.9499999999989
"1111","mid",100,88,32360799,0.0799999999999272,0.130000000001019,101.82
"1111","mid",100,89,32360800,0.069999999999709,0.1299999999992,99.3000000000011
"1111","mid",100,90,32360801,0.0599999999994907,0.139999999999418,98.5600000000013
"1111","mid",100,91,32360802,0.0499999999992724,0.140000000001237,89.7700000000004
"1111","mid",100,92,32360803,0.069999999999709,0.1200000000008,90.1200000000008
"1111","mid",100,93,32360804,0.0900000000001455,0.140000000001237,88.5300000000007
"1111","mid",100,94,32360805,0.0799999999999272,0.159999999999854,94.0699999999997
"1111","mid",100,95,32360806,0.069999999999709,0.139999999999418,107.23
"1111","mid",100,96,32360807,0.0900000000001455,0.159999999999854,108.68
"1111","mid",100,97,32360808,0.0599999999994907,0.139999999999418,100.73
"1111","mid",100,98,32360809,0.0599999999994907,0.139999999999418,100.310000000001
"1111","mid",100,99,32360810,0.0499999999992724,0.139999999999418,87.880000000001
"1111","mid",100,100,32360811,0.0800000000017462,0.149999999999636,90.75
"1111","mid",100,101,32360812,0.069999999999709,0.140000000001237,108.82
"1111","mid",100,102,32360813,0.0799999999999272,0.170000000000073,101.389999999999
"1111","mid",100,103,32360814,0.069999999999709,0.1299999999992,101.33
"1111","mid",100,104,32360815,0.069999999999709,0.159999999999854,88.9500000000007
"1111","mid",100,105,32360816,0.0599999999994907,0.139999999999418,91.2300000000014
"1111","mid",100,106,32360817,0.0599999999994907,0.149999999999636,94.4200000000001
"1111","mid",100,107,32360818,0.0799999999999272,0.180000000000291,91.7299999999996
"1111","mid",100,108,32360819,0.0599999999994907,0.170000000000073,86.6100000000006
"1111","mid",100,109,32360820,0.069999999999709,0.159999999999854,107.379999999999
"1111","mid",100,110,32360821,0.0299999999988358,0.159999999999854,103.160000000002
"1111","mid",100,111,32360822,0.069999999999709,0.149999999999636,87.2799999999988
"1111","mid",100,112,32360823,0.0900000000001455,0.159999999999854,84.5100000000002
"1111","mid",100,113,32360824,0.0599999999994907,0.150000000001455,101.349999999999
"1111","mid",100,114,32360825,0.0599999999994907,0.159999999999854,101.280000000001
"1111","mid",100,115,32360826,0.0499999999992724,0.159999999999854,88.4799999999996
"1111","mid",100,116,32360827,0.0499999999992724,0.100000000000364,89.2600000000002
"1111","mid",100,117,32360828,0.0599999999994907,0.139999999999418,93.6399999999994
"1111","mid",100,118,32360829,0.0599999999994907,0.110000000000582,93.1599999999999
"1111","mid",100,119,32360830,0.0599999999994907,0.139999999999418,86.5799999999999
"1111","mid",100,120,32360831,0.0799999999999272,0.170000000000073,89.0300000000007
"1111","mid",100,121,32360832,0.0400000000008731,0.140000000001237,102.33
"1111","mid",100,122,32360833,0.100000000000364,0.110000000000582,100.400000000001
"1111","mid",100,123,32360834,0.0799999999999272,0.139999999999418,90.9200000000001
"1111","mid",100,124,32360835,0.0599999999994907,0.139999999999418,98.9000000000015
"1111","mid",100,125,32360836,0.0599999999994907,0.170000000000073,86.4900000000016
"1111","mid",100,126,32360837,0.0600000000013097,0.130000000001019,103.73
"1111","mid",100,127,32360838,0.0499999999992724,0.170000000000073,94.4399999999987
"1111","mid",100,128,32360839,0.0599999999994907,0.159999999999854,93.7399999999998
"1111","mid",100,129,32360840,0.0599999999994907,0.170000000000073,105.389999999999
"1111","mid",100,130,32360841,0.0599999999994907,0.159999999999854,100.949999999999
"1111","mid",100,131,32360842,0.070000000001528,0.139999999999418,86.9200000000001
"1111","mid",100,132,32360843,0.0599999999994907,0.149999999999636,85.6400000000012
"1111","mid",100,133,32360844,0.0599999999994907,0.149999999999636,92.5599999999995
"1111","mid",100,134,32360845,0.0600000000013097,0.150000000001455,89.8600000000006
"1111","mid",100,135,32360846,0.0600000000013097,0.0900000000001455,106.76
"1111","mid",100,136,32360847,0.0799999999999272,0.159999999999854,101.140000000001
"1111","mid",100,137,32360848,0.0599999999994907,0.139999999999418,102.280000000001
"1111","mid",100,138,32360849,0.0600000000013097,0.1299999999992,88.7600000000002
"1111","mid",100,139,32360850,0.0499999999992724,0.149999999999636,106.120000000001
"1111","mid",100,140,32360851,0.0599999999994907,0.170000000000073,95.6700000000001
"1111","mid",100,141,32360852,0.0600000000013097,0.109999999998763,101.790000000001
"1111","mid",100,142,32360853,0.0799999999999272,0.140000000001237,100.93
"1111","mid",100,143,32360854,0.0300000000006548,0.159999999999854,94.5900000000001
"1111","mid",100,144,32360855,0.0799999999999272,0.150000000001455,85.3899999999994
"1111","mid",100,145,32360856,0.0600000000013097,0.159999999999854,98.7199999999993
"1111","mid",100,146,32360857,0.0599999999994907,0.170000000000073,100.690000000001
"1111","mid",100,147,32360858,0.0500000000010914,0.149999999999636,100.17
"1111","mid",100,148,32360859,0.069999999999709,0.139999999999418,89.75
"1111","mid",100,149,32360860,0.0599999999994907,0.159999999999854,94.3299999999999
"1111","mid",100,150,32360861,0.0499999999992724,0.139999999999418,101.549999999999
"1111","mid",100,151,32360862,0.069999999999709,0.159999999999854,89.1399999999994
"1111","mid",100,152,32360863,0.0400000000008731,0.110000000000582,89.4699999999993
"1111","mid",100,153,32360864,0.0799999999999272,0.140000000001237,86.3299999999999
"1111","mid",100,154,32360865,0.0400000000008731,0.139999999999418,98.2399999999998
"1111","mid",100,155,32360866,0.0799999999999272,0.149999999999636,98.8299999999999
"1111","mid",100,156,32360867,0.0800000000017462,0.170000000000073,112.269999999999
"1111","mid",100,157,32360868,0.0399999999990541,0.149999999999636,89.75
"1111","mid",100,158,32360869,0.0599999999994907,0.170000000000073,92.5
"1111","mid",100,159,32360870,0.070000000001528,0.139999999999418,82.2800000000007
"1111","mid",100,160,32360871,0.0400000000008731,0.149999999999636,99.9099999999999
"1111","mid",100,161,32360872,0.0500000000010914,0.180000000000291,100.110000000001
"1111","mid",100,162,32360873,0.0799999999999272,0.130000000001019,107.24
"1111","mid",100,163,32360874,0.0600000000013097,0.159999999999854,97.7799999999988
"1111","mid",100,164,32360875,0.069999999999709,0.139999999999418,100.51
"1111","mid",100,165,32360876,0.0599999999994907,0.159999999999854,81.3299999999999
"1111","mid",100,166,32360877,0.0599999999994907,0.1200000000008,101.359999999999
"1111","mid",100,167,32360878,0.0799999999999272,0.139999999999418,105.17
"1111","mid",100,168,32360879,0.0600000000013097,0.130000000001019,98.75
"1111","mid",100,169,32360880,0.0799999999999272,0.150000000001455,97.7299999999996
"1111","mid",100,170,32360881,0.0600000000013097,0.120000000002619,96.7799999999988
"1111","mid",100,171,32360882,0.0600000000013097,0.139999999999418,97.0099999999984
"1111","mid",100,172,32360883,0.0800000000017462,0.110000000000582,103.079999999998
"1111","mid",100,173,32360884,0.0599999999976717,0.150000000001455,105.009999999998
"1111","mid",100,174,32360885,0.0900000000001455,0.139999999999418,93.5699999999997
"1111","mid",100,175,32360886,0.069999999999709,0.139999999999418,103.02
"1111","mid",100,176,32360887,0.0600000000013097,0.149999999997817,98.2299999999996
"1111","mid",100,177,32360888,0.0800000000017462,0.119999999998981,90.2000000000007
"1111","mid",100,178,32360889,0.0600000000013097,0.159999999999854,92
"1111","mid",100,179,32360890,0.0499999999992724,0.0800000000017462,100.689999999999
"1111","mid",100,180,32360891,0.0600000000013097,0.100000000002183,96.3999999999978
"1111","mid",100,181,32360892,0.069999999999709,0.139999999999418,82.5600000000013
"1111","mid",100,182,32360893,0.0800000000017462,0.130000000001019,102.360000000001
"1111","mid",100,183,32360894,0.0599999999976717,0.139999999999418,96.5400000000009
"1111","mid",100,184,32360895,0.0799999999981083,0.170000000001892,94.7000000000007
"1111","mid",100,185,32360896,0.0799999999981083,0.159999999999854,105.32
"1111","mid",100,186,32360897,0.0600000000013097,0.159999999999854,92.2999999999993
"1111","mid",100,187,32360898,0.0599999999976717,0.130000000001019,103.09
"1111","mid",100,188,32360899,0.0600000000013097,0.139999999999418,105.119999999999
"1111","mid",100,189,32360900,0.069999999999709,0.159999999999854,100.480000000003
"1111","mid",100,190,32360901,0.0600000000013097,0.150000000001455,100.049999999999
"1111","mid",100,191,32360902,0.069999999999709,0.139999999999418,92.9000000000015
"1111","mid",100,192,32360903,0.0499999999992724,0.139999999999418,85.1000000000022
"1111","mid",100,193,32360904,0.069999999999709,0.169999999998254,98.5499999999993
"1111","mid",100,194,32360905,0.0600000000013097,0.159999999999854,86.8099999999977
"1111","mid",100,195,32360906,0.0800000000017462,0.139999999999418,92.8700000000026
"1111","mid",100,196,32360907,0.0599999999976717,0.119999999998981,91.7800000000025
"1111","mid",100,197,32360908,0.069999999999709,0.159999999999854,86
"1111","mid",100,198,32360909,0.0600000000013097,0.170000000001892,92.3400000000001
"1111","mid",100,199,32360910,0.0499999999992724,0.130000000001019,90.0699999999997
"1111","mid",100,200,32360911,0.0600000000013097,0.139999999999418,97.380000000001
"1111","mid",100,201,32360912,0.0600000000013097,0.170000000001892,97.1699999999983
"1111","mid",100,202,32360913,0.0600000000013097,0.130000000001019,109.150000000001
"1111","mid",100,203,32360914,0.0800000000017462,0.159999999999854,89.5
"1111","mid",100,204,32360915,0.0800000000017462,0.139999999999418,90.4099999999999
"1111","mid",100,205,32360916,0.0799999999981083,0.139999999999418,95.7799999999988
"1111","mid",100,206,32360917,0.0999999999985448,0.169999999998254,90.4700000000012
"1111","mid",100,207,32360918,0.0499999999992724,0.139999999999418,106.200000000001
"1111","mid",100,208,32360919,0.0600000000013097,0.119999999998981,97.8499999999985
"1111","mid",100,209,32360920,0.0400000000008731,0.170000000001892,101.580000000002
"1111","mid",100,210,32360921,0.0799999999981083,0.119999999998981,94.9400000000023
"1111","mid",100,211,32360922,0.069999999999709,0.229999999999563,97.5600000000013
"1111","mid",100,212,32360923,0.0999999999985448,0.149999999997817,90.0400000000009
"1111","mid",100,213,32360924,0.0600000000013097,0.150000000001455,99.6100000000006
"1111","mid",100,214,32360925,0.0600000000013097,0.139999999999418,94.7999999999993
"1111","mid",100,215,32360926,0.0800000000017462,0.139999999999418,89.3499999999985
"1111","mid",100,216,32360927,0.0799999999981083,0.159999999999854,86.119999999999
"1111","mid",100,217,32360928,0.0599999999976717,0.170000000001892,89.25
"1111","mid",100,218,32360929,0.0800000000017462,0.180000000000291,88.2299999999996
"1111","mid",100,219,32360930,0.0499999999992724,0.159999999999854,86.5999999999985
"1111","mid",100,220,32360931,0.0600000000013097,0.159999999999854,89.8600000000006
"1111","mid",100,221,32360932,0.0600000000013097,0.130000000001019,84.2799999999988
"1111","mid",100,222,32360933,0.0499999999992724,0.119999999998981,92.9499999999971
"1111","mid",100,223,32360934,0.0499999999992724,0.130000000001019,105.360000000001
"1111","mid",100,224,32360935,0.0599999999976717,0.159999999999854,97.1500000000015
"1111","mid",100,225,32360936,0.0799999999981083,0.159999999999854,94.1700000000019
"1111","mid",100,226,32360937,0.069999999999709,0.159999999999854,109.190000000002
"1111","mid",100,227,32360938,0.0800000000017462,0.130000000001019,99.1699999999983
"1111","mid",100,228,32360939,0.069999999999709,0.180000000000291,99.3899999999994
"1111","mid",100,229,32360940,0.0300000000024738,0.159999999999854,105.75
"1111","mid",100,230,32360941,0.0800000000017462,0.139999999999418,88.5200000000004
"1111","mid",100,231,32360942,0.0599999999976717,0.109999999996944,87.5300000000025
"1111","mid",100,232,32360943,0.0799999999981083,0.159999999999854,96.5999999999985
"1111","mid",100,233,32360944,0.0400000000008731,0.109999999996944,91.2799999999988
"1111","mid",100,234,32360945,0.0500000000029104,0.130000000001019,87.25
"1111","mid",100,235,32360946,0.0499999999992724,0.120000000002619,99.2200000000012
"1111","mid",100,236,32360947,0.0799999999981083,0.159999999999854,91.0600000000013
"1111","mid",100,237,32360948,0.0600000000013097,0.130000000001019,84.739999999998
"1111","mid",100,238,32360949,0.069999999999709,0.140000000003056,102.389999999999
"1111","mid",100,239,32360950,0.069999999999709,0.139999999999418,93.1900000000023
"1111","mid",100,240,32360951,0.0499999999992724,0.139999999999418,92.8499999999985
"1111","mid",100,241,32360952,0.0499999999992724,0.139999999999418,102
"1111","mid",100,242,32360953,0.0599999999976717,0.130000000001019,96.6399999999994
"1111","mid",100,243,32360954,0.069999999999709,0.150000000001455,86.8400000000001
"1111","mid",100,244,32360955,0.0600000000013097,0.130000000001019,93.0800000000017
"1111","mid",100,245,32360956,0.0299999999988358,0.130000000001019,90.3299999999981
"1111","mid",100,246,32360957,0.069999999999709,0.139999999999418,98.4799999999996
"1111","mid",100,247,32360958,0.0600000000013097,0.170000000001892,94.8400000000001
"1111","mid",100,248,32360959,0.0600000000013097,0.180000000000291,106.850000000002
"1111","mid",100,249,32360960,0.0600000000013097,0.180000000000291,96.2599999999984
"1111","mid",100,250,32360961,0.0799999999981083,0.19999999999709,103.900000000001
"1111","mid",100,251,32360962,0.0799999999981083,0.150000000001455,100.889999999999
"1111","mid",100,252,32360963,0.0799999999981083,0.139999999999418,100.860000000001
"1111","mid",100,253,32360964,0.0800000000017462,0.140000000003056,103.230000000003
"1111","mid",100,254,32360965,0.0800000000017462,0.170000000001892,110.290000000001
"1111","mid",100,255,32360966,0.0499999999992724,0.130000000001019,100.110000000001
"1111","mid",100,256,32360967,0.0600000000013097,0.159999999999854,90.5900000000001
"1111","mid",100,257,32360968,0.0499999999992724,0.169999999998254,88.3899999999994
"1111","mid",100,258,32360969,0.0600000000013097,0.169999999998254,94.0400000000009
"1111","mid",100,259,32360970,0.0600000000013097,0.159999999999854,94.7200000000012
"1111","mid",100,260,32360971,0.0599999999976717,0.139999999999418,94.7800000000025
"1111","mid",100,261,32360972,0.0600000000013097,0.139999999999418,109.959999999999
"1111","mid",100,262,32360973,0.0900000000001455,0.130000000001019,95.6699999999983
"1111","mid",100,263,32360974,0.0400000000008731,0.139999999999418,93.3099999999977
"1111","mid",100,264,32360975,0.069999999999709,0.180000000000291,83.8199999999997
"1111","mid",100,265,32360976,0.0600000000013097,0.159999999999854,96.0400000000009
"1111","mid",100,266,32360977,0.069999999999709,0.159999999999854,90.2999999999993
"1111","mid",100,267,32360978,0.0599999999976717,0.170000000001892,97.5099999999984
"1111","mid",100,268,32360979,0.0599999999976717,0.180000000000291,99.7800000000025
"1111","mid",100,269,32360980,0.0600000000013097,0.170000000001892,98.7200000000012
"1111","mid",100,270,32360981,0.0800000000017462,0.150000000001455,95.3600000000006
"1111","mid",100,271,32360982,0.0599999999976717,0.139999999999418,94.739999999998
"1111","mid",100,272,32360983,0.069999999999709,0.119999999998981,99.3600000000006
"1111","mid",100,273,32360984,0.0799999999981083,0.139999999999418,91.1699999999983
"1111","mid",100,274,32360985,0.0799999999981083,0.139999999999418,95.5999999999985
"1111","mid",100,275,32360986,0.0999999999985448,0.139999999999418,97.2000000000007
"1111","mid",100,276,32360987,0.069999999999709,0.139999999999418,105.209999999999
"1111","mid",100,277,32360988,0.0600000000013097,0.159999999999854,91.4000000000015
"1111","mid",100,278,32360989,0.069999999999709,0.110000000000582,99.3899999999994
"1111","mid",100,279,32360990,0.0600000000013097,0.110000000000582,89.0600000000013
"1111","mid",100,280,32360991,0.0599999999976717,0.159999999999854,115.169999999998
"1111","mid",100,281,32360992,0.0599999999976717,0.18999999999869,99.4700000000012
"1111","mid",100,282,32360993,0.0400000000008731,0.170000000001892,95.7199999999975
"1111","mid",100,283,32360994,0.069999999999709,0.170000000001892,94.1599999999999
"1111","mid",100,284,32360995,0.069999999999709,0.130000000001019,91.2200000000012
"1111","mid",100,285,32360996,0.0600000000013097,0.180000000000291,103.279999999999
"1111","mid",100,286,32360997,0.0600000000013097,0.170000000001892,109.25
"1111","mid",100,287,32360998,0.0799999999981083,0.0900000000001455,102.84
"1111","mid",100,288,32360999,0.0800000000017462,0.200000000000728,103.07
"1111","mid",100,289,32361000,0.0600000000013097,0.200000000000728,83.6099999999969
"1111","mid",100,290,32361001,0.0499999999992724,0.159999999999854,90.2599999999984
"1111","mid",100,291,32361002,0.110000000000582,0.119999999998981,97.9799999999996
"1111","mid",100,292,32361003,0.069999999999709,0.150000000001455,106.919999999998
"1111","mid",100,293,32361004,0.069999999999709,0.139999999999418,94.7799999999988
"1111","mid",100,294,32361005,0.0599999999976717,0.119999999998981,89.4099999999999
"1111","mid",100,295,32361006,0.0800000000017462,0.110000000000582,98.3899999999994
"1111","mid",100,296,32361007,0.0299999999988358,0.149999999997817,95.8600000000006
"1111","mid",100,297,32361008,0.0600000000013097,0.110000000000582,95.0499999999993
"1111","mid",100,298,32361009,0.069999999999709,0.200000000000728,86.2799999999988
"1111","mid",100,299,32361010,0.069999999999709,0.140000000003056,96.9699999999975
"1111","mid",100,300,32361011,0.109999999996944,0.110000000000582,102.48
"0111","mid",100,1,42360712,0.0800000000017462,0.130000000001019,85.8300000000017
"0111","mid",100,2,42360713,0.0599999999976717,0.0999999999985448,98.9900000000016
"0111","mid",100,3,42360714,0.0499999999992724,0.110000000000582,80.6299999999974
"0111","mid",100,4,42360715,0.0800000000017462,0.0800000000017462,86.8899999999994
"0111","mid",100,5,42360716,0.0799999999981083,0.0600000000013097,106.34
"0111","mid",100,6,42360717,0.0900000000001455,0.0900000000001455,88.5300000000025
"0111","mid",100,7,42360718,0.069999999999709,0.110000000000582,83.7099999999991
"0111","mid",100,8,42360719,0.0799999999981083,0.069999999999709,91.3300000000017
"0111","mid",100,9,42360720,0.0800000000017462,0.110000000000582,83
"0111","mid",100,10,42360721,0.0800000000017462,0.100000000002183,83.5400000000009
"0111","mid",100,11,42360722,0.0600000000013097,0.110000000000582,87.7199999999975
"0111","mid",100,12,42360723,0.0599999999976717,0.0999999999985448,88.2100000000028
"0111","mid",100,13,42360724,0.069999999999709,0.130000000001019,91.75
"0111","mid",100,14,42360725,0.0799999999981083,0.139999999999418,82.2799999999988
"0111","mid",100,15,42360726,0.0600000000013097,0.109999999996944,97.5200000000004
"0111","mid",100,16,42360727,0.0599999999976717,0.139999999999418,100.099999999999
"0111","mid",100,17,42360728,0.0600000000013097,0.0900000000001455,83.8400000000001
"0111","mid",100,18,42360729,0.0800000000017462,0.130000000001019,87.3499999999985
"0111","mid",100,19,42360730,0.0499999999992724,0.0900000000001455,105.109999999997
"0111","mid",100,20,42360731,0.0600000000013097,0.109999999996944,89.9099999999999
"0111","mid",100,21,42360732,0.0599999999976717,0.0800000000017462,86.6399999999994
"0111","mid",100,22,42360733,0.0800000000017462,0.139999999999418,88.0699999999997
"0111","mid",100,23,42360734,0.0799999999981083,0.0900000000001455,95.4599999999991
"0111","mid",100,24,42360735,0.0800000000017462,0.110000000000582,87.25
"0111","mid",100,25,42360736,0.0999999999985448,0.0900000000001455,80.5
"0111","mid",100,26,42360737,0.0900000000001455,0.110000000000582,102.940000000002
"0111","mid",100,27,42360738,0.0499999999992724,0.110000000000582,97.5900000000001
"0111","mid",100,28,42360739,0.0999999999985448,0.100000000002183,83.5499999999993
"0111","mid",100,29,42360740,0.0600000000013097,0.110000000000582,86.9799999999996
"0111","mid",100,30,42360741,0.0600000000013097,0.0900000000001455,85.8999999999978
"0111","mid",100,31,42360742,0.0599999999976717,0.0799999999981083,85.2699999999968
"0111","mid",100,32,42360743,0.0599999999976717,0.0799999999981083,78.260000000002
"0111","mid",100,33,42360744,0.0600000000013097,0.110000000000582,95.4599999999991
"0111","mid",100,34,42360745,0.069999999999709,0.119999999998981,83.0200000000004
"0111","mid",100,35,42360746,0.0600000000013097,0.109999999996944,84.4599999999991
"0111","mid",100,36,42360747,0.0599999999976717,0.129999999997381,88.3199999999997
"0111","mid",100,37,42360748,0.0600000000013097,0.110000000000582,93.3300000000017
"0111","mid",100,38,42360749,0.0300000000024738,0.0900000000001455,82.75
"0111","mid",100,39,42360750,0.0600000000013097,0.110000000000582,82.4300000000003
"0111","mid",100,40,42360751,0.0400000000008731,0.0999999999985448,84.7699999999968
"0111","mid",100,41,42360752,0.069999999999709,0.120000000002619,91.75
"0111","mid",100,42,42360753,0.0400000000008731,0.0900000000037835,94.0499999999956
"0111","mid",100,43,42360754,0.0400000000008731,0.0800000000017462,86.1200000000026
"0111","mid",100,44,42360755,0.0400000000008731,0.110000000000582,96.75
"0111","mid",100,45,42360756,0.0599999999976717,0.0999999999985448,76.9800000000032
"0111","mid",100,46,42360757,0.0800000000017462,0.120000000002619,85.8099999999977
"0111","mid",100,47,42360758,0.0499999999956344,0.0900000000037835,97.2200000000012
"0111","mid",100,48,42360759,0.0800000000017462,0.0900000000037835,87.4199999999983
"0111","mid",100,49,42360760,0.069999999999709,0.0800000000017462,85.8899999999994
"0111","mid",100,50,42360761,0.0800000000017462,0.0900000000037835,87.8899999999994
"0111","mid",100,51,42360762,0.0599999999976717,0.0900000000037835,84.6999999999971
"0111","mid",100,52,42360763,0.0599999999976717,0.0999999999985448,89.7300000000032
"0111","mid",100,53,42360764,0.0599999999976717,0.0900000000037835,85.8899999999994
"0111","mid",100,54,42360765,0.0799999999944703,0.0900000000037835,86.3300000000017
"0111","mid",100,55,42360766,0.0600000000049477,0.0899999999965075,86.3400000000038
"0111","mid",100,56,42360767,0.0800000000017462,0.139999999999418,85.25
"0111","mid",100,57,42360768,0.0499999999956344,0.110000000000582,82.5
"0111","mid",100,58,42360769,0.0599999999976717,0.110000000000582,90.0999999999985
"0111","mid",100,59,42360770,0.0600000000049477,0.109999999993306,95.0299999999988
"0111","mid",100,60,42360771,0.0599999999976717,0.0999999999985448,79.7799999999988
"0111","mid",100,61,42360772,0.0400000000008731,0.110000000000582,79.5999999999985
"0111","mid",100,62,42360773,0.0400000000008731,0.0900000000037835,83.0400000000009
"0111","mid",100,63,42360774,0.0499999999956344,0.110000000000582,90.2699999999968
"0111","mid",100,64,42360775,0.069999999999709,0.0799999999944703,83.4799999999959
"0111","mid",100,65,42360776,0.0600000000049477,0.110000000000582,78.2699999999968
"0111","mid",100,66,42360777,0.0500000000029104,0.0999999999985448,82.1200000000026
"0111","mid",100,67,42360778,0.0500000000029104,0.0999999999985448,79.1500000000015
"0111","mid",100,68,42360779,0.0599999999976717,0.0799999999944703,93.1800000000003
"0111","mid",100,69,42360780,0.0599999999976717,0.120000000002619,87.0999999999985
"0111","mid",100,70,42360781,0.069999999999709,0.0999999999985448,83.2099999999991
"0111","mid",100,71,42360782,0.0599999999976717,0.110000000000582,94
"0111","mid",100,72,42360783,0.069999999999709,0.0900000000037835,87.1500000000015
"0111","mid",100,73,42360784,0.0600000000049477,0.110000000000582,89.8299999999945
"0111","mid",100,74,42360785,0.0499999999956344,0.0599999999976717,90.6200000000026
"0111","mid",100,75,42360786,0.0499999999956344,0.110000000000582,85.8600000000006
"0111","mid",100,76,42360787,0.0500000000029104,0.0900000000037835,79.8499999999985
"0111","mid",100,77,42360788,0.0799999999944703,0.129999999997381,81.3000000000029
"0111","mid",100,78,42360789,0.0599999999976717,0.110000000000582,90.5299999999988
"0111","mid",100,79,42360790,0.0800000000017462,0.0999999999985448,87.3899999999994
"0111","mid",100,80,42360791,0.0799999999944703,0.110000000000582,85.9400000000023
"0111","mid",100,81,42360792,0.0600000000049477,0.0999999999985448,88.4199999999983
"0111","mid",100,82,42360793,0.0600000000049477,0.139999999999418,88.1699999999983
"0111","mid",100,83,42360794,0.0599999999976717,0.0900000000037835,81.5500000000029
"0111","mid",100,84,42360795,0.069999999999709,0.110000000000582,92.1800000000003
"0111","mid",100,85,42360796,0.0499999999956344,0.0899999999965075,87.260000000002
"0111","mid",100,86,42360797,0.0599999999976717,0.0999999999985448,85.9400000000023
"0111","mid",100,87,42360798,0.0800000000017462,0.0400000000008731,84.4700000000012
"0111","mid",100,88,42360799,0.0599999999976717,0.110000000000582,96.6900000000023
"0111","mid",100,89,42360800,0.069999999999709,0.0899999999965075,91.2000000000044
"0111","mid",100,90,42360801,0.069999999999709,0.0899999999965075,89.6200000000026
"0111","mid",100,91,42360802,0.0400000000008731,0.0900000000037835,81.9700000000012
"0111","mid",100,92,42360803,0.069999999999709,0.110000000000582,91.1399999999994
"0111","mid",100,93,42360804,0.0600000000049477,0.120000000002619,96.9000000000015
"0111","mid",100,94,42360805,0.0400000000008731,0.0999999999985448,92.0200000000041
"0111","mid",100,95,42360806,0.0800000000017462,0.0999999999985448,95.3600000000006
"0111","mid",100,96,42360807,0.0400000000008731,0.129999999997381,87.0299999999988
"0111","mid",100,97,42360808,0.0600000000049477,0.109999999993306,85.0599999999977
"0111","mid",100,98,42360809,0.0600000000049477,0.110000000000582,81.3799999999974
"0111","mid",100,99,42360810,0.0600000000049477,0.0599999999976717,84.4300000000003
"0111","mid",100,100,42360811,0.0900000000037835,0.069999999999709,93.5
"0111","mid",100,101,42360812,0.0599999999976717,0.0899999999965075,96.75
"0111","mid",100,102,42360813,0.0599999999976717,0.110000000000582,76.3300000000017
"0111","mid",100,103,42360814,0.0400000000008731,0.0999999999985448,89.3800000000047
"0111","mid",100,104,42360815,0.0599999999976717,0.0800000000017462,79.0300000000061
"0111","mid",100,105,42360816,0.0800000000017462,0.0899999999965075,104.559999999998
"0111","mid",100,106,42360817,0.0299999999988358,0.0900000000037835,81.3300000000017
"0111","mid",100,107,42360818,0.069999999999709,0.0800000000017462,83.9599999999991
"0111","mid",100,108,42360819,0.0600000000049477,0.110000000000582,87.5899999999965
"0111","mid",100,109,42360820,0.0499999999956344,0.0600000000049477,84.8600000000006
"0111","mid",100,110,42360821,0.0599999999976717,0.0800000000017462,81.0400000000009
"0111","mid",100,111,42360822,0.0799999999944703,0.110000000000582,86.9700000000012
"0111","mid",100,112,42360823,0.069999999999709,0.0899999999965075,89.9300000000003
"0111","mid",100,113,42360824,0.0599999999976717,0.0500000000029104,87.3899999999994
"0111","mid",100,114,42360825,0.0500000000029104,0.0999999999985448,89.7799999999988
"0111","mid",100,115,42360826,0.0600000000049477,0.0999999999985448,91.25
"0111","mid",100,116,42360827,0.0599999999976717,0.0999999999985448,82.8899999999994
"0111","mid",100,117,42360828,0.0600000000049477,0.110000000000582,80.4399999999951
"0111","mid",100,118,42360829,0.0400000000008731,0.110000000000582,86.1299999999974
"0111","mid",100,119,42360830,0.0599999999976717,0.0800000000017462,76.3300000000017
"0111","mid",100,120,42360831,0.0599999999976717,0.110000000000582,83.1600000000035
"0111","mid",100,121,42360832,0.0600000000049477,0.0999999999985448,85.75
"0111","mid",100,122,42360833,0.069999999999709,0.069999999999709,89.8799999999974
"0111","mid",100,123,42360834,0.0400000000008731,0.0899999999965075,76.4200000000055
"0111","mid",100,124,42360835,0.0599999999976717,0.110000000000582,82.1200000000026
"0111","mid",100,125,42360836,0.0499999999956344,0.0799999999944703,77.5999999999985
"0111","mid",100,126,42360837,0.0800000000017462,0.0599999999976717,68.6100000000006
"0111","mid",100,127,42360838,0.069999999999709,0.0999999999985448,75.4499999999971
"0111","mid",100,128,42360839,0.0499999999956344,0.0999999999985448,81.260000000002
"0111","mid",100,129,42360840,0.0499999999956344,0.0900000000037835,75.3700000000026
"0111","mid",100,130,42360841,0.0499999999956344,0.0800000000017462,75.0500000000029
"0111","mid",100,131,42360842,0.0799999999944703,0.069999999999709,87.4100000000035
"0111","mid",100,132,42360843,0.069999999999709,0.0900000000037835,84.4700000000012
"0111","mid",100,133,42360844,0.0400000000008731,0.0800000000017462,80.1399999999994
"0111","mid",100,134,42360845,0.0600000000049477,0.0999999999985448,84.0699999999997
"0111","mid",100,135,42360846,0.0800000000017462,0.0599999999976717,82.8499999999985
"0111","mid",100,136,42360847,0.069999999999709,0.0800000000017462,72.3899999999994
"0111","mid",100,137,42360848,0.0499999999956344,0.0899999999965075,71.9300000000003
"0111","mid",100,138,42360849,0.0400000000008731,0.0900000000037835,77.8899999999994
"0111","mid",100,139,42360850,0.0499999999956344,0.0899999999965075,67.6500000000015
"0111","mid",100,140,42360851,0.0499999999956344,0.0999999999985448,74.5800000000017
"0111","mid",100,141,42360852,0.0599999999976717,0.0899999999965075,69.7000000000044
"0111","mid",100,142,42360853,0.069999999999709,0.0799999999944703,75.7200000000012
"0111","mid",100,143,42360854,0.0500000000029104,0.0800000000017462,79.2199999999939
"0111","mid",100,144,42360855,0.0800000000017462,0.0900000000037835,76.1500000000015
"0111","mid",100,145,42360856,0.0599999999976717,0.0999999999985448,72.3799999999974
"0111","mid",100,146,42360857,0.0499999999956344,0.0999999999985448,73.5699999999997
"0111","mid",100,147,42360858,0.0599999999976717,0.0800000000017462,68.25
"0111","mid",100,148,42360859,0.0500000000029104,0.0899999999965075,79.510000000002
"0111","mid",100,149,42360860,0.069999999999709,0.069999999999709,72.3799999999974
"0111","mid",100,150,42360861,0.11,0.75,80.72
"0111","mid",100,151,42360862,0.0800000000000125,0.129999999999995,77.06
"0111","mid",100,152,42360863,0.0699999999999932,0.0600000000000023,82.7
"0111","mid",100,153,42360864,0.0799999999999841,0.120000000000005,98.11
"0111","mid",100,154,42360865,0.0600000000000023,0.0799999999999841,86.47
"0111","mid",100,155,42360866,0.0600000000000023,0.1099999999999,87.89
"0111","mid",100,156,42360867,0.0600000000000591,0.0899999999999181,85.66
"0111","mid",100,157,42360868,0.0600000000000591,0.07000000000005,84.55
"0111","mid",100,158,42360869,0.0600000000000591,0.0799999999999272,87.02
"0111","mid",100,159,42360870,0.0800000000000409,0.110000000000014,95.9300000000001
"0111","mid",100,160,42360871,0.0600000000000591,0.139999999999986,79.41
"0111","mid",100,161,42360872,0.0599999999999454,0.0899999999999181,92.75
"0111","mid",100,162,42360873,0.0299999999999727,0.0899999999999181,75.8900000000001
"0111","mid",100,163,42360874,0.0699999999999363,0.1099999999999,83.97
"0111","mid",100,164,42360875,0.0700000000001637,0.0900000000001455,93.1399999999999
"0111","mid",100,165,42360876,0.0799999999999272,0.110000000000127,85.3399999999999
"0111","mid",100,166,42360877,0.0399999999999636,0.110000000000127,94.1799999999998
"0111","mid",100,167,42360878,0.0599999999999454,0.0899999999999181,86.1800000000001
"0111","mid",100,168,42360879,0.0799999999999272,0.1099999999999,85.79
"0111","mid",100,169,42360880,0.0599999999999454,0.0900000000001455,87.3000000000002
"0111","mid",100,170,42360881,0.0499999999999545,0.110000000000127,86.26
"0111","mid",100,171,42360882,0.0600000000001728,0.100000000000136,84.4499999999998
"0111","mid",100,172,42360883,0.0699999999999363,0.0999999999999091,82.25
"0111","mid",100,173,42360884,0.0599999999999454,0.080000000000382,92.6300000000001
"0111","mid",100,174,42360885,0.0599999999999454,0.120000000000346,86.4699999999998
"0111","mid",100,175,42360886,0.0299999999997453,0.0900000000001455,85.2799999999997
"0111","mid",100,176,42360887,0.0599999999999454,0.0899999999996908,95.8899999999999
"0111","mid",100,177,42360888,0.0700000000001637,0.069999999999709,76.71
"0111","mid",100,178,42360889,0.0799999999999272,0.0999999999999091,90.5299999999997
"0111","mid",100,179,42360890,0.0599999999999454,0.109999999999673,79.0100000000002
"0111","mid",100,180,42360891,0.0700000000001637,0.0799999999999272,86.9200000000001
"0111","mid",100,181,42360892,0.0799999999999272,0.0999999999999091,88.1599999999999
"0111","mid",100,182,42360893,0.0700000000001637,0.0900000000001455,78.9299999999998
"0111","mid",100,183,42360894,0.0300000000002001,0.130000000000109,88.2199999999998
"0111","mid",100,184,42360895,0.0599999999999454,0.110000000000127,83.9400000000001
"0111","mid",100,185,42360896,0.0499999999997272,0.0900000000001455,97.0999999999999
"0111","mid",100,186,42360897,0.0399999999999636,0.0799999999999272,84.0099999999998
"0111","mid",100,187,42360898,0.0799999999999272,0.110000000000127,90.3300000000004
"0111","mid",100,188,42360899,0.0599999999999454,0.109999999999673,83.4400000000001
"0111","mid",100,189,42360900,0.0599999999999454,0.0900000000001455,79.9000000000001
"0111","mid",100,190,42360901,0.0499999999997272,0.110000000000127,82.1299999999997
"0111","mid",100,191,42360902,0.0599999999999454,0.0900000000001455,88.1399999999999
"0111","mid",100,192,42360903,0.0500000000001819,0.110000000000127,85.7600000000002
"0111","mid",100,193,42360904,0.0599999999999454,0.130000000000109,82.0799999999999
"0111","mid",100,194,42360905,0.069999999999709,0.110000000000127,81.6300000000001
"0111","mid",100,195,42360906,0.0599999999999454,0.0999999999999091,98.1700000000001
"0111","mid",100,196,42360907,0.0399999999999636,0.0899999999996908,81.3299999999999
"0111","mid",100,197,42360908,0.0700000000001637,0.109999999999673,76.8099999999999
"0111","mid",100,198,42360909,0.0399999999999636,0.069999999999709,85.3200000000006
"0111","mid",100,199,42360910,0.069999999999709,0.100000000000364,86.5799999999999
"0111","mid",100,200,42360911,0.069999999999709,0.0900000000001455,86.0199999999995
"0111","mid",100,201,42360912,0.0599999999994907,0.109999999999673,86.8900000000003
"0111","mid",100,202,42360913,0.0599999999994907,0.109999999999673,79.1100000000006
"0111","mid",100,203,42360914,0.0600000000004002,0.109999999999673,84.3000000000002
"0111","mid",100,204,42360915,0.0600000000004002,0.110000000000582,81.7699999999995
"0111","mid",100,205,42360916,0.0700000000006185,0.0999999999994543,83.8299999999999
"0111","mid",100,206,42360917,0.0600000000004002,0.0900000000001455,83.9399999999996
"0111","mid",100,207,42360918,0.0399999999999636,0.0900000000001455,92.0799999999999
"0111","mid",100,208,42360919,0.0700000000006185,0.0900000000001455,91.5200000000004
"0111","mid",100,209,42360920,0.0399999999999636,0.110000000000582,96.6099999999997
"0111","mid",100,210,42360921,0.0399999999999636,0.069999999999709,87.8800000000001
"0111","mid",100,211,42360922,0.0600000000004002,0.0900000000001455,77
"0111","mid",100,212,42360923,0.0799999999999272,0.110000000000582,94.25
"0111","mid",100,213,42360924,0.0799999999999272,0.109999999999673,100.3
"0111","mid",100,214,42360925,0.0599999999994907,0.1299999999992,93.46
"0111","mid",100,215,42360926,0.0399999999999636,0.0900000000001455,93.1400000000003
"0111","mid",100,216,42360927,0.0399999999999636,0.089999999999236,78.7799999999997
"0111","mid",100,217,42360928,0.0599999999994907,0.089999999999236,80.4700000000003
"0111","mid",100,218,42360929,0.069999999999709,0.110000000000582,86.3899999999994
"0111","mid",100,219,42360930,0.0500000000001819,0.109999999999673,78.6299999999992
"0111","mid",100,220,42360931,0.0599999999994907,0.109999999999673,85.0200000000004
"0111","mid",100,221,42360932,0.0900000000001455,0.109999999999673,96.5899999999992
"0111","mid",100,222,42360933,0.0600000000004002,0.110000000000582,79.1099999999997
"0111","mid",100,223,42360934,0.0599999999994907,0.0799999999999272,87.8000000000002
"0111","mid",100,224,42360935,0.069999999999709,0.0900000000001455,85.2199999999993
"0111","mid",100,225,42360936,0.0799999999999272,0.0799999999999272,80.4900000000007
"0111","mid",100,226,42360937,0.0600000000004002,0.0799999999999272,87.1700000000001
"0111","mid",100,227,42360938,0.0600000000004002,0.109999999999673,85.79
"0111","mid",100,228,42360939,0.069999999999709,0.109999999999673,96.1600000000008
"0111","mid",100,229,42360940,0.0799999999999272,0.0799999999999272,87.4200000000001
"0111","mid",100,230,42360941,0.0500000000001819,0.0900000000001455,99.2600000000002
"0111","mid",100,231,42360942,0.0600000000004002,0.110000000000582,90.8199999999997
"0111","mid",100,232,42360943,0.0599999999994907,0.110000000000582,94.6100000000006
"0111","mid",100,233,42360944,0.0399999999999636,0.0900000000001455,79.5200000000004
"0111","mid",100,234,42360945,0.0700000000006185,0.0799999999999272,94.2600000000002
"0111","mid",100,235,42360946,0.0799999999999272,0.0999999999994543,92.1200000000008
"0111","mid",100,236,42360947,0.0799999999999272,0.119999999999891,86.4700000000003
"0111","mid",100,237,42360948,0.0499999999992724,0.0900000000001455,102.61
"0111","mid",100,238,42360949,0.069999999999709,0.109999999999673,91.9499999999998
"0111","mid",100,239,42360950,0.0399999999999636,0.0799999999999272,87.1800000000003
"0111","mid",100,240,42360951,0.069999999999709,0.109999999999673,96.1700000000001
"0111","mid",100,241,42360952,0.0799999999999272,0.0600000000004002,81.9300000000003
"0111","mid",100,242,42360953,0.0600000000004002,0.0900000000001455,84.1599999999999
"0111","mid",100,243,42360954,0.0799999999999272,0.100000000000364,78.2200000000003
"0111","mid",100,244,42360955,0.0599999999994907,0.1299999999992,87.4799999999996
"0111","mid",100,245,42360956,0.069999999999709,0.0799999999999272,95.3700000000008
"0111","mid",100,246,42360957,0.0599999999994907,0.109999999998763,81.5100000000002
"0111","mid",100,247,42360958,0.0600000000013097,0.0900000000001455,88.8500000000004
"0111","mid",100,248,42360959,0.0600000000013097,0.1200000000008,86.8200000000015
"0111","mid",100,249,42360960,0.0299999999988358,0.0900000000001455,81.8500000000004
"0111","mid",100,250,42360961,0.0799999999999272,0.110000000000582,82.5
"0111","mid",100,251,42360962,0.0600000000013097,0.110000000000582,85.8899999999994
"0111","mid",100,252,42360963,0.0799999999999272,0.0900000000001455,77.0599999999995
"0111","mid",100,253,42360964,0.0399999999990541,0.109999999998763,86.4700000000012
"0111","mid",100,254,42360965,0.0599999999994907,0.100000000000364,88.3999999999996
"0111","mid",100,255,42360966,0.0499999999992724,0.109999999998763,91.6700000000001
"0111","mid",100,256,42360967,0.0800000000017462,0.110000000000582,87.4399999999987
"0111","mid",100,257,42360968,0.069999999999709,0.0600000000013097,82.5400000000009
"0111","mid",100,258,42360969,0.0499999999992724,0.0900000000001455,85.4200000000001
"0111","mid",100,259,42360970,0.069999999999709,0.0799999999999272,86.1000000000004
"0111","mid",100,260,42360971,0.0599999999994907,0.110000000000582,91.3599999999988
"0111","mid",100,261,42360972,0.069999999999709,0.100000000000364,84.6700000000001
"0111","mid",100,262,42360973,0.069999999999709,0.100000000000364,78.5300000000007
"0111","mid",100,263,42360974,0.0599999999994907,0.0899999999983265,85.8100000000013
"0111","mid",100,264,42360975,0.0799999999999272,0.0900000000001455,89.1399999999994
"0111","mid",100,265,42360976,0.0799999999999272,0.0999999999985448,85.6100000000006
"0111","mid",100,266,42360977,0.069999999999709,0.110000000000582,81.9200000000001
"0111","mid",100,267,42360978,0.0599999999994907,0.0799999999999272,86.1700000000001
"0111","mid",100,268,42360979,0.0599999999994907,0.0900000000001455,91.4799999999996
"0111","mid",100,269,42360980,0.0799999999999272,0.109999999998763,82.880000000001
"0111","mid",100,270,42360981,0.0300000000006548,0.109999999998763,93.0399999999991
"0111","mid",100,271,42360982,0.070000000001528,0.069999999999709,78.25
"0111","mid",100,272,42360983,0.069999999999709,0.110000000000582,95.2299999999996
"0111","mid",100,273,42360984,0.0399999999990541,0.100000000000364,77.8400000000001
"0111","mid",100,274,42360985,0.0600000000013097,0.100000000000364,84.4399999999987
"0111","mid",100,275,42360986,0.0599999999994907,0.100000000000364,84.25
"0111","mid",100,276,42360987,0.0400000000008731,0.0599999999994907,85.2399999999998
"0111","mid",100,277,42360988,0.0799999999999272,0.0900000000001455,89.5
"0111","mid",100,278,42360989,0.0599999999994907,0.0599999999994907,86.4400000000005
"0111","mid",100,279,42360990,0.0799999999999272,0.110000000000582,85.7700000000004
"0111","mid",100,280,42360991,0.069999999999709,0.100000000000364,84.8299999999999
"0111","mid",100,281,42360992,0.0799999999999272,0.1299999999992,86.3900000000012
"0111","mid",100,282,42360993,0.070000000001528,0.0900000000001455,82.0399999999991
"0111","mid",100,283,42360994,0.0799999999999272,0.0900000000001455,91.75
"0111","mid",100,284,42360995,0.0499999999992724,0.110000000000582,76.7799999999988
"0111","mid",100,285,42360996,0.069999999999709,0.0799999999999272,83.3600000000006
"0111","mid",100,286,42360997,0.0599999999994907,0.0900000000001455,90.1800000000003
"0111","mid",100,287,42360998,0.0600000000013097,0.110000000000582,85
"0111","mid",100,288,42360999,0.0499999999992724,0.109999999998763,88.3900000000012
"0111","mid",100,289,42361000,0.0599999999994907,0.109999999998763,81.6400000000012
"0111","mid",100,290,42361001,0.0500000000010914,0.100000000000364,81
"0111","mid",100,291,42361002,0.069999999999709,0.069999999999709,86.8299999999999
"0111","mid",100,292,42361003,0.0499999999992724,0.110000000000582,89.2799999999988
"0111","mid",100,293,42361004,0.069999999999709,0.0900000000001455,84.6599999999999
"0111","mid",100,294,42361005,0.0400000000008731,0.0900000000001455,94.8299999999999
"0111","mid",100,295,42361006,0.0600000000013097,0.109999999998763,91.4599999999991
"0111","mid",100,296,42361007,0.0599999999994907,0.069999999999709,88.5900000000001
"0111","mid",100,297,42361008,0.0599999999994907,0.0900000000001455,100.34
"0111","mid",100,298,42361009,0.0799999999999272,0.100000000000364,84.6299999999992
"0111","mid",100,299,42361010,0.0599999999994907,0.100000000000364,89.5300000000007
"0111","mid",100,300,42361011,0.0799999999999272,0.109999999998763,90.7300000000014
"1011","mid",100,1,52360712,0.0599999999994907,0.1299999999992,102.639999999999
"1011","mid",100,2,52360713,0.0799999999999272,0.0799999999999272,100.58
"1011","mid",100,3,52360714,0.0599999999994907,0.0799999999999272,96.1900000000005
"1011","mid",100,4,52360715,0.0500000000010914,0.110000000000582,90.5299999999988
"1011","mid",100,5,52360716,0.0399999999990541,0.110000000000582,90.2399999999998
"1011","mid",100,6,52360717,0.0500000000010914,0.109999999998763,88.6400000000012
"1011","mid",100,7,52360718,0.070000000001528,0.0900000000001455,101.58
"1011","mid",100,8,52360719,0.0400000000008731,0.109999999998763,88.25
"1011","mid",100,9,52360720,0.0599999999994907,0.0900000000001455,81.3299999999999
"1011","mid",100,10,52360721,0.0500000000010914,0.0900000000001455,88.7600000000002
"1011","mid",100,11,52360722,0.0799999999999272,0.100000000000364,92.1699999999983
"1011","mid",100,12,52360723,0.0600000000013097,0.110000000000582,90.0400000000009
"1011","mid",100,13,52360724,0.0300000000006548,0.1200000000008,105.449999999999
"1011","mid",100,14,52360725,0.0599999999994907,0.110000000000582,85.5400000000009
"1011","mid",100,15,52360726,0.0600000000013097,0.1299999999992,98.9099999999999
"1011","mid",100,16,52360727,0.0599999999994907,0.100000000000364,95.7799999999988
"1011","mid",100,17,52360728,0.069999999999709,0.100000000000364,89.1900000000005
"1011","mid",100,18,52360729,0.0799999999999272,0.110000000000582,87.8900000000012
"1011","mid",100,19,52360730,0.069999999999709,0.110000000000582,88.9899999999998
"1011","mid",100,20,52360731,0.069999999999709,0.119999999998981,91.1700000000001
"1011","mid",100,21,52360732,0.0399999999990541,0.110000000000582,99.6499999999996
"1011","mid",100,22,52360733,0.0599999999994907,0.109999999998763,88.5499999999993
"1011","mid",100,23,52360734,0.0599999999994907,0.0899999999983265,86.0300000000007
"1011","mid",100,24,52360735,0.0600000000013097,0.110000000000582,90.9099999999999
"1011","mid",100,25,52360736,0.0300000000006548,0.110000000000582,97.2999999999993
"1011","mid",100,26,52360737,0.0599999999994907,0.0900000000001455,84.2800000000007
"1011","mid",100,27,52360738,0.0599999999994907,0.110000000000582,91.6900000000005
"1011","mid",100,28,52360739,0.069999999999709,0.100000000000364,91.7799999999988
"1011","mid",100,29,52360740,0.0800000000017462,0.100000000000364,89.7900000000009
"1011","mid",100,30,52360741,0.0600000000013097,0.110000000000582,82.2799999999988
"1011","mid",100,31,52360742,0.0799999999999272,0.100000000000364,101.530000000001
"1011","mid",100,32,52360743,0.0300000000006548,0.069999999999709,91.6100000000006
"1011","mid",100,33,52360744,0.0799999999999272,0.109999999998763,95.9699999999993
"1011","mid",100,34,52360745,0.0600000000013097,0.119999999998981,91.0699999999979
"1011","mid",100,35,52360746,0.0599999999976717,0.119999999998981,92.9700000000012
"1011","mid",100,36,52360747,0.0600000000013097,0.110000000000582,99.9000000000015
"1011","mid",100,37,52360748,0.0600000000013097,0.0900000000001455,92.8300000000017
"1011","mid",100,38,52360749,0.069999999999709,0.119999999998981,86.2299999999996
"1011","mid",100,39,52360750,0.0299999999988358,0.0999999999985448,93.75
"1011","mid",100,40,52360751,0.150000000001455,0.0900000000001455,101.689999999999
"1011","mid",100,41,52360752,0.0499999999992724,0.069999999999709,81.8100000000013
"1011","mid",100,42,52360753,0.0600000000013097,0.109999999996944,96.3499999999985
"1011","mid",100,43,52360754,0.0299999999988358,0.0999999999985448,95.6999999999971
"1011","mid",100,44,52360755,0.0600000000013097,0.109999999996944,84.6899999999987
"1011","mid",100,45,52360756,0.0299999999988358,0.0900000000001455,97.0699999999997
"1011","mid",100,46,52360757,0.0500000000029104,0.0600000000013097,88.0900000000001
"1011","mid",100,47,52360758,0.0800000000017462,0.100000000002183,85.1499999999978
"1011","mid",100,48,52360759,0.0299999999988358,0.110000000000582,84.3999999999978
"1011","mid",100,49,52360760,0.0400000000008731,0.0800000000017462,97.1699999999983
"1011","mid",100,50,52360761,0.0799999999981083,0.110000000000582,83.0699999999997
"1011","mid",100,51,52360762,0.0499999999992724,0.0900000000001455,88.3600000000006
"1011","mid",100,52,52360763,0.0600000000013097,0.0999999999985448,96.8600000000006
"1011","mid",100,53,52360764,0.0599999999976717,0.0900000000001455,87.0200000000004
"1011","mid",100,54,52360765,0.0600000000013097,0.130000000001019,97.0900000000001
"1011","mid",100,55,52360766,0.0499999999992724,0.110000000000582,86.7700000000004
"1011","mid",100,56,52360767,0.0499999999992724,0.100000000002183,95.2099999999991
"1011","mid",100,57,52360768,0.0400000000008731,0.110000000000582,103.689999999999
"1011","mid",100,58,52360769,0.0800000000017462,0.0999999999985448,93.369999999999
"1011","mid",100,59,52360770,0.0599999999976717,0.0900000000001455,83.9200000000019
"1011","mid",100,60,52360771,0.0600000000013097,0.110000000000582,91.2999999999993
"1011","mid",100,61,52360772,0.0800000000017462,0.0999999999985448,97.4400000000023
"1011","mid",100,62,52360773,0.0600000000013097,0.0999999999985448,85.9399999999987
"1011","mid",100,63,52360774,0.0400000000008731,0.0800000000017462,82.5
"1011","mid",100,64,52360775,0.069999999999709,0.100000000002183,93.6800000000003
"1011","mid",100,65,52360776,0.0800000000017462,0.130000000001019,85.869999999999
"1011","mid",100,66,52360777,0.069999999999709,0.100000000002183,86.0599999999977
"1011","mid",100,67,52360778,0.0399999999972351,0.0900000000001455,99.1900000000023
"1011","mid",100,68,52360779,0.069999999999709,0.109999999996944,92.5600000000013
"1011","mid",100,69,52360780,0.069999999999709,0.0900000000001455,94.0499999999993
"1011","mid",100,70,52360781,0.0499999999992724,0.119999999998981,89.7200000000012
"1011","mid",100,71,52360782,0.069999999999709,0.0900000000001455,103.200000000001
"1011","mid",100,72,52360783,0.0600000000013097,0.110000000000582,95.6100000000006
"1011","mid",100,73,52360784,0.0799999999981083,0.110000000000582,87.7000000000007
"1011","mid",100,74,52360785,0.0499999999992724,0.0900000000001455,101.060000000001
"1011","mid",100,75,52360786,0.0300000000024738,0.110000000000582,103.890000000003
"1011","mid",100,76,52360787,0.0400000000008731,0.0800000000017462,101.41
"1011","mid",100,77,52360788,0.069999999999709,0.129999999997381,95.4300000000003
"1011","mid",100,78,52360789,0.0599999999976717,0.0900000000001455,89.0400000000009
"1011","mid",100,79,52360790,0.0800000000017462,0.130000000001019,108.279999999999
"1011","mid",100,80,52360791,0.0600000000013097,0.130000000001019,97.3600000000006
"1011","mid",100,81,52360792,0.0499999999992724,0.110000000000582,93.6700000000019
"1011","mid",100,82,52360793,0.069999999999709,0.0999999999985448,106.279999999999
"1011","mid",100,83,52360794,0.069999999999709,0.119999999998981,95.9300000000003
"1011","mid",100,84,52360795,0.0800000000017462,0.119999999998981,91.4199999999983
"1011","mid",100,85,52360796,0.0599999999976717,0.0799999999981083,102.080000000002
"1011","mid",100,86,52360797,0.0600000000013097,0.119999999998981,96.989999999998
"1011","mid",100,87,52360798,0.0600000000013097,0.0900000000001455,94.0200000000004
"1011","mid",100,88,52360799,0.0800000000017462,0.0999999999985448,91.3600000000006
"1011","mid",100,89,52360800,0.0799999999981083,0.130000000001019,88.7200000000012
"1011","mid",100,90,52360801,0.069999999999709,0.0900000000001455,96.2900000000009
"1011","mid",100,91,52360802,0.069999999999709,0.110000000000582,90.1400000000031
"1011","mid",100,92,52360803,0.0799999999981083,0.110000000000582,101.529999999999
"1011","mid",100,93,52360804,0.0600000000013097,0.120000000002619,92.2099999999991
"1011","mid",100,94,52360805,0.0799999999981083,0.0999999999985448,99.0600000000013
"1011","mid",100,95,52360806,0.0600000000013097,0.0900000000001455,101.279999999999
"1011","mid",100,96,52360807,0.069999999999709,0.110000000000582,95.9900000000016
"1011","mid",100,97,52360808,0.0600000000013097,0.0900000000001455,93.2599999999984
"1011","mid",100,98,52360809,0.0800000000017462,0.130000000001019,94.1899999999987
"1011","mid",100,99,52360810,0.0600000000013097,0.110000000000582,95.4599999999991
"1011","mid",100,100,52360811,0.0600000000013097,0.0600000000013097,93.4700000000012
"1011","mid",100,101,52360812,0.0599999999976717,0.110000000000582,91.9799999999996
"1011","mid",100,102,52360813,0.069999999999709,0.0999999999985448,90.8100000000013
"1011","mid",100,103,52360814,0.0599999999976717,0.109999999996944,91.2999999999993
"1011","mid",100,104,52360815,0.0499999999992724,0.109999999996944,97.1399999999994
"1011","mid",100,105,52360816,0.0400000000008731,0.129999999997381,97.9399999999987
"1011","mid",100,106,52360817,0.0600000000013097,0.0999999999985448,95.7799999999988
"1011","mid",100,107,52360818,0.069999999999709,0.0999999999985448,92.4700000000012
"1011","mid",100,108,52360819,0.0599999999976717,0.109999999996944,90.9500000000007
"1011","mid",100,109,52360820,0.0599999999976717,0.0799999999981083,85.380000000001
"1011","mid",100,110,52360821,0.0600000000013097,0.0900000000001455,97.2200000000012
"1011","mid",100,111,52360822,0.0499999999992724,0.100000000002183,80.4400000000023
"1011","mid",100,112,52360823,0.0600000000013097,0.0900000000001455,95.8900000000031
"1011","mid",100,113,52360824,0.069999999999709,0.110000000000582,91.5799999999981
"1011","mid",100,114,52360825,0.0599999999976717,0.120000000002619,92.8199999999997
"1011","mid",100,115,52360826,0.0400000000008731,0.110000000000582,89.1399999999994
"1011","mid",100,116,52360827,0.0600000000013097,0.130000000001019,84.9199999999983
"1011","mid",100,117,52360828,0.0600000000013097,0.109999999996944,98.380000000001
"1011","mid",100,118,52360829,0.0499999999992724,0.0900000000001455,87.7599999999984
"1011","mid",100,119,52360830,0.069999999999709,0.130000000001019,94.9200000000019
"1011","mid",100,120,52360831,0.0600000000013097,0.119999999998981,104.709999999999
"1011","mid",100,121,52360832,0.0499999999992724,0.0799999999981083,97.4599999999991
"1011","mid",100,122,52360833,0.0299999999988358,0.0799999999981083,99.6500000000015
"1011","mid",100,123,52360834,0.0599999999976717,0.100000000002183,93.1399999999994
"1011","mid",100,124,52360835,0.0600000000013097,0.0900000000001455,92.630000000001
"1011","mid",100,125,52360836,0.0800000000017462,0.110000000000582,94.7400000000016
"1011","mid",100,126,52360837,0.0600000000013097,0.0999999999985448,97.4099999999999
"1011","mid",100,127,52360838,0.0600000000013097,0.0999999999985448,95.3300000000017
"1011","mid",100,128,52360839,0.0800000000017462,0.0900000000001455,95.4500000000007
"1011","mid",100,129,52360840,0.0600000000013097,0.119999999998981,96.8299999999981
"1011","mid",100,130,52360841,0.0799999999981083,0.0800000000017462,96.4399999999987
"1011","mid",100,131,52360842,0.0800000000017462,0.100000000002183,90.9200000000019
"1011","mid",100,132,52360843,0.069999999999709,0.0800000000017462,83.75
"1011","mid",100,133,52360844,0.0800000000017462,0.0900000000001455,110.560000000001
"1011","mid",100,134,52360845,0.0499999999992724,0.0999999999985448,93.5200000000004
"1011","mid",100,135,52360846,0.0800000000017462,0.0799999999981083,95.0500000000029
"1011","mid",100,136,52360847,0.069999999999709,0.0900000000001455,88.0300000000025
"1011","mid",100,137,52360848,0.069999999999709,0.0999999999985448,87.2299999999996
"1011","mid",100,138,52360849,0.0600000000013097,0.0900000000001455,79.7199999999975
"1011","mid",100,139,52360850,0.0999999999985448,0.110000000000582,96.4700000000012
"1011","mid",100,140,52360851,0.0600000000013097,0.0999999999985448,98.4099999999999
"1011","mid",100,141,52360852,0.0600000000013097,0.119999999998981,94.119999999999
"1011","mid",100,142,52360853,0.069999999999709,0.0999999999985448,89.8300000000017
"1011","mid",100,143,52360854,0.0799999999981083,0.110000000000582,94.0400000000009
"1011","mid",100,144,52360855,0.069999999999709,0.0900000000001455,105.57
"1011","mid",100,145,52360856,0.0800000000017462,0.139999999999418,94.489999999998
"1011","mid",100,146,52360857,0.0499999999992724,0.0900000000001455,97.7799999999988
"1011","mid",100,147,52360858,0.069999999999709,0.0900000000001455,88.5600000000013
"1011","mid",100,148,52360859,0.0599999999976717,0.0900000000001455,93.3300000000017
"1011","mid",100,149,52360860,0.0799999999981083,0.0900000000001455,84.2000000000007
"1011","mid",100,150,52360861,0.069999999999709,0.110000000000582,92.5200000000004
"1011","mid",100,151,52360862,0.0400000000008731,0.0799999999981083,101.419999999998
"1011","mid",100,152,52360863,0.069999999999709,0.120000000002619,104.220000000001
"1011","mid",100,153,52360864,0.0500000000029104,0.0900000000001455,100.049999999999
"1011","mid",100,154,52360865,0.069999999999709,0.0999999999985448,106.900000000001
"1011","mid",100,155,52360866,0.0799999999981083,0.130000000001019,97.3499999999985
"1011","mid",100,156,52360867,0.0599999999976717,0.0800000000017462,99.3300000000017
"1011","mid",100,157,52360868,0.0800000000017462,0.0900000000001455,106.41
"1011","mid",100,158,52360869,0.0800000000017462,0.139999999999418,93.0299999999988
"1011","mid",100,159,52360870,0.0799999999981083,0.119999999998981,85.8400000000001
"1011","mid",100,160,52360871,0.0600000000013097,0.0900000000001455,95.2999999999993
"1011","mid",100,161,52360872,0.0499999999992724,0.0900000000001455,84.75
"1011","mid",100,162,52360873,0.0600000000013097,0.0999999999985448,96.0600000000013
"1011","mid",100,163,52360874,0.0800000000017462,0.0900000000001455,101.57
"1011","mid",100,164,52360875,0.0400000000008731,0.0599999999976717,95.9599999999991
"1011","mid",100,165,52360876,0.0799999999981083,0.109999999996944,95.2299999999996
"1011","mid",100,166,52360877,0.069999999999709,0.0900000000001455,86.1800000000003
"1011","mid",100,167,52360878,0.0600000000013097,0.109999999996944,97.8899999999994
"1011","mid",100,168,52360879,0.0800000000017462,0.0900000000001455,110.110000000001
"1011","mid",100,169,52360880,0.0800000000017462,0.159999999999854,98.6200000000026
"1011","mid",100,170,52360881,0.0600000000013097,0.0900000000001455,91.130000000001
"1011","mid",100,171,52360882,0.0600000000013097,0.110000000000582,98.4700000000012
"1011","mid",100,172,52360883,0.0499999999992724,0.109999999996944,96.0900000000001
"1011","mid",100,173,52360884,0.0599999999976717,0.139999999999418,91.5200000000004
"1011","mid",100,174,52360885,0.0800000000017462,0.110000000000582,98.3899999999994
"1011","mid",100,175,52360886,0.0600000000013097,0.100000000002183,87.9699999999975
"1011","mid",100,176,52360887,0.0799999999981083,0.0900000000001455,99.7799999999988
"1011","mid",100,177,52360888,0.0900000000001455,0.0999999999985448,90.8799999999974
"1011","mid",100,178,52360889,0.069999999999709,0.069999999999709,94.25
"1011","mid",100,179,52360890,0.0299999999988358,0.0900000000001455,98.8400000000001
"1011","mid",100,180,52360891,0.0900000000001455,0.110000000000582,103.030000000002
"1011","mid",100,181,52360892,0.0599999999976717,0.0800000000017462,90.1100000000006
"1011","mid",100,182,52360893,0.0599999999976717,0.0900000000001455,95.9799999999996
"1011","mid",100,183,52360894,0.0599999999976717,0.200000000000728,94.8600000000006
"1011","mid",100,184,52360895,0.0600000000013097,0.0900000000001455,106.740000000002
"1011","mid",100,185,52360896,0.0800000000017462,0.0800000000017462,94.8100000000013
"1011","mid",100,186,52360897,0.0400000000008731,0.0799999999981083,100.389999999999
"1011","mid",100,187,52360898,0.069999999999709,0.0800000000017462,97.0299999999988
"1011","mid",100,188,52360899,0.0600000000013097,0.119999999998981,88.6700000000019
"1011","mid",100,189,52360900,0.0799999999981083,0.0999999999985448,105.720000000001
"1011","mid",100,190,52360901,0.0799999999981083,0.139999999999418,89
"1011","mid",100,191,52360902,0.069999999999709,0.109999999996944,98.3300000000017
"1011","mid",100,192,52360903,0.100000000002183,0.100000000002183,95.3099999999977
"1011","mid",100,193,52360904,0.069999999999709,0.110000000000582,95.2799999999988
"1011","mid",100,194,52360905,0.0600000000013097,0.110000000000582,95.8600000000006
"1011","mid",100,195,52360906,0.0599999999976717,0.110000000000582,101.829999999998
"1011","mid",100,196,52360907,0.069999999999709,0.110000000000582,96.2699999999968
"1011","mid",100,197,52360908,0.0499999999992724,0.110000000000582,93.489999999998
"1011","mid",100,198,52360909,0.0800000000017462,0.110000000000582,103.009999999998
"1011","mid",100,199,52360910,0.0600000000013097,0.0900000000001455,97.4799999999996
"1011","mid",100,200,52360911,0.0299999999988358,0.0999999999985448,90.1200000000026
"1011","mid",100,201,52360912,0.069999999999709,0.110000000000582,96.75
"1011","mid",100,202,52360913,0.069999999999709,0.100000000002183,97.1100000000006
"1011","mid",100,203,52360914,0.0600000000013097,0.110000000000582,95.630000000001
"1011","mid",100,204,52360915,0.0600000000013097,0.109999999996944,100
"1011","mid",100,205,52360916,0.0300000000024738,0.069999999999709,91.7199999999975
"1011","mid",100,206,52360917,0.0799999999981083,0.110000000000582,90.7000000000044
"1011","mid",100,207,52360918,0.0999999999985448,0.0800000000017462,97.0699999999997
"1011","mid",100,208,52360919,0.0599999999976717,0.0900000000037835,99.4800000000032
"1011","mid",100,209,52360920,0.0599999999976717,0.0899999999965075,98.9200000000055
"1011","mid",100,210,52360921,0.0599999999976717,0.129999999997381,92.2799999999988
"1011","mid",100,211,52360922,0.0599999999976717,0.0600000000049477,88.6100000000006
"1011","mid",100,212,52360923,0.0299999999988358,0.109999999993306,98.6399999999994
"1011","mid",100,213,52360924,0.0799999999944703,0.110000000000582,88.4800000000032
"1011","mid",100,214,52360925,0.0299999999988358,0.110000000000582,89.6399999999994
"1011","mid",100,215,52360926,0.069999999999709,0.110000000000582,102.090000000004
"1011","mid",100,216,52360927,0.0800000000017462,0.0900000000037835,93.7000000000044
"1011","mid",100,217,52360928,0.069999999999709,0.110000000000582,88.0199999999968
"1011","mid",100,218,52360929,0.069999999999709,0.110000000000582,92.6599999999962
"1011","mid",100,219,52360930,0.069999999999709,0.120000000002619,94
"1011","mid",100,220,52360931,0.0600000000049477,0.110000000000582,83.2699999999968
"1011","mid",100,221,52360932,0.0600000000049477,0.0899999999965075,100.470000000001
"1011","mid",100,222,52360933,0.0599999999976717,0.129999999997381,88.4400000000023
"1011","mid",100,223,52360934,0.0599999999976717,0.110000000000582,93.3799999999974
"1011","mid",100,224,52360935,0.069999999999709,0.0999999999985448,90.4399999999951
"1011","mid",100,225,52360936,0.0400000000008731,0.110000000000582,87.2099999999991
"1011","mid",100,226,52360937,0.0499999999956344,0.0999999999985448,96.5299999999988
"1011","mid",100,227,52360938,0.069999999999709,0.110000000000582,101.029999999999
"1011","mid",100,228,52360939,0.0599999999976717,0.110000000000582,86.8099999999977
"1011","mid",100,229,52360940,0.0799999999944703,0.110000000000582,95.5600000000049
"1011","mid",100,230,52360941,0.069999999999709,0.110000000000582,91.1699999999983
"1011","mid",100,231,52360942,0.0800000000017462,0.0900000000037835,93.9199999999983
"1011","mid",100,232,52360943,0.0400000000008731,0.069999999999709,92.6299999999974
"1011","mid",100,233,52360944,0.0599999999976717,0.120000000002619,103.660000000003
"1011","mid",100,234,52360945,0.0600000000049477,0.110000000000582,90.9499999999971
"1011","mid",100,235,52360946,0.0800000000017462,0.110000000000582,85.7200000000012
"1011","mid",100,236,52360947,0.069999999999709,0.0999999999985448,94.3799999999974
"1011","mid",100,237,52360948,0.0400000000008731,0.0899999999965075,102.920000000006
"1011","mid",100,238,52360949,0.069999999999709,0.119999999995343,104.579999999994
"1011","mid",100,239,52360950,0.069999999999709,0.0999999999985448,87.2199999999939
"1011","mid",100,240,52360951,0.0599999999976717,0.110000000000582,90.4399999999951
"1011","mid",100,241,52360952,0.0599999999976717,0.0999999999985448,108.75
"1011","mid",100,242,52360953,0.0599999999976717,0.0599999999976717,93.6399999999994
"1011","mid",100,243,52360954,0.069999999999709,0.110000000000582,109.159999999996
"1011","mid",100,244,52360955,0.0299999999988358,0.110000000000582,92.9100000000035
"1011","mid",100,245,52360956,0.0599999999976717,0.110000000000582,97.9499999999971
"1011","mid",100,246,52360957,0.0800000000017462,0.110000000000582,86.4800000000032
"1011","mid",100,247,52360958,0.0600000000049477,0.110000000000582,96.1699999999983
"1011","mid",100,248,52360959,0.0599999999976717,0.129999999997381,98.3300000000017
"1011","mid",100,249,52360960,0.0400000000008731,0.0999999999985448,98.9599999999991
"1011","mid",100,250,52360961,0.069999999999709,0.0899999999965075,101.169999999998
"1011","mid",100,251,52360962,0.0599999999976717,0.129999999997381,98.6699999999983
"1011","mid",100,252,52360963,0.0799999999944703,0.0900000000037835,105.800000000003
"1011","mid",100,253,52360964,0.0599999999976717,0.0899999999965075,90.9000000000015
"1011","mid",100,254,52360965,0.0800000000017462,0.129999999997381,94.6100000000006
"1011","mid",100,255,52360966,0.069999999999709,0.110000000000582,90.75
"1011","mid",100,256,52360967,0.0599999999976717,0.120000000002619,92.5899999999965
"1011","mid",100,257,52360968,0.069999999999709,0.110000000000582,93.6900000000023
"1011","mid",100,258,52360969,0.0800000000017462,0.0999999999985448,99.7099999999991
"1011","mid",100,259,52360970,0.0400000000008731,0.120000000002619,86.3799999999974
"1011","mid",100,260,52360971,0.0599999999976717,0.120000000002619,103.080000000002
"1011","mid",100,261,52360972,0.0599999999976717,0.0900000000037835,88.9500000000044
"1011","mid",100,262,52360973,0.069999999999709,0.110000000000582,88.8700000000026
"1011","mid",100,263,52360974,0.0500000000029104,0.110000000000582,92.5899999999965
"1011","mid",100,264,52360975,0.0599999999976717,0.0899999999965075,87.8600000000006
"1011","mid",100,265,52360976,0.0500000000029104,0.110000000000582,93.25
"1011","mid",100,266,52360977,0.069999999999709,0.110000000000582,86.75
"1011","mid",100,267,52360978,0.0599999999976717,0.110000000000582,93.010000000002
"1011","mid",100,268,52360979,0.0799999999944703,0.110000000000582,92.9400000000023
"1011","mid",100,269,52360980,0.0599999999976717,0.110000000000582,85.5699999999997
"1011","mid",100,270,52360981,0.0800000000017462,0.0600000000049477,82.7799999999988
"1011","mid",100,271,52360982,0.0600000000049477,0.129999999997381,88.3099999999977
"1011","mid",100,272,52360983,0.069999999999709,0.0999999999985448,94.7000000000044
"1011","mid",100,273,52360984,0.0599999999976717,0.0999999999985448,92.2200000000012
"1011","mid",100,274,52360985,0.0800000000017462,0.129999999997381,89.8600000000006
"1011","mid",100,275,52360986,0.069999999999709,0.0999999999985448,92.8799999999974
"1011","mid",100,276,52360987,0.0499999999956344,0.110000000000582,95.5800000000017
"1011","mid",100,277,52360988,0.069999999999709,0.0799999999944703,83.3499999999985
"1011","mid",100,278,52360989,0.0499999999956344,0.0899999999965075,90.3000000000029
"1011","mid",100,279,52360990,0.0600000000049477,0.0999999999985448,100.989999999998
"1011","mid",100,280,52360991,0.0500000000029104,0.0899999999965075,97.5999999999985
"1011","mid",100,281,52360992,0.0500000000029104,0.0999999999985448,84.8100000000049
"1011","mid",100,282,52360993,0.0600000000049477,0.0899999999965075,79.1100000000006
"1011","mid",100,283,52360994,0.0500000000029104,0.0799999999944703,87.7300000000032
"1011","mid",100,284,52360995,0.0500000000029104,0.0800000000017462,86.1899999999951
"1011","mid",100,285,52360996,0.0599999999976717,0.110000000000582,81.1100000000006
"1011","mid",100,286,52360997,0.0499999999956344,0.0600000000049477,77.6200000000026
"1011","mid",100,287,52360998,0.0799999999944703,0.110000000000582,90.5600000000049
"1011","mid",100,288,52360999,0.0499999999956344,0.0999999999985448,75.6399999999994
"1011","mid",100,289,52361000,0.069999999999709,0.0899999999965075,73.3700000000026
"1011","mid",100,290,52361001,0.0500000000029104,0.0999999999985448,81.3000000000029
"1011","mid",100,291,52361002,0.0599999999976717,0.110000000000582,84.5599999999977
"1011","mid",100,292,52361003,0.0499999999956344,0.069999999999709,82.6599999999962
"1011","mid",100,293,52361004,0.0599999999976717,0.0999999999985448,82.5800000000017
"1011","mid",100,294,52361005,0.0400000000008731,0.0899999999965075,81.4700000000012
"1011","mid",100,295,52361006,0.0500000000029104,0.0999999999985448,96.0499999999956
"1011","mid",100,296,52361007,0.0599999999976717,0.110000000000582,84.5
"1011","mid",100,297,52361008,0.0500000000029104,0.0799999999944703,82.4700000000012
"1011","mid",100,298,52361009,0.0499999999956344,0.0999999999985448,88.2900000000009
"1011","mid",100,299,52361010,0.0600000000049477,0.0900000000037835,80.0799999999945
"1011","mid",100,300,52361011,0.0400000000008731,0.0900000000037835,82.010000000002
"1111","strong",100,1,33360712,0.11,0.780000000000001,105.17
"1111","strong",100,2,33360713,0.0699999999999932,0.189999999999998,116.09
"1111","strong",100,3,33360714,0.0600000000000023,0.170000000000016,103.97
"1111","strong",100,4,33360715,0.0600000000000023,0.170000000000016,101.06
"1111","strong",100,5,33360716,0.0799999999999841,0.139999999999986,115.56
"1111","strong",100,6,33360717,0.0799999999999272,0.159999999999968,107.02
"1111","strong",100,7,33360718,0.07000000000005,0.110000000000014,118.75
"1111","strong",100,8,33360719,0.0799999999999272,0.139999999999986,122.81
"1111","strong",100,9,33360720,0.0499999999999545,0.139999999999986,110.88
"1111","strong",100,10,33360721,0.0699999999999363,0.130000000000109,118.29
"1111","strong",100,11,33360722,0.0599999999999454,0.1400000000001,110.97
"1111","strong",100,12,33360723,0.0800000000001546,0.150000000000091,116.7
"1111","strong",100,13,33360724,0.0799999999999272,0.139999999999873,102.11
"1111","strong",100,14,33360725,0.100000000000136,0.139999999999873,117.33
"1111","strong",100,15,33360726,0.0800000000001546,0.120000000000118,114.2
"1111","strong",100,16,33360727,0.0899999999999181,0.139999999999873,116.75
"1111","strong",100,17,33360728,0.0800000000001546,0.110000000000127,108.72
"1111","strong",100,18,33360729,0.0899999999999181,0.180000000000064,109.95
"1111","strong",100,19,33360730,0.0599999999999454,0.159999999999854,118.03
"1111","strong",100,20,33360731,0.0700000000001637,0.120000000000346,112.48
"1111","strong",100,21,33360732,0.0899999999996908,0.179999999999836,128.5
"1111","strong",100,22,33360733,0.0599999999999454,0.140000000000327,101.86
"1111","strong",100,23,33360734,0.0399999999999636,0.139999999999873,117.29
"1111","strong",100,24,33360735,0.0799999999999272,0.149999999999636,124.58
"1111","strong",100,25,33360736,0.080000000000382,0.130000000000109,117.48
"1111","strong",100,26,33360737,0.0799999999999272,0.120000000000346,106.13
"1111","strong",100,27,33360738,0.0799999999999272,0.190000000000055,114.09
"1111","strong",100,28,33360739,0.0599999999999454,0.149999999999636,109.09
"1111","strong",100,29,33360740,0.0700000000001637,0.159999999999854,116.65
"1111","strong",100,30,33360741,0.0799999999999272,0.179999999999836,127.32
"1111","strong",100,31,33360742,0.0799999999999272,0.159999999999854,96.8000000000002
"1111","strong",100,32,33360743,0.0700000000001637,0.110000000000127,114.67
"1111","strong",100,33,33360744,0.0500000000001819,0.119999999999891,118.78
"1111","strong",100,34,33360745,0.080000000000382,0.150000000000091,115.62
"1111","strong",100,35,33360746,0.0900000000001455,0.139999999999873,118.3
"1111","strong",100,36,33360747,0.0799999999999272,0.159999999999854,106.97
"1111","strong",100,37,33360748,0.069999999999709,0.110000000000582,129.28
"1111","strong",100,38,33360749,0.0500000000001819,0.150000000000546,107.410000000001
"1111","strong",100,39,33360750,0.069999999999709,0.149999999999636,106.53
"1111","strong",100,40,33360751,0.0599999999994907,0.139999999999418,109.55
"1111","strong",100,41,33360752,0.0599999999994907,0.140000000000327,106.690000000001
"1111","strong",100,42,33360753,0.069999999999709,0.170000000000073,113.66
"1111","strong",100,43,33360754,0.069999999999709,0.119999999999891,111.26
"1111","strong",100,44,33360755,0.0600000000004002,0.150000000000546,119.889999999999
"1111","strong",100,45,33360756,0.0600000000004002,0.119999999999891,116.72
"1111","strong",100,46,33360757,0.0600000000004002,0.140000000000327,117.17
"1111","strong",100,47,33360758,0.0600000000004002,0.1299999999992,107.09
"1111","strong",100,48,33360759,0.0600000000004002,0.130000000000109,118.48
"1111","strong",100,49,33360760,0.0500000000001819,0.140000000000327,112.75
"1111","strong",100,50,33360761,0.0799999999999272,0.119999999999891,123
"1111","strong",100,51,33360762,0.0600000000004002,0.139999999999418,110.89
"1111","strong",100,52,33360763,0.0600000000004002,0.149999999999636,114.99
"1111","strong",100,53,33360764,0.0800000000008367,0.159999999999854,99.1400000000003
"1111","strong",100,54,33360765,0.0599999999994907,0.139999999999418,118.42
"1111","strong",100,55,33360766,0.069999999999709,0.110000000000582,121.75
"1111","strong",100,56,33360767,0.0799999999999272,0.119999999999891,105.36
"1111","strong",100,57,33360768,0.069999999999709,0.159999999999854,113.67
"1111","strong",100,58,33360769,0.069999999999709,0.159999999999854,123.070000000001
"1111","strong",100,59,33360770,0.0799999999999272,0.119999999999891,116.97
"1111","strong",100,60,33360771,0.0600000000004002,0.140000000000327,120.25
"1111","strong",100,61,33360772,0.0799999999999272,0.149999999999636,101.43
"1111","strong",100,62,33360773,0.0700000000006185,0.139999999999418,119.03
"1111","strong",100,63,33360774,0.0399999999999636,0.160000000000764,113.08
"1111","strong",100,64,33360775,0.0599999999994907,0.130000000000109,98.5300000000007
"1111","strong",100,65,33360776,0.0900000000001455,0.170000000000073,105.530000000001
"1111","strong",100,66,33360777,0.0500000000001819,0.140000000000327,108.81
"1111","strong",100,67,33360778,0.0600000000004002,0.150000000000546,120.54
"1111","strong",100,68,33360779,0.0500000000001819,0.149999999999636,104.05
"1111","strong",100,69,33360780,0.0600000000004002,0.220000000000255,105.110000000001
"1111","strong",100,70,33360781,0.0600000000004002,0.130000000000109,121.28
"1111","strong",100,71,33360782,0.0799999999999272,0.140000000000327,94.1400000000003
"1111","strong",100,72,33360783,0.0799999999999272,0.130000000001019,123.370000000001
"1111","strong",100,73,33360784,0.0499999999992724,0.209999999999127,112.190000000001
"1111","strong",100,74,33360785,0.100000000000364,0.159999999999854,100.570000000002
"1111","strong",100,75,33360786,0.069999999999709,0.130000000001019,101.73
"1111","strong",100,76,33360787,0.0300000000006548,0.149999999999636,120.75
"1111","strong",100,77,33360788,0.0599999999994907,0.140000000001237,104.609999999999
"1111","strong",100,78,33360789,0.0599999999994907,0.1200000000008,107.440000000001
"1111","strong",100,79,33360790,0.0900000000001455,0.159999999999854,131.92
"1111","strong",100,80,33360791,0.069999999999709,0.159999999999854,121.799999999999
"1111","strong",100,81,33360792,0.0799999999999272,0.140000000001237,96.1100000000006
"1111","strong",100,82,33360793,0.0499999999992724,0.159999999999854,123.5
"1111","strong",100,83,33360794,0.0600000000013097,0.159999999999854,107.009999999998
"1111","strong",100,84,33360795,0.069999999999709,0.159999999999854,121.1
"1111","strong",100,85,33360796,0.0599999999994907,0.1200000000008,123.639999999999
"1111","strong",100,86,33360797,0.0799999999999272,0.170000000000073,113.16
"1111","strong",100,87,33360798,0.069999999999709,0.140000000001237,98.7600000000002
"1111","strong",100,88,33360799,0.0799999999999272,0.170000000000073,104.860000000001
"1111","strong",100,89,33360800,0.069999999999709,0.140000000001237,109.639999999999
"1111","strong",100,90,33360801,0.0500000000010914,0.170000000000073,111.889999999999
"1111","strong",100,91,33360802,0.0599999999994907,0.139999999999418,130.33
"1111","strong",100,92,33360803,0.0599999999994907,0.159999999999854,122.17
"1111","strong",100,93,33360804,0.069999999999709,0.159999999999854,103.98
"1111","strong",100,94,33360805,0.069999999999709,0.140000000001237,113.93
"1111","strong",100,95,33360806,0.0500000000010914,0.159999999999854,125.689999999999
"1111","strong",100,96,33360807,0.0599999999994907,0.159999999999854,120.469999999999
"1111","strong",100,97,33360808,0.0799999999999272,0.149999999999636,109.210000000001
"1111","strong",100,98,33360809,0.0599999999994907,0.180000000000291,120.390000000001
"1111","strong",100,99,33360810,0.069999999999709,0.139999999999418,101.059999999999
"1111","strong",100,100,33360811,0.069999999999709,0.109999999998763,107.620000000001
"1111","strong",100,101,33360812,0.0799999999999272,0.180000000000291,127.57
"1111","strong",100,102,33360813,0.0599999999994907,0.119999999998981,112.49
"1111","strong",100,103,33360814,0.0799999999999272,0.110000000000582,98.5700000000015
"1111","strong",100,104,33360815,0.0799999999999272,0.160000000001673,118.309999999999
"1111","strong",100,105,33360816,0.0900000000001455,0.190000000000509,117.27
"1111","strong",100,106,33360817,0.069999999999709,0.170000000000073,112.09
"1111","strong",100,107,33360818,0.0299999999988358,0.1200000000008,128.75
"1111","strong",100,108,33360819,0.100000000000364,0.159999999999854,116
"1111","strong",100,109,33360820,0.0599999999994907,0.140000000001237,104.419999999998
"1111","strong",100,110,33360821,0.069999999999709,0.139999999999418,110.17
"1111","strong",100,111,33360822,0.070000000001528,0.130000000001019,110.92
"1111","strong",100,112,33360823,0.069999999999709,0.140000000001237,130.780000000001
"1111","strong",100,113,33360824,0.0799999999999272,0.139999999999418,102.030000000001
"1111","strong",100,114,33360825,0.0799999999999272,0.119999999998981,115.220000000001
"1111","strong",100,115,33360826,0.0599999999994907,0.160000000001673,111.839999999998
"1111","strong",100,116,33360827,0.0599999999994907,0.139999999999418,123.190000000001
"1111","strong",100,117,33360828,0.0599999999994907,0.160000000001673,119.440000000001
"1111","strong",100,118,33360829,0.0600000000013097,0.139999999999418,108.58
"1111","strong",100,119,33360830,0.0799999999999272,0.170000000000073,115
"1111","strong",100,120,33360831,0.069999999999709,0.149999999999636,116.799999999999
"1111","strong",100,121,33360832,0.0599999999994907,0.159999999999854,123.140000000001
"1111","strong",100,122,33360833,0.0600000000013097,0.139999999999418,106.35
"1111","strong",100,123,33360834,0.0799999999999272,0.1200000000008,109.110000000001
"1111","strong",100,124,33360835,0.069999999999709,0.149999999999636,118.74
"1111","strong",100,125,33360836,0.0399999999990541,0.159999999999854,115.059999999999
"1111","strong",100,126,33360837,0.0600000000013097,0.149999999999636,108.530000000001
"1111","strong",100,127,33360838,0.0599999999994907,0.159999999999854,117.880000000001
"1111","strong",100,128,33360839,0.0900000000001455,0.169999999998254,96.3099999999995
"1111","strong",100,129,33360840,0.070000000001528,0.130000000001019,104.880000000001
"1111","strong",100,130,33360841,0.0799999999999272,0.140000000001237,118.690000000001
"1111","strong",100,131,33360842,0.0599999999994907,0.159999999999854,95.869999999999
"1111","strong",100,132,33360843,0.069999999999709,0.140000000001237,113.41
"1111","strong",100,133,33360844,0.0500000000010914,0.159999999999854,103.98
"1111","strong",100,134,33360845,0.069999999999709,0.159999999999854,105.660000000002
"1111","strong",100,135,33360846,0.0599999999994907,0.139999999999418,119.299999999999
"1111","strong",100,136,33360847,0.100000000000364,0.170000000000073,112.219999999999
"1111","strong",100,137,33360848,0.069999999999709,0.130000000001019,125.769999999999
"1111","strong",100,138,33360849,0.0799999999999272,0.170000000000073,137.339999999998
"1111","strong",100,139,33360850,0.0599999999994907,0.159999999999854,117.76
"1111","strong",100,140,33360851,0.069999999999709,0.140000000001237,131.27
"1111","strong",100,141,33360852,0.0599999999994907,0.139999999999418,111.699999999999
"1111","strong",100,142,33360853,0.0600000000013097,0.149999999999636,124.889999999999
"1111","strong",100,143,33360854,0.0500000000010914,0.140000000001237,109.560000000001
"1111","strong",100,144,33360855,0.0800000000017462,0.169999999998254,117.279999999999
"1111","strong",100,145,33360856,0.0400000000008731,0.169999999998254,115.560000000001
"1111","strong",100,146,33360857,0.0600000000013097,0.170000000001892,109.439999999999
"1111","strong",100,147,33360858,0.0600000000013097,0.159999999999854,127.720000000001
"1111","strong",100,148,33360859,0.069999999999709,0.149999999997817,108.030000000002
"1111","strong",100,149,33360860,0.0600000000013097,0.150000000001455,108.889999999999
"1111","strong",100,150,33360861,0.0799999999981083,0.110000000000582,104.5
"1111","strong",100,151,33360862,0.0499999999992724,0.139999999999418,109.059999999998
"1111","strong",100,152,33360863,0.0900000000001455,0.159999999999854,115.049999999999
"1111","strong",100,153,33360864,0.0600000000013097,0.159999999999854,111.720000000001
"1111","strong",100,154,33360865,0.0800000000017462,0.150000000001455,97.5599999999977
"1111","strong",100,155,33360866,0.0600000000013097,0.149999999997817,109.889999999999
"1111","strong",100,156,33360867,0.0599999999976717,0.140000000003056,104.66
"1111","strong",100,157,33360868,0.0600000000013097,0.180000000000291,107.209999999999
"1111","strong",100,158,33360869,0.069999999999709,0.159999999999854,126.939999999999
"1111","strong",100,159,33360870,0.0599999999976717,0.150000000001455,108.450000000001
"1111","strong",100,160,33360871,0.0600000000013097,0.119999999998981,112.57
"1111","strong",100,161,33360872,0.0800000000017462,0.139999999999418,111.220000000001
"1111","strong",100,162,33360873,0.0799999999981083,0.139999999999418,107.720000000001
"1111","strong",100,163,33360874,0.0799999999981083,0.150000000001455,115.48
"1111","strong",100,164,33360875,0.0999999999985448,0.170000000001892,127.259999999998
"1111","strong",100,165,33360876,0.069999999999709,0.139999999999418,119.23
"1111","strong",100,166,33360877,0.0800000000017462,0.119999999998981,119.889999999999
"1111","strong",100,167,33360878,0.0600000000013097,0.169999999998254,105.75
"1111","strong",100,168,33360879,0.0599999999976717,0.139999999999418,113.41
"1111","strong",100,169,33360880,0.0600000000013097,0.139999999999418,115.889999999999
"1111","strong",100,170,33360881,0.0800000000017462,0.119999999998981,104.779999999999
"1111","strong",100,171,33360882,0.0799999999981083,0.140000000003056,105.98
"1111","strong",100,172,33360883,0.0600000000013097,0.159999999999854,115.110000000001
"1111","strong",100,173,33360884,0.0100000000020373,0.150000000001455,106.860000000001
"1111","strong",100,174,33360885,0.0599999999976717,0.170000000001892,131.380000000001
"1111","strong",100,175,33360886,0.0599999999976717,0.170000000001892,117.240000000002
"1111","strong",100,176,33360887,0.0400000000008731,0.110000000000582,132.27
"1111","strong",100,177,33360888,0.0299999999988358,0.150000000001455,125.419999999998
"1111","strong",100,178,33360889,0.0799999999981083,0.140000000003056,145.190000000002
"1111","strong",100,179,33360890,0.0600000000013097,0.159999999999854,105.849999999999
"1111","strong",100,180,33360891,0.0500000000029104,0.169999999998254,121.529999999999
"1111","strong",100,181,33360892,0.0600000000013097,0.170000000001892,118.470000000001
"1111","strong",100,182,33360893,0.0799999999981083,0.150000000001455,134.200000000001
"1111","strong",100,183,33360894,0.0900000000001455,0.159999999999854,117.16
"1111","strong",100,184,33360895,0.069999999999709,0.110000000000582,108.27
"1111","strong",100,185,33360896,0.0600000000013097,0.169999999998254,114.5
"1111","strong",100,186,33360897,0.0600000000013097,0.149999999997817,113.940000000002
"1111","strong",100,187,33360898,0.0600000000013097,0.149999999997817,115.720000000001
"1111","strong",100,188,33360899,0.0900000000001455,0.159999999999854,110.139999999999
"1111","strong",100,189,33360900,0.0599999999976717,0.159999999999854,115.310000000001
"1111","strong",100,190,33360901,0.0600000000013097,0.069999999999709,129.77
"1111","strong",100,191,33360902,0.069999999999709,0.119999999998981,108.84
"1111","strong",100,192,33360903,0.0600000000013097,0.140000000003056,108.07
"1111","strong",100,193,33360904,0.0799999999981083,0.150000000001455,126.25
"1111","strong",100,194,33360905,0.0799999999981083,0.139999999999418,121.780000000002
"1111","strong",100,195,33360906,0.0800000000017462,0.170000000001892,114.200000000001
"1111","strong",100,196,33360907,0.0600000000013097,0.110000000000582,113.700000000001
"1111","strong",100,197,33360908,0.0800000000017462,0.159999999999854,105.399999999998
"1111","strong",100,198,33360909,0.0599999999976717,0.139999999999418,126.170000000002
"1111","strong",100,199,33360910,0.069999999999709,0.140000000003056,106.049999999999
"1111","strong",100,200,33360911,0.0900000000001455,0.170000000001892,105.580000000002
"1111","strong",100,201,33360912,0.0800000000017462,0.169999999998254,124.609999999997
"1111","strong",100,202,33360913,0.0600000000013097,0.169999999998254,135.200000000001
"1111","strong",100,203,33360914,0.069999999999709,0.139999999999418,110.119999999999
"1111","strong",100,204,33360915,0.0999999999985448,0.150000000001455,124.52
"1111","strong",100,205,33360916,0.0599999999976717,0.159999999999854,125.639999999999
"1111","strong",100,206,33360917,0.0800000000017462,0.170000000001892,112.41
"1111","strong",100,207,33360918,0.0599999999976717,0.159999999999854,120.360000000001
"1111","strong",100,208,33360919,0.069999999999709,0.140000000003056,120.68
"1111","strong",100,209,33360920,0.0499999999992724,0.139999999999418,107.950000000001
"1111","strong",100,210,33360921,0.069999999999709,0.139999999999418,115.110000000001
"1111","strong",100,211,33360922,0.069999999999709,0.129999999997381,113.700000000001
"1111","strong",100,212,33360923,0.0800000000017462,0.150000000001455,105.060000000001
"1111","strong",100,213,33360924,0.0799999999981083,0.120000000002619,107.989999999998
"1111","strong",100,214,33360925,0.069999999999709,0.129999999997381,115.140000000003
"1111","strong",100,215,33360926,0.0600000000013097,0.119999999998981,117.549999999999
"1111","strong",100,216,33360927,0.069999999999709,0.139999999999418,131.790000000001
"1111","strong",100,217,33360928,0.100000000002183,0.119999999998981,134.949999999997
"1111","strong",100,218,33360929,0.069999999999709,0.159999999999854,117.389999999999
"1111","strong",100,219,33360930,0.0599999999976717,0.150000000001455,129.420000000002
"1111","strong",100,220,33360931,0.0600000000013097,0.159999999999854,109.130000000001
"1111","strong",100,221,33360932,0.0800000000017462,0.25,110.41
"1111","strong",100,222,33360933,0.0999999999985448,0.159999999999854,129.09
"1111","strong",100,223,33360934,0.069999999999709,0.170000000001892,109.400000000001
"1111","strong",100,224,33360935,0.0599999999976717,0.150000000001455,120.779999999999
"1111","strong",100,225,33360936,0.0800000000017462,0.159999999999854,112.420000000002
"1111","strong",100,226,33360937,0.0400000000008731,0.169999999998254,105.310000000001
"1111","strong",100,227,33360938,0.0499999999992724,0.159999999999854,110.82
"1111","strong",100,228,33360939,0.0799999999981083,0.119999999998981,118.099999999999
"1111","strong",100,229,33360940,0.069999999999709,0.150000000001455,112.709999999999
"1111","strong",100,230,33360941,0.0600000000013097,0.120000000002619,117.769999999997
"1111","strong",100,231,33360942,0.0799999999981083,0.119999999998981,125.419999999998
"1111","strong",100,232,33360943,0.069999999999709,0.170000000001892,122.419999999998
"1111","strong",100,233,33360944,0.0800000000017462,0.140000000003056,97.7999999999993
"1111","strong",100,234,33360945,0.0600000000013097,0.159999999999854,125.969999999998
"1111","strong",100,235,33360946,0.0799999999981083,0.120000000002619,125.880000000001
"1111","strong",100,236,33360947,0.0599999999976717,0.149999999997817,111.150000000001
"1111","strong",100,237,33360948,0.0600000000013097,0.140000000003056,118.669999999998
"1111","strong",100,238,33360949,0.0799999999981083,0.139999999999418,133.110000000001
"1111","strong",100,239,33360950,0.0800000000017462,0.159999999999854,115.529999999999
"1111","strong",100,240,33360951,0.0900000000001455,0.159999999999854,102.700000000001
"1111","strong",100,241,33360952,0.0799999999981083,0.159999999999854,117.400000000001
"1111","strong",100,242,33360953,0.0600000000013097,0.170000000001892,115.529999999999
"1111","strong",100,243,33360954,0.0499999999992724,0.110000000000582,135
"1111","strong",100,244,33360955,0.0900000000001455,0.190000000002328,119.799999999999
"1111","strong",100,245,33360956,0.0799999999981083,0.130000000001019,114.779999999999
"1111","strong",100,246,33360957,0.0999999999985448,0.139999999999418,120.669999999998
"1111","strong",100,247,33360958,0.0499999999992724,0.190000000002328,125.200000000001
"1111","strong",100,248,33360959,0.0799999999981083,0.240000000001601,117.73
"1111","strong",100,249,33360960,0.109999999996944,0.119999999998981,99.5199999999968
"1111","strong",100,250,33360961,0.0299999999988358,0.169999999998254,99.2999999999993
"1111","strong",100,251,33360962,0.0600000000013097,0.120000000002619,131
"1111","strong",100,252,33360963,0.0999999999985448,0.169999999998254,115.489999999998
"1111","strong",100,253,33360964,0.0600000000013097,0.150000000001455,117.389999999999
"1111","strong",100,254,33360965,0.0600000000013097,0.140000000003056,115.239999999998
"1111","strong",100,255,33360966,0.0900000000001455,0.159999999999854,129.389999999999
"1111","strong",100,256,33360967,0.0799999999981083,0.169999999998254,109.470000000001
"1111","strong",100,257,33360968,0.0600000000013097,0.159999999999854,122.669999999998
"1111","strong",100,258,33360969,0.0900000000001455,0.180000000000291,115.560000000001
"1111","strong",100,259,33360970,0.0999999999985448,0.139999999999418,116.989999999998
"1111","strong",100,260,33360971,0.0600000000013097,0.180000000000291,109.119999999999
"1111","strong",100,261,33360972,0.0599999999976717,0.159999999999854,120.230000000003
"1111","strong",100,262,33360973,0.0600000000013097,0.139999999999418,116.82
"1111","strong",100,263,33360974,0.0999999999985448,0.220000000001164,116.720000000001
"1111","strong",100,264,33360975,0.0799999999981083,0.139999999999418,114.34
"1111","strong",100,265,33360976,0.0800000000017462,0.139999999999418,106.25
"1111","strong",100,266,33360977,0.0600000000013097,0.0900000000001455,127.610000000001
"1111","strong",100,267,33360978,0.0499999999992724,0.130000000001019,126.169999999998
"1111","strong",100,268,33360979,0.0900000000001455,0.219999999997526,110.75
"1111","strong",100,269,33360980,0.0900000000001455,0.169999999998254,118.540000000001
"1111","strong",100,270,33360981,0.069999999999709,0.200000000000728,134.880000000001
"1111","strong",100,271,33360982,0.0499999999992724,0.129999999997381,122.98
"1111","strong",100,272,33360983,0.0299999999988358,0.119999999998981,136.900000000001
"1111","strong",100,273,33360984,0.100000000002183,0.110000000000582,110.360000000001
"1111","strong",100,274,33360985,0.0499999999992724,0.139999999999418,104.360000000001
"1111","strong",100,275,33360986,0.0600000000013097,0.18999999999869,108.25
"1111","strong",100,276,33360987,0.0800000000017462,0.159999999999854,106.220000000001
"1111","strong",100,277,33360988,0.069999999999709,0.169999999998254,110.629999999997
"1111","strong",100,278,33360989,0.0499999999992724,0.159999999999854,112.75
"1111","strong",100,279,33360990,0.0799999999981083,0.140000000003056,102.799999999999
"1111","strong",100,280,33360991,0.0799999999981083,0.139999999999418,117.489999999998
"1111","strong",100,281,33360992,0.069999999999709,0.139999999999418,107.52
"1111","strong",100,282,33360993,0.0600000000013097,0.180000000000291,120.009999999998
"1111","strong",100,283,33360994,0.069999999999709,0.150000000001455,106.890000000003
"1111","strong",100,284,33360995,0.069999999999709,0.110000000000582,90.8300000000017
"1111","strong",100,285,33360996,0.0599999999976717,0.120000000002619,135.760000000002
"1111","strong",100,286,33360997,0.069999999999709,0.120000000002619,108.129999999997
"1111","strong",100,287,33360998,0.0499999999956344,0.159999999996217,111.560000000005
"1111","strong",100,288,33360999,0.0800000000017462,0.140000000006694,108.059999999998
"1111","strong",100,289,33361000,0.0900000000037835,0.120000000002619,101.139999999999
"1111","strong",100,290,33361001,0.0599999999976717,0.180000000000291,111.360000000001
"1111","strong",100,291,33361002,0.0599999999976717,0.140000000006694,122.220000000001
"1111","strong",100,292,33361003,0.069999999999709,0.150000000001455,102.360000000001
"1111","strong",100,293,33361004,0.0799999999944703,0.139999999999418,122.970000000001
"1111","strong",100,294,33361005,0.0600000000049477,0.160000000003492,131.400000000001
"1111","strong",100,295,33361006,0.0599999999976717,0.139999999999418,112.720000000001
"1111","strong",100,296,33361007,0.069999999999709,0.139999999999418,108.129999999997
"1111","strong",100,297,33361008,0.069999999999709,0.139999999999418,103.349999999999
"1111","strong",100,298,33361009,0.069999999999709,0.129999999997381,112.340000000004
"1111","strong",100,299,33361010,0.069999999999709,0.160000000003492,103.579999999994
"1111","strong",100,300,33361011,0.0599999999976717,0.160000000003492,114.800000000003
"0111","strong",100,1,43360712,0.0599999999976717,0.110000000000582,84.2900000000009
"0111","strong",100,2,43360713,0.069999999999709,0.0599999999976717,79.9200000000055
"0111","strong",100,3,43360714,0.0800000000017462,0.0999999999985448,92.0800000000017
"0111","strong",100,4,43360715,0.0800000000017462,0.0900000000037835,85.0800000000017
"0111","strong",100,5,43360716,0.0499999999956344,0.0999999999985448,83.1599999999962
"0111","strong",100,6,43360717,0.0599999999976717,0.129999999997381,90.5800000000017
"0111","strong",100,7,43360718,0.0499999999956344,0.110000000000582,96.6199999999953
"0111","strong",100,8,43360719,0.069999999999709,0.0799999999944703,82.25
"0111","strong",100,9,43360720,0.0600000000049477,0.0999999999985448,82.0800000000017
"0111","strong",100,10,43360721,0.0799999999944703,0.110000000000582,94.0299999999988
"0111","strong",100,11,43360722,0.069999999999709,0.109999999993306,91.5299999999988
"0111","strong",100,12,43360723,0.0599999999976717,0.069999999999709,85.5500000000029
"0111","strong",100,13,43360724,0.0900000000037835,0.0999999999985448,89.6999999999971
"0111","strong",100,14,43360725,0.0599999999976717,0.120000000002619,81.0799999999945
"0111","strong",100,15,43360726,0.0600000000049477,0.0800000000017462,87.989999999998
"0111","strong",100,16,43360727,0.0599999999976717,0.0900000000037835,82.4800000000032
"0111","strong",100,17,43360728,0.0999999999985448,0.0799999999944703,85.9400000000023
"0111","strong",100,18,43360729,0.0800000000017462,0.0800000000017462,84.4599999999991
"0111","strong",100,19,43360730,0.0600000000049477,0.0999999999985448,94.9400000000023
"0111","strong",100,20,43360731,0.0800000000017462,0.0999999999985448,84.6100000000006
"0111","strong",100,21,43360732,0.0999999999985448,0.109999999993306,94.0800000000017
"0111","strong",100,22,43360733,0.0499999999956344,0.110000000000582,87.2099999999991
"0111","strong",100,23,43360734,0.0600000000049477,0.0999999999985448,86.25
"0111","strong",100,24,43360735,0.0599999999976717,0.0799999999944703,92.5899999999965
"0111","strong",100,25,43360736,0.0400000000008731,0.110000000000582,82.8299999999945
"0111","strong",100,26,43360737,0.0800000000017462,0.110000000000582,87.6200000000026
"0111","strong",100,27,43360738,0.0400000000008731,0.0999999999985448,82.1699999999983
"0111","strong",100,28,43360739,0.0400000000008731,0.120000000002619,100.029999999999
"0111","strong",100,29,43360740,0.0299999999988358,0.110000000000582,89.7300000000032
"0111","strong",100,30,43360741,0.069999999999709,0.110000000000582,84.25
"0111","strong",100,31,43360742,0.069999999999709,0.0599999999976717,91.989999999998
"0111","strong",100,32,43360743,0.0499999999956344,0.0800000000017462,105.120000000003
"0111","strong",100,33,43360744,0.0500000000029104,0.110000000000582,83.7299999999959
"0111","strong",100,34,43360745,0.069999999999709,0.0599999999976717,82.5
"0111","strong",100,35,43360746,0.0299999999988358,0.0899999999965075,100.279999999999
"0111","strong",100,36,43360747,0.0599999999976717,0.0599999999976717,87.2699999999968
"0111","strong",100,37,43360748,0.0800000000017462,0.0900000000037835,86.6200000000026
"0111","strong",100,38,43360749,0.069999999999709,0.0899999999965075,87.4599999999991
"0111","strong",100,39,43360750,0.0600000000049477,0.120000000002619,84.0599999999977
"0111","strong",100,40,43360751,0.0599999999976717,0.0999999999985448,91.75
"0111","strong",100,41,43360752,0.0499999999956344,0.110000000000582,90.75
"0111","strong",100,42,43360753,0.0800000000017462,0.120000000002619,88.7799999999988
"0111","strong",100,43,43360754,0.069999999999709,0.129999999997381,93.3599999999933
"0111","strong",100,44,43360755,0.0599999999976717,0.0899999999965075,92.4700000000012
"0111","strong",100,45,43360756,0.069999999999709,0.110000000000582,96.0599999999977
"0111","strong",100,46,43360757,0.0800000000017462,0.129999999997381,77.5199999999968
"0111","strong",100,47,43360758,0.069999999999709,0.0800000000017462,91.9000000000015
"0111","strong",100,48,43360759,0.0400000000008731,0.129999999997381,92.3199999999997
"0111","strong",100,49,43360760,0.0800000000017462,0.0900000000037835,93.0599999999977
"0111","strong",100,50,43360761,0.0500000000029104,0.0900000000037835,89.5
"0111","strong",100,51,43360762,0.0500000000029104,0.0600000000049477,91.4699999999939
"0111","strong",100,52,43360763,0.0800000000017462,0.129999999997381,82.3600000000006
"0111","strong",100,53,43360764,0.069999999999709,0.0999999999985448,97.9199999999983
"0111","strong",100,54,43360765,0.0400000000008731,0.0999999999985448,80.760000000002
"0111","strong",100,55,43360766,0.0500000000029104,0.0899999999965075,90.1100000000006
"0111","strong",100,56,43360767,0.0800000000017462,0.110000000000582,88.3700000000026
"0111","strong",100,57,43360768,0.069999999999709,0.0800000000017462,94.9099999999962
"0111","strong",100,58,43360769,0.0300000000061118,0.0800000000017462,93.8099999999977
"0111","strong",100,59,43360770,0.0499999999956344,0.110000000000582,87.6400000000067
"0111","strong",100,60,43360771,0.0500000000029104,0.110000000000582,80.1600000000035
"0111","strong",100,61,43360772,0.0400000000008731,0.069999999999709,82.5600000000049
"0111","strong",100,62,43360773,0.0800000000017462,0.0900000000037835,85.2099999999991
"0111","strong",100,63,43360774,0.0800000000017462,0.0899999999965075,74.3899999999994
"0111","strong",100,64,43360775,0.0799999999944703,0.110000000000582,81.3100000000049
"0111","strong",100,65,43360776,0.069999999999709,0.0800000000017462,85.5599999999977
"0111","strong",100,66,43360777,0.0600000000049477,0.0800000000017462,86.6399999999994
"0111","strong",100,67,43360778,0.069999999999709,0.0899999999965075,90.8400000000038
"0111","strong",100,68,43360779,0.0599999999976717,0.110000000000582,83.3099999999977
"0111","strong",100,69,43360780,0.0500000000029104,0.0899999999965075,80.8700000000026
"0111","strong",100,70,43360781,0.0800000000017462,0.069999999999709,91.8499999999985
"0111","strong",100,71,43360782,0.0499999999956344,0.0900000000037835,75.6699999999983
"0111","strong",100,72,43360783,0.0499999999956344,0.0999999999985448,79.1800000000003
"0111","strong",100,73,43360784,0.0599999999976717,0.0800000000017462,70.5500000000029
"0111","strong",100,74,43360785,0.0599999999976717,0.0900000000037835,76.1699999999983
"0111","strong",100,75,43360786,0.0800000000017462,0.0800000000017462,78.4800000000032
"0111","strong",100,76,43360787,0.0600000000049477,0.110000000000582,77.7099999999991
"0111","strong",100,77,43360788,0.0500000000029104,0.0900000000037835,78.4399999999951
"0111","strong",100,78,43360789,0.0600000000049477,0.0899999999965075,87.1599999999962
"0111","strong",100,79,43360790,0.0499999999956344,0.0900000000037835,78.5799999999945
"0111","strong",100,80,43360791,0.0800000000017462,0.0900000000037835,84.3400000000038
"0111","strong",100,81,43360792,0.0400000000008731,0.0999999999985448,77.9099999999962
"0111","strong",100,82,43360793,0.0599999999976717,0.0999999999985448,77.489999999998
"0111","strong",100,83,43360794,0.0599999999976717,0.0799999999944703,72.4400000000023
"0111","strong",100,84,43360795,0.069999999999709,0.0800000000017462,77.2099999999991
"0111","strong",100,85,43360796,0.0800000000017462,0.0800000000017462,80.260000000002
"0111","strong",100,86,43360797,0.0400000000008731,0.0999999999985448,83.5199999999968
"0111","strong",100,87,43360798,0.0499999999956344,0.0900000000037835,77.489999999998
"0111","strong",100,88,43360799,0.0499999999956344,0.110000000000582,73.7200000000012
"0111","strong",100,89,43360800,0.0500000000029104,0.0800000000017462,68.5500000000029
"0111","strong",100,90,43360801,0.0400000000008731,0.069999999999709,69.25
"0111","strong",100,91,43360802,0.0500000000029104,0.069999999999709,71.7900000000009
"0111","strong",100,92,43360803,0.0499999999956344,0.0900000000037835,58.9499999999971
"0111","strong",100,93,43360804,0.0400000000008731,0.0900000000037835,67.989999999998
"0111","strong",100,94,43360805,0.0599999999976717,0.0800000000017462,62.2200000000012
"0111","strong",100,95,43360806,0.0400000000008731,0.0400000000008731,61.8899999999994
"0111","strong",100,96,43360807,0.0500000000029104,0.0800000000017462,63.2199999999939
"0111","strong",100,97,43360808,0.0500000000029104,0.0800000000017462,66.1199999999953
"0111","strong",100,98,43360809,0.0599999999976717,0.0800000000017462,69.5900000000038
"0111","strong",100,99,43360810,0.0500000000029104,0.0599999999976717,58.1899999999951
"0111","strong",100,100,43360811,0.0299999999988358,0.0800000000017462,69.5599999999977
"0111","strong",100,101,43360812,0.0500000000029104,0.0999999999985448,63.8899999999994
"0111","strong",100,102,43360813,0.0599999999976717,0.0999999999985448,70.8600000000006
"0111","strong",100,103,43360814,0.0400000000008731,0.0599999999976717,65.1800000000003
"0111","strong",100,104,43360815,0.0500000000029104,0.0800000000017462,63.510000000002
"0111","strong",100,105,43360816,0.0500000000029104,0.0799999999944703,58.7799999999988
"0111","strong",100,106,43360817,0.0199999999967986,0.0500000000029104,63.6199999999953
"0111","strong",100,107,43360818,0.0500000000029104,0.069999999999709,67.2200000000012
"0111","strong",100,108,43360819,0.0500000000029104,0.0599999999976717,76.9100000000035
"0111","strong",100,109,43360820,0.0599999999976717,0.0800000000017462,74.260000000002
"0111","strong",100,110,43360821,0.0800000000017462,0.0800000000017462,63.4000000000015
"0111","strong",100,111,43360822,0.0599999999976717,0.0900000000037835,61.1999999999971
"0111","strong",100,112,43360823,0.0299999999988358,0.0799999999944703,58.6299999999974
"0111","strong",100,113,43360824,0.0400000000008731,0.0599999999976717,63.3899999999994
"0111","strong",100,114,43360825,0.0499999999956344,0.0800000000017462,59.5299999999988
"0111","strong",100,115,43360826,0.0500000000029104,0.0299999999988358,81.989999999998
"0111","strong",100,116,43360827,0.0400000000008731,0.0800000000017462,69.0199999999968
"0111","strong",100,117,43360828,0.0299999999988358,0.0500000000029104,63.6599999999962
"0111","strong",100,118,43360829,0.0299999999988358,0.0800000000017462,58.7799999999988
"0111","strong",100,119,43360830,0.0400000000008731,0.0800000000017462,63.3799999999974
"0111","strong",100,120,43360831,0.0599999999976717,0.069999999999709,63.260000000002
"0111","strong",100,121,43360832,0.0599999999976717,0.0799999999944703,64.1399999999994
"0111","strong",100,122,43360833,0.0600000000049477,0.0999999999985448,60.4500000000044
"0111","strong",100,123,43360834,0.0599999999976717,0.0900000000037835,71.25
"0111","strong",100,124,43360835,0.0499999999956344,0.0800000000017462,73.9199999999983
"0111","strong",100,125,43360836,0.0500000000029104,0.069999999999709,66.9700000000012
"0111","strong",100,126,43360837,0.0500000000029104,0.0800000000017462,66.9099999999962
"0111","strong",100,127,43360838,0.0400000000008731,0.0800000000017462,62.7900000000009
"0111","strong",100,128,43360839,0.0599999999976717,0.0999999999985448,62.1599999999962
"0111","strong",100,129,43360840,0.0400000000008731,0.0999999999985448,67.25
"0111","strong",100,130,43360841,0.0299999999988358,0.0799999999944703,60.0199999999968
"0111","strong",100,131,43360842,0.0400000000008731,0.0999999999985448,65.6399999999994
"0111","strong",100,132,43360843,0.0500000000029104,0.0400000000008731,64.8399999999965
"0111","strong",100,133,43360844,0.0500000000029104,0.0999999999985448,67.510000000002
"0111","strong",100,134,43360845,0.0600000000049477,0.0599999999976717,66.0800000000017
"0111","strong",100,135,43360846,0.0500000000029104,0.0800000000017462,64.6399999999994
"0111","strong",100,136,43360847,0.0300000000061118,0.069999999999709,61.2200000000012
"0111","strong",100,137,43360848,0.0499999999956344,0.0900000000037835,65.3899999999994
"0111","strong",100,138,43360849,0.0499999999956344,0.0800000000017462,59.4399999999951
"0111","strong",100,139,43360850,0.0599999999976717,0.0299999999988358,61.8899999999994
"0111","strong",100,140,43360851,0.0500000000029104,0.0899999999965075,54.3000000000029
"0111","strong",100,141,43360852,0.0499999999956344,0.0800000000017462,69.8499999999985
"0111","strong",100,142,43360853,0.0500000000029104,0.0500000000029104,57.1100000000006
"0111","strong",100,143,43360854,0.069999999999709,0.0499999999956344,57.989999999998
"0111","strong",100,144,43360855,0.0500000000029104,0.0400000000008731,63.1900000000023
"0111","strong",100,145,43360856,0.069999999999709,0.069999999999709,52.8099999999977
"0111","strong",100,146,43360857,0.0499999999956344,0.069999999999709,57.4800000000032
"0111","strong",100,147,43360858,0.0500000000029104,0.0900000000037835,54.3400000000038
"0111","strong",100,148,43360859,0.0400000000008731,0.0299999999988358,51.3799999999974
"0111","strong",100,149,43360860,0.0299999999988358,0.0799999999944703,61.4700000000012
"0111","strong",100,150,43360861,0.0599999999976717,0.0800000000017462,60.9700000000012
"0111","strong",100,151,43360862,0.0599999999976717,0.0800000000017462,69.760000000002
"0111","strong",100,152,43360863,0.0800000000000001,0.75,81.62
"0111","strong",100,153,43360864,0.0900000000000034,0.129999999999995,76.9
"0111","strong",100,154,43360865,0.0600000000000023,0.0900000000000034,87.98
"0111","strong",100,155,43360866,0.0600000000000023,0.0600000000000023,84.48
"0111","strong",100,156,43360867,0.0600000000000023,0.110000000000014,84.14
"0111","strong",100,157,43360868,0.0600000000000023,0.0799999999999841,87.71
"0111","strong",100,158,43360869,0.0600000000000023,0.0800000000000409,85.58
"0111","strong",100,159,43360870,0.0599999999999454,0.0599999999999454,86.97
"0111","strong",100,160,43360871,0.0800000000000409,0.1099999999999,84.11
"0111","strong",100,161,43360872,0.0600000000000591,0.100000000000023,88.3900000000001
"0111","strong",100,162,43360873,0.0299999999999727,0.0800000000000409,90.64
"0111","strong",100,163,43360874,0.0900000000000318,0.119999999999891,92.1799999999999
"0111","strong",100,164,43360875,0.0499999999999545,0.1099999999999,90.2900000000002
"0111","strong",100,165,43360876,0.0399999999999636,0.110000000000127,99.1300000000001
"0111","strong",100,166,43360877,0.0699999999999363,0.0899999999999181,99.5
"0111","strong",100,167,43360878,0.0599999999999454,0.100000000000136,91.4200000000001
"0111","strong",100,168,43360879,0.0599999999999454,0.0999999999999091,94.77
"0111","strong",100,169,43360880,0.0599999999999454,0.119999999999891,96.9100000000001
"0111","strong",100,170,43360881,0.0700000000001637,0.110000000000127,98.99
"0111","strong",100,171,43360882,0.0499999999999545,0.0999999999999091,100.75
"0111","strong",100,172,43360883,0.0800000000001546,0.110000000000127,89.1400000000001
"0111","strong",100,173,43360884,0.0599999999999454,0.129999999999882,87.28
"0111","strong",100,174,43360885,0.0800000000001546,0.0900000000001455,85.1499999999999
"0111","strong",100,175,43360886,0.0399999999999636,0.110000000000127,84.2400000000002
"0111","strong",100,176,43360887,0.0599999999999454,0.110000000000127,87.9699999999998
"0111","strong",100,177,43360888,0.069999999999709,0.0900000000001455,103.39
"0111","strong",100,178,43360889,0.0799999999999272,0.0600000000004002,87.5599999999999
"0111","strong",100,179,43360890,0.0599999999999454,0.119999999999891,84.04
"0111","strong",100,180,43360891,0.0599999999999454,0.109999999999673,87.0799999999999
"0111","strong",100,181,43360892,0.0399999999999636,0.109999999999673,84.4299999999998
"0111","strong",100,182,43360893,0.0799999999999272,0.0799999999999272,93.8299999999999
"0111","strong",100,183,43360894,0.0599999999999454,0.0999999999999091,78.9300000000003
"0111","strong",100,184,43360895,0.0700000000001637,0.110000000000127,94.04
"0111","strong",100,185,43360896,0.0500000000001819,0.0899999999996908,81.04
"0111","strong",100,186,43360897,0.0700000000001637,0.0899999999996908,82.1599999999999
"0111","strong",100,187,43360898,0.0600000000004002,0.0900000000001455,87.2999999999997
"0111","strong",100,188,43360899,0.0599999999999454,0.0900000000001455,101.99
"0111","strong",100,189,43360900,0.0599999999999454,0.100000000000364,85.4099999999999
"0111","strong",100,190,43360901,0.0500000000001819,0.0799999999999272,80.8200000000002
"0111","strong",100,191,43360902,0.0599999999999454,0.0799999999999272,86.1300000000001
"0111","strong",100,192,43360903,0.0599999999999454,0.0999999999999091,87.0900000000001
"0111","strong",100,193,43360904,0.0599999999999454,0.0799999999999272,93.2200000000003
"0111","strong",100,194,43360905,0.0500000000001819,0.0900000000001455,82.7999999999997
"0111","strong",100,195,43360906,0.0799999999999272,0.0700000000001637,95.3200000000002
"0111","strong",100,196,43360907,0.0599999999999454,0.110000000000127,91.1799999999998
"0111","strong",100,197,43360908,0.0599999999999454,0.089999999999236,94.0600000000004
"0111","strong",100,198,43360909,0.0799999999999272,0.0799999999999272,101.09
"0111","strong",100,199,43360910,0.0600000000004002,0.0900000000001455,91.0799999999999
"0111","strong",100,200,43360911,0.0500000000001819,0.109999999999673,93.1199999999999
"0111","strong",100,201,43360912,0.0600000000004002,0.0700000000006185,100.71
"0111","strong",100,202,43360913,0.0599999999994907,0.0900000000001455,81.9399999999996
"0111","strong",100,203,43360914,0.0600000000004002,0.109999999999673,89.5899999999992
"0111","strong",100,204,43360915,0.0399999999999636,0.110000000000582,92.6500000000005
"0111","strong",100,205,43360916,0.0599999999994907,0.0799999999999272,91.8400000000001
"0111","strong",100,206,43360917,0.0600000000004002,0.0700000000006185,84.79
"0111","strong",100,207,43360918,0.069999999999709,0.0900000000001455,96.1700000000001
"0111","strong",100,208,43360919,0.0799999999999272,0.0799999999999272,85.3599999999997
"0111","strong",100,209,43360920,0.0799999999999272,0.0900000000001455,82.2200000000003
"0111","strong",100,210,43360921,0.0799999999999272,0.0900000000001455,90.3600000000006
"0111","strong",100,211,43360922,0.069999999999709,0.0900000000001455,98.2399999999998
"0111","strong",100,212,43360923,0.0700000000006185,0.0900000000001455,77.0799999999999
"0111","strong",100,213,43360924,0.0599999999994907,0.110000000000582,83.3400000000001
"0111","strong",100,214,43360925,0.00999999999930878,0.100000000000364,89.54
"0111","strong",100,215,43360926,0.069999999999709,0.069999999999709,94.0200000000004
"0111","strong",100,216,43360927,0.0799999999999272,0.100000000000364,91.1900000000005
"0111","strong",100,217,43360928,0.069999999999709,0.0900000000001455,87
"0111","strong",100,218,43360929,0.0399999999999636,0.109999999999673,88.8000000000002
"0111","strong",100,219,43360930,0.0600000000004002,0.100000000000364,96.5599999999995
"0111","strong",100,220,43360931,0.0499999999992724,0.110000000000582,85.8100000000004
"0111","strong",100,221,43360932,0.0500000000001819,0.110000000000582,77.6199999999999
"0111","strong",100,222,43360933,0.069999999999709,0.0799999999999272,84.3299999999999
"0111","strong",100,223,43360934,0.0799999999999272,0.109999999999673,103.5
"0111","strong",100,224,43360935,0.0600000000004002,0.100000000000364,91.7200000000003
"0111","strong",100,225,43360936,0.0500000000001819,0.0900000000001455,85.3800000000001
"0111","strong",100,226,43360937,0.0800000000008367,0.100000000000364,86.1199999999999
"0111","strong",100,227,43360938,0.0799999999999272,0.130000000000109,99.2300000000005
"0111","strong",100,228,43360939,0.069999999999709,0.0999999999994543,86.0100000000002
"0111","strong",100,229,43360940,0.0500000000001819,0.0799999999999272,98.5200000000004
"0111","strong",100,230,43360941,0.0500000000001819,0.100000000000364,77.9000000000005
"0111","strong",100,231,43360942,0.0300000000006548,0.130000000000109,89.7399999999998
"0111","strong",100,232,43360943,0.0599999999994907,0.110000000000582,86.4300000000003
"0111","strong",100,233,43360944,0.0399999999999636,0.0900000000001455,93.3299999999999
"0111","strong",100,234,43360945,0.069999999999709,0.110000000000582,83.5799999999999
"0111","strong",100,235,43360946,0.0799999999999272,0.109999999999673,97.6599999999999
"0111","strong",100,236,43360947,0.0500000000001819,0.140000000000327,85.6999999999998
"0111","strong",100,237,43360948,0.0600000000004002,0.0900000000001455,94.5699999999997
"0111","strong",100,238,43360949,0.0399999999999636,0.119999999999891,89.3600000000006
"0111","strong",100,239,43360950,0.0599999999994907,0.0900000000001455,89.8100000000004
"0111","strong",100,240,43360951,0.0600000000004002,0.109999999999673,95.3900000000003
"0111","strong",100,241,43360952,0.069999999999709,0.0900000000001455,86.5099999999993
"0111","strong",100,242,43360953,0.0799999999999272,0.110000000000582,83.2499999999991
"0111","strong",100,243,43360954,0.0599999999994907,0.0799999999999272,90.1000000000004
"0111","strong",100,244,43360955,0.0799999999999272,0.0900000000001455,92.1599999999999
"0111","strong",100,245,43360956,0.0799999999999272,0.0799999999999272,84.3600000000006
"0111","strong",100,246,43360957,0.069999999999709,0.0900000000001455,86.4200000000001
"0111","strong",100,247,43360958,0.069999999999709,0.100000000000364,94.1100000000006
"0111","strong",100,248,43360959,0.0799999999999272,0.100000000000364,91.6100000000006
"0111","strong",100,249,43360960,0.0599999999994907,0.110000000000582,83.7299999999996
"0111","strong",100,250,43360961,0.0499999999992724,0.100000000000364,84.9699999999993
"0111","strong",100,251,43360962,0.0599999999994907,0.0799999999999272,82.0599999999995
"0111","strong",100,252,43360963,0.0799999999999272,0.100000000000364,90.3199999999997
"0111","strong",100,253,43360964,0.0499999999992724,0.110000000000582,90.5100000000002
"0111","strong",100,254,43360965,0.0599999999994907,0.0900000000001455,89.0500000000011
"0111","strong",100,255,43360966,0.070000000001528,0.110000000000582,86.3099999999995
"0111","strong",100,256,43360967,0.0299999999988358,0.070000000001528,100.02
"0111","strong",100,257,43360968,0.0600000000013097,0.109999999998763,96.4200000000001
"0111","strong",100,258,43360969,0.0599999999994907,0.110000000000582,85.4400000000005
"0111","strong",100,259,43360970,0.0599999999994907,0.069999999999709,77.9799999999996
"0111","strong",100,260,43360971,0.0799999999999272,0.109999999998763,82.9400000000005
"0111","strong",100,261,43360972,0.0799999999999272,0.0900000000001455,76.1499999999996
"0111","strong",100,262,43360973,0.0799999999999272,0.110000000000582,79.7799999999988
"0111","strong",100,263,43360974,0.0599999999994907,0.0899999999983265,90.0999999999985
"0111","strong",100,264,43360975,0.070000000001528,0.0900000000001455,97.1999999999989
"0111","strong",100,265,43360976,0.0799999999999272,0.0900000000001455,90.8299999999999
"0111","strong",100,266,43360977,0.0300000000006548,0.100000000000364,104.699999999999
"0111","strong",100,267,43360978,0.069999999999709,0.0900000000001455,88.2099999999991
"0111","strong",100,268,43360979,0.0799999999999272,0.110000000000582,97.5599999999995
"0111","strong",100,269,43360980,0.0600000000013097,0.0900000000001455,77.7999999999993
"0111","strong",100,270,43360981,0.0500000000010914,0.0999999999985448,97.6400000000012
"0111","strong",100,271,43360982,0.069999999999709,0.109999999998763,89.5
"0111","strong",100,272,43360983,0.069999999999709,0.0599999999994907,80.25
"0111","strong",100,273,43360984,0.0599999999994907,0.0900000000001455,86
"0111","strong",100,274,43360985,0.069999999999709,0.0900000000001455,86.3900000000012
"0111","strong",100,275,43360986,0.0599999999994907,0.100000000000364,91.5
"0111","strong",100,276,43360987,0.069999999999709,0.0900000000001455,90.8199999999997
"0111","strong",100,277,43360988,0.0399999999990541,0.0799999999999272,78.75
"0111","strong",100,278,43360989,0.069999999999709,0.0900000000001455,82.630000000001
"0111","strong",100,279,43360990,0.0599999999994907,0.0900000000001455,93.5500000000011
"0111","strong",100,280,43360991,0.0600000000013097,0.110000000000582,90.8900000000012
"0111","strong",100,281,43360992,0.069999999999709,0.0899999999983265,101.279999999999
"0111","strong",100,282,43360993,0.0400000000008731,0.069999999999709,88.6400000000012
"0111","strong",100,283,43360994,0.0599999999994907,0.110000000000582,94.4099999999999
"0111","strong",100,284,43360995,0.0500000000010914,0.100000000000364,86.1999999999989
"0111","strong",100,285,43360996,0.0499999999992724,0.110000000000582,88.5100000000002
"0111","strong",100,286,43360997,0.0599999999994907,0.0900000000001455,88.2899999999991
"0111","strong",100,287,43360998,0.0600000000013097,0.109999999998763,89.9800000000014
"0111","strong",100,288,43360999,0.069999999999709,0.119999999998981,84.8299999999999
"0111","strong",100,289,43361000,0.0599999999994907,0.0900000000001455,97.0600000000013
"0111","strong",100,290,43361001,0.069999999999709,0.109999999998763,98.25
"0111","strong",100,291,43361002,0.069999999999709,0.110000000000582,79.2299999999996
"0111","strong",100,292,43361003,0.0799999999999272,0.0799999999999272,91.9200000000001
"0111","strong",100,293,43361004,0.0600000000013097,0.0900000000001455,77.4899999999998
"0111","strong",100,294,43361005,0.0799999999999272,0.109999999998763,90.0500000000011
"0111","strong",100,295,43361006,0.0399999999990541,0.0799999999999272,88.380000000001
"0111","strong",100,296,43361007,0.0599999999994907,0.0900000000001455,89.4499999999989
"0111","strong",100,297,43361008,0.0499999999992724,0.100000000000364,83
"0111","strong",100,298,43361009,0.0599999999994907,0.109999999998763,87.7700000000004
"0111","strong",100,299,43361010,0.069999999999709,0.109999999998763,97.6400000000012
"0111","strong",100,300,43361011,0.0600000000013097,0.0900000000001455,92.8700000000008
"1011","strong",100,1,53360712,0.0799999999999272,0.110000000000582,107.589999999998
"1011","strong",100,2,53360713,0.069999999999709,0.100000000000364,98.1299999999992
"1011","strong",100,3,53360714,0.0599999999994907,0.0799999999999272,103.029999999999
"1011","strong",100,4,53360715,0.0599999999994907,0.110000000000582,104.799999999999
"1011","strong",100,5,53360716,0.0500000000010914,0.100000000000364,102.860000000001
"1011","strong",100,6,53360717,0.0599999999994907,0.0900000000001455,103.300000000001
"1011","strong",100,7,53360718,0.0599999999994907,0.0900000000001455,106.700000000001
"1011","strong",100,8,53360719,0.0599999999994907,0.0900000000001455,114.799999999999
"1011","strong",100,9,53360720,0.0599999999994907,0.0800000000017462,105.23
"1011","strong",100,10,53360721,0.069999999999709,0.0899999999983265,109.720000000001
"1011","strong",100,11,53360722,0.0600000000013097,0.0900000000001455,102.85
"1011","strong",100,12,53360723,0.0400000000008731,0.0900000000001455,106.629999999999
"1011","strong",100,13,53360724,0.0599999999994907,0.100000000000364,112.889999999999
"1011","strong",100,14,53360725,0.0599999999994907,0.110000000000582,111.82
"1011","strong",100,15,53360726,0.069999999999709,0.130000000001019,105.41
"1011","strong",100,16,53360727,0.0600000000013097,0.110000000000582,127.070000000002
"1011","strong",100,17,53360728,0.0399999999990541,0.130000000001019,111.710000000001
"1011","strong",100,18,53360729,0.0799999999999272,0.1299999999992,113.92
"1011","strong",100,19,53360730,0.0600000000013097,0.070000000001528,104.050000000001
"1011","strong",100,20,53360731,0.0599999999994907,0.100000000000364,99.3899999999994
"1011","strong",100,21,53360732,0.0399999999990541,0.109999999998763,112.220000000001
"1011","strong",100,22,53360733,0.0500000000010914,0.0799999999999272,107.33
"1011","strong",100,23,53360734,0.0300000000006548,0.100000000000364,112.27
"1011","strong",100,24,53360735,0.0799999999999272,0.1299999999992,112.09
"1011","strong",100,25,53360736,0.069999999999709,0.109999999998763,95.3600000000006
"1011","strong",100,26,53360737,0.0599999999994907,0.0799999999999272,122.09
"1011","strong",100,27,53360738,0.0599999999994907,0.0900000000001455,103.630000000001
"1011","strong",100,28,53360739,0.069999999999709,0.110000000000582,130.98
"1011","strong",100,29,53360740,0.0599999999976717,0.110000000000582,106.889999999999
"1011","strong",100,30,53360741,0.0799999999981083,0.109999999996944,115.110000000001
"1011","strong",100,31,53360742,0.069999999999709,0.110000000000582,115.890000000003
"1011","strong",100,32,53360743,0.0499999999992724,0.109999999996944,110.07
"1011","strong",100,33,53360744,0.0800000000017462,0.110000000000582,121.779999999999
"1011","strong",100,34,53360745,0.0799999999981083,0.110000000000582,112.669999999998
"1011","strong",100,35,53360746,0.0599999999976717,0.110000000000582,126.84
"1011","strong",100,36,53360747,0.0600000000013097,0.0999999999985448,112.91
"1011","strong",100,37,53360748,0.0599999999976717,0.110000000000582,102.34
"1011","strong",100,38,53360749,0.0400000000008731,0.110000000000582,105.700000000001
"1011","strong",100,39,53360750,0.0400000000008731,0.110000000000582,104.290000000001
"1011","strong",100,40,53360751,0.0799999999981083,0.0900000000001455,102.66
"1011","strong",100,41,53360752,0.0800000000017462,0.0800000000017462,103.16
"1011","strong",100,42,53360753,0.069999999999709,0.130000000001019,112.09
"1011","strong",100,43,53360754,0.0600000000013097,0.110000000000582,106.82
"1011","strong",100,44,53360755,0.0799999999981083,0.100000000002183,118.34
"1011","strong",100,45,53360756,0.069999999999709,0.110000000000582,94.119999999999
"1011","strong",100,46,53360757,0.0599999999976717,0.119999999998981,105.099999999999
"1011","strong",100,47,53360758,0.0400000000008731,0.110000000000582,100.139999999999
"1011","strong",100,48,53360759,0.0600000000013097,0.130000000001019,117.189999999999
"1011","strong",100,49,53360760,0.0499999999992724,0.110000000000582,110.91
"1011","strong",100,50,53360761,0.0600000000013097,0.119999999998981,105.689999999999
"1011","strong",100,51,53360762,0.069999999999709,0.110000000000582,113.810000000001
"1011","strong",100,52,53360763,0.0599999999976717,0.110000000000582,106.799999999999
"1011","strong",100,53,53360764,0.0599999999976717,0.0999999999985448,101.120000000003
"1011","strong",100,54,53360765,0.0599999999976717,0.100000000002183,115.470000000001
"1011","strong",100,55,53360766,0.0499999999992724,0.129999999997381,107.790000000001
"1011","strong",100,56,53360767,0.069999999999709,0.110000000000582,112.02
"1011","strong",100,57,53360768,0.0299999999988358,0.0900000000001455,101.170000000002
"1011","strong",100,58,53360769,0.0600000000013097,0.069999999999709,95.75
"1011","strong",100,59,53360770,0.0599999999976717,0.0999999999985448,116.709999999999
"1011","strong",100,60,53360771,0.0499999999992724,0.110000000000582,118.139999999999
"1011","strong",100,61,53360772,0.0599999999976717,0.110000000000582,104.330000000002
"1011","strong",100,62,53360773,0.069999999999709,0.110000000000582,104.119999999999
"1011","strong",100,63,53360774,0.0600000000013097,0.109999999996944,112.279999999999
"1011","strong",100,64,53360775,0.0799999999981083,0.0999999999985448,108.369999999999
"1011","strong",100,65,53360776,0.0599999999976717,0.0799999999981083,107.09
"1011","strong",100,66,53360777,0.069999999999709,0.0999999999985448,101.34
"1011","strong",100,67,53360778,0.0600000000013097,0.0999999999985448,115.860000000001
"1011","strong",100,68,53360779,0.0799999999981083,0.110000000000582,104.450000000001
"1011","strong",100,69,53360780,0.0600000000013097,0.109999999996944,112.41
"1011","strong",100,70,53360781,0.0599999999976717,0.0799999999981083,113.110000000001
"1011","strong",100,71,53360782,0.0800000000017462,0.140000000003056,106.630000000001
"1011","strong",100,72,53360783,0.069999999999709,0.0999999999985448,129
"1011","strong",100,73,53360784,0.0900000000001455,0.0599999999976717,118.620000000003
"1011","strong",100,74,53360785,0.069999999999709,0.119999999998981,122.82
"1011","strong",100,75,53360786,0.069999999999709,0.0799999999981083,108.360000000001
"1011","strong",100,76,53360787,0.0800000000017462,0.0799999999981083,102.669999999998
"1011","strong",100,77,53360788,0.0600000000013097,0.110000000000582,95.5
"1011","strong",100,78,53360789,0.0800000000017462,0.0900000000001455,110.07
"1011","strong",100,79,53360790,0.0499999999992724,0.110000000000582,120.869999999999
"1011","strong",100,80,53360791,0.0499999999992724,0.130000000001019,114.299999999999
"1011","strong",100,81,53360792,0.0599999999976717,0.0800000000017462,122.07
"1011","strong",100,82,53360793,0.0499999999992724,0.110000000000582,114
"1011","strong",100,83,53360794,0.0499999999992724,0.0900000000001455,120.66
"1011","strong",100,84,53360795,0.0300000000024738,0.110000000000582,138.230000000003
"1011","strong",100,85,53360796,0.069999999999709,0.100000000002183,93.0900000000001
"1011","strong",100,86,53360797,0.0800000000017462,0.0999999999985448,94.3100000000013
"1011","strong",100,87,53360798,0.0600000000013097,0.0999999999985448,96.2700000000004
"1011","strong",100,88,53360799,0.0600000000013097,0.0800000000017462,104.110000000001
"1011","strong",100,89,53360800,0.0300000000024738,0.0900000000001455,116.360000000001
"1011","strong",100,90,53360801,0.0599999999976717,0.109999999996944,109.529999999999
"1011","strong",100,91,53360802,0.0599999999976717,0.109999999996944,109.420000000002
"1011","strong",100,92,53360803,0.069999999999709,0.0999999999985448,111.52
"1011","strong",100,93,53360804,0.0599999999976717,0.0599999999976717,116.459999999999
"1011","strong",100,94,53360805,0.0799999999981083,0.0900000000001455,112.220000000001
"1011","strong",100,95,53360806,0.069999999999709,0.069999999999709,111.639999999999
"1011","strong",100,96,53360807,0.0600000000013097,0.0800000000017462,98.4599999999991
"1011","strong",100,97,53360808,0.0799999999981083,0.130000000001019,94.7699999999968
"1011","strong",100,98,53360809,0.0599999999976717,0.109999999996944,114.279999999999
"1011","strong",100,99,53360810,0.0499999999992724,0.0999999999985448,108.610000000001
"1011","strong",100,100,53360811,0.0499999999992724,0.0999999999985448,122.299999999999
"1011","strong",100,101,53360812,0.069999999999709,0.110000000000582,98.5299999999988
"1011","strong",100,102,53360813,0.0600000000013097,0.109999999996944,114
"1011","strong",100,103,53360814,0.0499999999992724,0.110000000000582,101.52
"1011","strong",100,104,53360815,0.0600000000013097,0.109999999996944,116.860000000001
"1011","strong",100,105,53360816,0.069999999999709,0.110000000000582,114.150000000001
"1011","strong",100,106,53360817,0.0599999999976717,0.110000000000582,97.6899999999987
"1011","strong",100,107,53360818,0.0400000000008731,0.110000000000582,113.459999999999
"1011","strong",100,108,53360819,0.0800000000017462,0.0900000000001455,100.949999999997
"1011","strong",100,109,53360820,0.0600000000013097,0.110000000000582,126.860000000001
"1011","strong",100,110,53360821,0.0499999999992724,0.0900000000001455,111.810000000001
"1011","strong",100,111,53360822,0.069999999999709,0.109999999996944,113.02
"1011","strong",100,112,53360823,0.069999999999709,0.109999999996944,104.650000000001
"1011","strong",100,113,53360824,0.0600000000013097,0.110000000000582,103.119999999999
"1011","strong",100,114,53360825,0.0799999999981083,0.110000000000582,104.459999999999
"1011","strong",100,115,53360826,0.0299999999988358,0.0900000000001455,100.389999999999
"1011","strong",100,116,53360827,0.0600000000013097,0.0799999999981083,90.0999999999985
"1011","strong",100,117,53360828,0.100000000002183,0.0900000000001455,113.599999999999
"1011","strong",100,118,53360829,0.0600000000013097,0.0900000000001455,143.169999999998
"1011","strong",100,119,53360830,0.0799999999981083,0.0800000000017462,96.0800000000017
"1011","strong",100,120,53360831,0.069999999999709,0.0999999999985448,97.1599999999999
"1011","strong",100,121,53360832,0.0800000000017462,0.100000000002183,115.27
"1011","strong",100,122,53360833,0.0600000000013097,0.110000000000582,111.829999999998
"1011","strong",100,123,53360834,0.0800000000017462,0.110000000000582,107.220000000001
"1011","strong",100,124,53360835,0.0400000000008731,0.110000000000582,116.860000000001
"1011","strong",100,125,53360836,0.0600000000013097,0.0900000000001455,108.110000000001
"1011","strong",100,126,53360837,0.0800000000017462,0.110000000000582,110.610000000001
"1011","strong",100,127,53360838,0.0799999999981083,0.0600000000013097,105.639999999999
"1011","strong",100,128,53360839,0.0400000000008731,0.0799999999981083,143.480000000003
"1011","strong",100,129,53360840,0.0600000000013097,0.110000000000582,109.860000000001
"1011","strong",100,130,53360841,0.0600000000013097,0.110000000000582,113.309999999998
"1011","strong",100,131,53360842,0.0499999999992724,0.0799999999981083,108.799999999999
"1011","strong",100,132,53360843,0.0800000000017462,0.0999999999985448,122.920000000002
"1011","strong",100,133,53360844,0.0499999999992724,0.119999999998981,105.060000000001
"1011","strong",100,134,53360845,0.0999999999985448,0.0999999999985448,121.27
"1011","strong",100,135,53360846,0.0499999999992724,0.110000000000582,118.049999999999
"1011","strong",100,136,53360847,0.0900000000001455,0.110000000000582,105.939999999999
"1011","strong",100,137,53360848,0.0500000000029104,0.0599999999976717,112.889999999999
"1011","strong",100,138,53360849,0.0499999999992724,0.109999999996944,118.16
"1011","strong",100,139,53360850,0.0799999999981083,0.109999999996944,107.670000000002
"1011","strong",100,140,53360851,0.109999999996944,0.0799999999981083,126.75
"1011","strong",100,141,53360852,0.0799999999981083,0.139999999999418,121.060000000001
"1011","strong",100,142,53360853,0.069999999999709,0.110000000000582,126.199999999997
"1011","strong",100,143,53360854,0.0800000000017462,0.110000000000582,115.379999999997
"1011","strong",100,144,53360855,0.0599999999976717,0.0999999999985448,102.91
"1011","strong",100,145,53360856,0.0499999999992724,0.0900000000001455,136.389999999999
"1011","strong",100,146,53360857,0.0900000000001455,0.129999999997381,122.099999999999
"1011","strong",100,147,53360858,0.0499999999992724,0.0600000000013097,111.049999999999
"1011","strong",100,148,53360859,0.0499999999992724,0.0800000000017462,109.669999999998
"1011","strong",100,149,53360860,0.069999999999709,0.0900000000001455,107.110000000001
"1011","strong",100,150,53360861,0.0799999999981083,0.0800000000017462,113.139999999999
"1011","strong",100,151,53360862,0.0599999999976717,0.0999999999985448,112.059999999998
"1011","strong",100,152,53360863,0.0600000000013097,0.130000000001019,112.329999999998
"1011","strong",100,153,53360864,0.0900000000001455,0.139999999999418,114.880000000001
"1011","strong",100,154,53360865,0.0900000000001455,0.140000000003056,119.799999999999
"1011","strong",100,155,53360866,0.069999999999709,0.110000000000582,110.290000000001
"1011","strong",100,156,53360867,0.0799999999981083,0.110000000000582,103.559999999998
"1011","strong",100,157,53360868,0.0600000000013097,0.069999999999709,119.209999999999
"1011","strong",100,158,53360869,0.0800000000017462,0.119999999998981,105.899999999998
"1011","strong",100,159,53360870,0.0499999999992724,0.0999999999985448,117.849999999999
"1011","strong",100,160,53360871,0.0800000000017462,0.139999999999418,110.509999999998
"1011","strong",100,161,53360872,0.0499999999992724,0.130000000001019,98.2999999999993
"1011","strong",100,162,53360873,0.0499999999992724,0.139999999999418,95.4400000000023
"1011","strong",100,163,53360874,0.0600000000013097,0.0499999999992724,124.07
"1011","strong",100,164,53360875,0.0800000000017462,0.110000000000582,110.419999999998
"1011","strong",100,165,53360876,0.0600000000013097,0.0900000000001455,119.209999999999
"1011","strong",100,166,53360877,0.0400000000008731,0.110000000000582,102.25
"1011","strong",100,167,53360878,0.0600000000013097,0.0999999999985448,109.73
"1011","strong",100,168,53360879,0.069999999999709,0.130000000001019,112.77
"1011","strong",100,169,53360880,0.069999999999709,0.069999999999709,107.209999999999
"1011","strong",100,170,53360881,0.100000000002183,0.109999999996944,105.469999999998
"1011","strong",100,171,53360882,0.0499999999992724,0.0900000000001455,120.100000000002
"1011","strong",100,172,53360883,0.0800000000017462,0.109999999996944,114.829999999998
"1011","strong",100,173,53360884,0.0799999999981083,0.110000000000582,118.329999999998
"1011","strong",100,174,53360885,0.0900000000001455,0.0999999999985448,121.709999999999
"1011","strong",100,175,53360886,0.0800000000017462,0.0999999999985448,103.290000000001
"1011","strong",100,176,53360887,0.0800000000017462,0.110000000000582,110.25
"1011","strong",100,177,53360888,0.069999999999709,0.0900000000037835,120.57
"1011","strong",100,178,53360889,0.0499999999956344,0.0800000000017462,104.459999999999
"1011","strong",100,179,53360890,0.0400000000008731,0.129999999997381,114.050000000003
"1011","strong",100,180,53360891,0.0600000000049477,0.110000000000582,103.370000000003
"1011","strong",100,181,53360892,0.069999999999709,0.110000000000582,117.82
"1011","strong",100,182,53360893,0.069999999999709,0.110000000000582,117.110000000001
"1011","strong",100,183,53360894,0.069999999999709,0.0900000000037835,97.8600000000006
"1011","strong",100,184,53360895,0.0599999999976717,0.110000000000582,105.879999999997
"1011","strong",100,185,53360896,0.0299999999988358,0.0800000000017462,106.580000000002
"1011","strong",100,186,53360897,0.0599999999976717,0.0799999999944703,101.220000000001
"1011","strong",100,187,53360898,0.0599999999976717,0.0899999999965075,106.799999999996
"1011","strong",100,188,53360899,0.0599999999976717,0.110000000000582,113.410000000003
"1011","strong",100,189,53360900,0.0599999999976717,0.069999999999709,107.029999999999
"1011","strong",100,190,53360901,0.0600000000049477,0.0499999999956344,107
"1011","strong",100,191,53360902,0.0800000000017462,0.110000000000582,109.25
"1011","strong",100,192,53360903,0.069999999999709,0.0999999999985448,110.279999999999
"1011","strong",100,193,53360904,0.0800000000017462,0.0899999999965075,109.860000000001
"1011","strong",100,194,53360905,0.0400000000008731,0.0899999999965075,105.200000000004
"1011","strong",100,195,53360906,0.0799999999944703,0.0999999999985448,116.129999999997
"1011","strong",100,196,53360907,0.0499999999956344,0.0999999999985448,107.360000000001
"1011","strong",100,197,53360908,0.0800000000017462,0.0999999999985448,94.0499999999956
"1011","strong",100,198,53360909,0.0799999999944703,0.0900000000037835,116.809999999998
"1011","strong",100,199,53360910,0.0400000000008731,0.110000000000582,113.389999999999
"1011","strong",100,200,53360911,0.0599999999976717,0.110000000000582,107.800000000003
"1011","strong",100,201,53360912,0.0800000000017462,0.110000000000582,100.840000000004
"1011","strong",100,202,53360913,0.0599999999976717,0.110000000000582,95.6100000000006
"1011","strong",100,203,53360914,0.0499999999956344,0.110000000000582,104.080000000002
"1011","strong",100,204,53360915,0.069999999999709,0.0999999999985448,101.730000000003
"1011","strong",100,205,53360916,0.0299999999988358,0.110000000000582,97.9700000000012
"1011","strong",100,206,53360917,0.0600000000049477,0.0800000000017462,118.529999999999
"1011","strong",100,207,53360918,0.069999999999709,0.0999999999985448,104.200000000004
"1011","strong",100,208,53360919,0.0799999999944703,0.0999999999985448,120.349999999999
"1011","strong",100,209,53360920,0.0600000000049477,0.110000000000582,97.3899999999994
"1011","strong",100,210,53360921,0.0499999999956344,0.0900000000037835,104.370000000003
"1011","strong",100,211,53360922,0.0499999999956344,0.0900000000037835,100.329999999994
"1011","strong",100,212,53360923,0.0600000000049477,0.110000000000582,106.639999999999
"1011","strong",100,213,53360924,0.0800000000017462,0.0800000000017462,98.9500000000044
"1011","strong",100,214,53360925,0.0499999999956344,0.109999999993306,101.489999999998
"1011","strong",100,215,53360926,0.0400000000008731,0.0900000000037835,102.43
"1011","strong",100,216,53360927,0.0600000000049477,0.0400000000008731,100.340000000004
"1011","strong",100,217,53360928,0.069999999999709,0.0999999999985448,118.480000000003
"1011","strong",100,218,53360929,0.0800000000017462,0.0800000000017462,106.439999999995
"1011","strong",100,219,53360930,0.0900000000037835,0.120000000002619,106.040000000001
"1011","strong",100,220,53360931,0.0800000000017462,0.110000000000582,115.360000000001
"1011","strong",100,221,53360932,0.0600000000049477,0.0999999999985448,103.949999999997
"1011","strong",100,222,53360933,0.069999999999709,0.110000000000582,98.6999999999971
"1011","strong",100,223,53360934,0.069999999999709,0.0999999999985448,135.110000000001
"1011","strong",100,224,53360935,0.0599999999976717,0.110000000000582,113.599999999999
"1011","strong",100,225,53360936,0.0599999999976717,0.0999999999985448,102.800000000003
"1011","strong",100,226,53360937,0.0800000000017462,0.0900000000037835,92.4300000000003
"1011","strong",100,227,53360938,0.069999999999709,0.0599999999976717,127.879999999997
"1011","strong",100,228,53360939,0.0800000000017462,0.0900000000037835,123.590000000004
"1011","strong",100,229,53360940,0.0800000000017462,0.110000000000582,99.7300000000032
"1011","strong",100,230,53360941,0.0400000000008731,0.0900000000037835,101.730000000003
"1011","strong",100,231,53360942,0.0799999999944703,0.069999999999709,123.470000000001
"1011","strong",100,232,53360943,0.0800000000017462,0.0999999999985448,121.659999999996
"1011","strong",100,233,53360944,0.0400000000008731,0.0599999999976717,109.349999999999
"1011","strong",100,234,53360945,0.0600000000049477,0.110000000000582,116.919999999998
"1011","strong",100,235,53360946,0.0800000000017462,0.129999999997381,107.970000000001
"1011","strong",100,236,53360947,0.0600000000049477,0.110000000000582,109.080000000002
"1011","strong",100,237,53360948,0.069999999999709,0.110000000000582,124.879999999997
"1011","strong",100,238,53360949,0.069999999999709,0.0900000000037835,112.5
"1011","strong",100,239,53360950,0.0599999999976717,0.0899999999965075,99.2700000000041
"1011","strong",100,240,53360951,0.0400000000008731,0.0899999999965075,105.440000000002
"1011","strong",100,241,53360952,0.0600000000049477,0.0800000000017462,104.040000000001
"1011","strong",100,242,53360953,0.0600000000049477,0.0800000000017462,88.0400000000009
"1011","strong",100,243,53360954,0.0599999999976717,0.110000000000582,98.4400000000023
"1011","strong",100,244,53360955,0.0599999999976717,0.0799999999944703,91.3100000000049
"1011","strong",100,245,53360956,0.0500000000029104,0.0899999999965075,93.2000000000044
"1011","strong",100,246,53360957,0.0300000000061118,0.069999999999709,99.75
"1011","strong",100,247,53360958,0.0800000000017462,0.110000000000582,95.4800000000032
"1011","strong",100,248,53360959,0.0600000000049477,0.0900000000037835,101.939999999995
"1011","strong",100,249,53360960,0.0499999999956344,0.0999999999985448,99.489999999998
"1011","strong",100,250,53360961,0.069999999999709,0.0999999999985448,111.43
"1011","strong",100,251,53360962,0.0500000000029104,0.069999999999709,124.25
"1011","strong",100,252,53360963,0.0600000000049477,0.0900000000037835,101.299999999996
"1011","strong",100,253,53360964,0.0599999999976717,0.0899999999965075,92.2299999999959
"1011","strong",100,254,53360965,0.0500000000029104,0.110000000000582,109.959999999999
"1011","strong",100,255,53360966,0.0500000000029104,0.0900000000037835,80.3600000000006
"1011","strong",100,256,53360967,0.0600000000049477,0.069999999999709,93.8799999999974
"1011","strong",100,257,53360968,0.0600000000049477,0.0800000000017462,88.9000000000015
"1011","strong",100,258,53360969,0.0599999999976717,0.0900000000037835,95.7799999999988
"1011","strong",100,259,53360970,0.0500000000029104,0.069999999999709,113.129999999997
"1011","strong",100,260,53360971,0.0500000000029104,0.110000000000582,96.8099999999977
"1011","strong",100,261,53360972,0.0499999999956344,0.0800000000017462,90.0500000000029
"1011","strong",100,262,53360973,0.0499999999956344,0.0900000000037835,96.3000000000029
"1011","strong",100,263,53360974,0.0800000000017462,0.0800000000017462,100.389999999999
"1011","strong",100,264,53360975,0.0400000000008731,0.0800000000017462,91.2300000000032
"1011","strong",100,265,53360976,0.0400000000008731,0.0800000000017462,87.1500000000015
"1011","strong",100,266,53360977,0.0599999999976717,0.0800000000017462,98.1400000000067
"1011","strong",100,267,53360978,0.0499999999956344,0.069999999999709,87.1100000000006
"1011","strong",100,268,53360979,0.0299999999988358,0.0599999999976717,87.1599999999962
"1011","strong",100,269,53360980,0.0500000000029104,0.0800000000017462,81.4400000000023
"1011","strong",100,270,53360981,0.0499999999956344,0.0800000000017462,84.5400000000009
"1011","strong",100,271,53360982,0.0400000000008731,0.0800000000017462,82.5
"1011","strong",100,272,53360983,0.0499999999956344,0.0600000000049477,80.5500000000029
"1011","strong",100,273,53360984,0.0499999999956344,0.0899999999965075,87.1699999999983
"1011","strong",100,274,53360985,0.0299999999988358,0.0800000000017462,83.2699999999968
"1011","strong",100,275,53360986,0.0400000000008731,0.0800000000017462,90.6100000000006
"1011","strong",100,276,53360987,0.0400000000008731,0.0800000000017462,78.8099999999977
"1011","strong",100,277,53360988,0.0599999999976717,0.0800000000017462,74.989999999998
"1011","strong",100,278,53360989,0.0299999999988358,0.0800000000017462,82.5900000000038
"1011","strong",100,279,53360990,0.0599999999976717,0.0799999999944703,75.7999999999956
"1011","strong",100,280,53360991,0.0600000000049477,0.0799999999944703,76.1900000000023
"1011","strong",100,281,53360992,0.0400000000008731,0.0799999999944703,80.3899999999994
"1011","strong",100,282,53360993,0.0400000000008731,0.0899999999965075,70.6200000000026
"1011","strong",100,283,53360994,0.0500000000029104,0.0600000000049477,75.4400000000023
"1011","strong",100,284,53360995,0.0500000000029104,0.0499999999956344,84.5699999999997
"1011","strong",100,285,53360996,0.0599999999976717,0.0800000000017462,79.5799999999945
"1011","strong",100,286,53360997,0.0600000000049477,0.0900000000037835,90.2199999999939
"1011","strong",100,287,53360998,0.0600000000049477,0.0800000000017462,76.1999999999971
"1011","strong",100,288,53360999,0.0600000000049477,0.0599999999976717,79.6899999999951
"1011","strong",100,289,53361000,0.0299999999988358,0.0799999999944703,84.7000000000044
"1011","strong",100,290,53361001,0.0800000000017462,0.0999999999985448,88.8100000000049
"1011","strong",100,291,53361002,0.0400000000008731,0.069999999999709,83.5
"1011","strong",100,292,53361003,0.069999999999709,0.0800000000017462,77.4199999999983
"1011","strong",100,293,53361004,0.0500000000029104,0.0800000000017462,78.6399999999994
"1011","strong",100,294,53361005,0.0400000000008731,0.0800000000017462,81.6399999999994
"1011","strong",100,295,53361006,0.0400000000008731,0.0799999999944703,84.9800000000032
"1011","strong",100,296,53361007,0.069999999999709,0.069999999999709,83.9300000000003
"1011","strong",100,297,53361008,0.0500000000029104,0.0500000000029104,90.9000000000015
"1011","strong",100,298,53361009,0.0400000000008731,0.0599999999976717,83.5800000000017
"1011","strong",100,299,53361010,0.069999999999709,0.069999999999709,83.4100000000035
"1011","strong",100,300,53361011,0.0500000000029104,0.0799999999944703,82.3300000000017
"1111","realistic",100,1,34360712,0.0499999999956344,0.139999999999418,62.5800000000017
"1111","realistic",100,2,34360713,0.0100000000020373,0.139999999999418,78.010000000002
"1111","realistic",100,3,34360714,0.1,0.799999999999997,74.8
"1111","realistic",100,4,34360715,0.039999999999992,0.120000000000005,91.31
"1111","realistic",100,5,34360716,0.0300000000000011,0.139999999999986,97.78
"1111","realistic",100,6,34360717,0.0300000000000296,0.139999999999986,91.81
"1111","realistic",100,7,34360718,0.0500000000000114,0.110000000000014,90.63
"1111","realistic",100,8,34360719,0.0300000000000296,0.149999999999977,88.63
"1111","realistic",100,9,34360720,0.00999999999999091,0.1400000000001,94.7800000000001
"1111","realistic",100,10,34360721,0.0299999999999727,0.17999999999995,85.5500000000001
"1111","realistic",100,11,34360722,0.0299999999999727,0.139999999999986,84.8199999999999
"1111","realistic",100,12,34360723,0.0399999999999636,0.170000000000073,89.76
"1111","realistic",100,13,34360724,0.0299999999999727,0.139999999999986,91.1900000000001
"1111","realistic",100,14,34360725,0.0299999999999727,0.110000000000127,81.3400000000001
"1111","realistic",100,15,34360726,0.0299999999999727,0.150000000000091,83.0799999999999
"1111","realistic",100,16,34360727,0.0299999999999727,0.1400000000001,97.1599999999999
"1111","realistic",100,17,34360728,0.0299999999999727,0.170000000000073,108.41
"1111","realistic",100,18,34360729,0.00999999999999091,0.1400000000001,85.98
"1111","realistic",100,19,34360730,0.0299999999999727,0.160000000000082,98.1499999999999
"1111","realistic",100,20,34360731,0.0299999999999727,0.139999999999873,84.9300000000001
"1111","realistic",100,21,34360732,0.0199999999999818,0.0999999999999091,90.5700000000002
"1111","realistic",100,22,34360733,0.0299999999999727,0.139999999999873,97.1700000000001
"1111","realistic",100,23,34360734,0,0.190000000000055,110.83
"1111","realistic",100,24,34360735,0.0299999999999727,0.169999999999845,89.8600000000001
"1111","realistic",100,25,34360736,0.0299999999999727,0.149999999999636,93.0100000000002
"1111","realistic",100,26,34360737,0.0300000000002001,0.139999999999873,106.17
"1111","realistic",100,27,34360738,0.0299999999997453,0.179999999999836,95.0900000000001
"1111","realistic",100,28,34360739,0.0500000000001819,0.159999999999854,94.8699999999999
"1111","realistic",100,29,34360740,0.00999999999976353,0.119999999999891,110.14
"1111","realistic",100,30,34360741,0.0300000000002001,0.119999999999891,87.3200000000002
"1111","realistic",100,31,34360742,0.0300000000002001,0.160000000000309,88.25
"1111","realistic",100,32,34360743,0.0199999999999818,0.159999999999854,93.5100000000002
"1111","realistic",100,33,34360744,0.0399999999999636,0.200000000000273,91.1399999999999
"1111","realistic",100,34,34360745,0.0199999999999818,0.170000000000073,91.9699999999998
"1111","realistic",100,35,34360746,0.0300000000002001,0.139999999999873,92.5299999999997
"1111","realistic",100,36,34360747,0.0199999999999818,0.159999999999854,97.0700000000002
"1111","realistic",100,37,34360748,0.0300000000002001,0.140000000000327,91.9699999999998
"1111","realistic",100,38,34360749,0.0199999999999818,0.179999999999836,87.9000000000001
"1111","realistic",100,39,34360750,0.0299999999997453,0.170000000000073,91.5800000000004
"1111","realistic",100,40,34360751,0.0300000000002001,0.150000000000091,89.8899999999999
"1111","realistic",100,41,34360752,0.0299999999997453,0.0899999999996908,94.2799999999997
"1111","realistic",100,42,34360753,0.0399999999999636,0.139999999999873,92.9500000000003
"1111","realistic",100,43,34360754,0.0299999999997453,0.150000000000091,97.27
"1111","realistic",100,44,34360755,0.0399999999999636,0.159999999999854,88.1900000000001
"1111","realistic",100,45,34360756,0.0300000000002001,0.159999999999854,96.02
"1111","realistic",100,46,34360757,0.0299999999997453,0.119999999999891,91.2000000000003
"1111","realistic",100,47,34360758,0.0299999999997453,0.159999999999854,90.4299999999994
"1111","realistic",100,48,34360759,0.0399999999999636,0.140000000000327,80.9400000000005
"1111","realistic",100,49,34360760,0.0299999999997453,0.159999999999854,90.4699999999993
"1111","realistic",100,50,34360761,0.0399999999999636,0.150000000000546,114.78
"1111","realistic",100,51,34360762,0.0399999999999636,0.149999999999636,94.3900000000003
"1111","realistic",100,52,34360763,0.0299999999997453,0.159999999999854,91.5999999999995
"1111","realistic",100,53,34360764,0.0299999999997453,0.140000000000327,92.8500000000004
"1111","realistic",100,54,34360765,0.0299999999997453,0.0900000000001455,86.2600000000002
"1111","realistic",100,55,34360766,0.0299999999997453,0.159999999999854,106.53
"1111","realistic",100,56,34360767,0.0399999999999636,0.149999999999636,85.2600000000002
"1111","realistic",100,57,34360768,0.0199999999995271,0.149999999999636,97.6700000000001
"1111","realistic",100,58,34360769,0.0299999999997453,0.149999999999636,89.8100000000004
"1111","realistic",100,59,34360770,0.0300000000006548,0.149999999999636,110.669999999999
"1111","realistic",100,60,34360771,0.0300000000006548,0.159999999999854,105.16
"1111","realistic",100,61,34360772,0.0299999999997453,0.139999999999418,93.8000000000002
"1111","realistic",100,62,34360773,0.0300000000006548,0.150000000000546,93.5299999999997
"1111","realistic",100,63,34360774,0.0399999999999636,0.140000000000327,100.48
"1111","realistic",100,64,34360775,0.0200000000004366,0.160000000000764,85.5299999999997
"1111","realistic",100,65,34360776,0.0299999999997453,0.160000000000764,93.2599999999993
"1111","realistic",100,66,34360777,0.0399999999999636,0.130000000000109,90.3699999999999
"1111","realistic",100,67,34360778,0.0299999999997453,0.159999999999854,94.5300000000007
"1111","realistic",100,68,34360779,0.0199999999995271,0.139999999999418,94.4399999999996
"1111","realistic",100,69,34360780,0.0300000000006548,0.140000000000327,89.5
"1111","realistic",100,70,34360781,0.0300000000006548,0.150000000000546,87.0299999999997
"1111","realistic",100,71,34360782,0.0399999999999636,0.149999999999636,98.1700000000001
"1111","realistic",100,72,34360783,0.0199999999995271,0.119999999999891,114.780000000001
"1111","realistic",100,73,34360784,0.0299999999997453,0.190000000000509,87.5200000000004
"1111","realistic",100,74,34360785,0.0100000000002183,0.149999999999636,98.2400000000007
"1111","realistic",100,75,34360786,0.00999999999930878,0.140000000000327,96.1699999999992
"1111","realistic",100,76,34360787,0.0299999999997453,0.109999999999673,89.9499999999998
"1111","realistic",100,77,34360788,0.0500000000001819,0.219999999999345,89.7400000000007
"1111","realistic",100,78,34360789,0.0399999999999636,0.169999999999163,96.4499999999998
"1111","realistic",100,79,34360790,0.0299999999997453,0.150000000000546,94.6500000000005
"1111","realistic",100,80,34360791,0.0299999999997453,0.160000000000764,80.3999999999996
"1111","realistic",100,81,34360792,0.0299999999997453,0.159999999999854,97.1999999999998
"1111","realistic",100,82,34360793,0.0199999999995271,0.119999999999891,84.6999999999998
"1111","realistic",100,83,34360794,0.0300000000006548,0.159999999999854,96.1699999999992
"1111","realistic",100,84,34360795,0.0299999999997453,0.140000000000327,89.5200000000004
"1111","realistic",100,85,34360796,0.0399999999999636,0.109999999999673,87.6400000000003
"1111","realistic",100,86,34360797,0.0100000000002183,0.149999999999636,81.8800000000001
"1111","realistic",100,87,34360798,0.0299999999997453,0.139999999999418,101.22
"1111","realistic",100,88,34360799,0.0300000000006548,0.130000000000109,86.0900000000001
"1111","realistic",100,89,34360800,0.0500000000001819,0.109999999999673,95.9200000000001
"1111","realistic",100,90,34360801,0.0299999999997453,0.170000000000073,89.3099999999995
"1111","realistic",100,91,34360802,0.0400000000008731,0.170000000000073,84.4500000000007
"1111","realistic",100,92,34360803,0.0300000000006548,0.159999999999854,91.2199999999993
"1111","realistic",100,93,34360804,0.0300000000006548,0.1200000000008,94.2800000000007
"1111","realistic",100,94,34360805,0.0500000000010914,0.149999999999636,97.5099999999984
"1111","realistic",100,95,34360806,0.0100000000002183,0.170000000000073,88.4400000000005
"1111","realistic",100,96,34360807,0.0400000000008731,0.139999999999418,100.070000000002
"1111","realistic",100,97,34360808,0.0300000000006548,0.159999999999854,98.0300000000007
"1111","realistic",100,98,34360809,0.0300000000006548,0.160000000001673,84.1699999999983
"1111","realistic",100,99,34360810,0.0299999999988358,0.159999999999854,116.200000000001
"1111","realistic",100,100,34360811,0.0300000000006548,0.139999999999418,98.3799999999992
"1111","realistic",100,101,34360812,0.0200000000004366,0.159999999999854,98.6000000000004
"1111","realistic",100,102,34360813,0.0100000000002183,0.1299999999992,105.970000000001
"1111","realistic",100,103,34360814,0.0299999999988358,0.170000000000073,100.469999999999
"1111","realistic",100,104,34360815,0.0300000000006548,0.170000000000073,89.2099999999991
"1111","realistic",100,105,34360816,0.0400000000008731,0.160000000001673,99.9799999999996
"1111","realistic",100,106,34360817,0.0100000000002183,0.1299999999992,88.5
"1111","realistic",100,107,34360818,0.0399999999990541,0.170000000000073,94.9099999999999
"1111","realistic",100,108,34360819,0.0300000000006548,0.159999999999854,101.550000000001
"1111","realistic",100,109,34360820,0.0400000000008731,0.140000000001237,85.6399999999994
"1111","realistic",100,110,34360821,0.0200000000004366,0.1200000000008,87.8099999999995
"1111","realistic",100,111,34360822,0.0299999999988358,0.149999999999636,87.7799999999988
"1111","realistic",100,112,34360823,0.0300000000006548,0.159999999999854,90.5799999999999
"1111","realistic",100,113,34360824,0.0299999999988358,0.119999999998981,86.0399999999991
"1111","realistic",100,114,34360825,0.0399999999990541,0.159999999999854,83.1800000000003
"1111","realistic",100,115,34360826,0.0300000000006548,0.149999999999636,88.8599999999988
"1111","realistic",100,116,34360827,0.0200000000004366,0.170000000000073,97.8799999999992
"1111","realistic",100,117,34360828,0.00999999999839929,0.110000000000582,94.1100000000006
"1111","realistic",100,118,34360829,0.0300000000006548,0.170000000000073,87.8199999999997
"1111","realistic",100,119,34360830,0.0199999999986176,0.119999999998981,99.6900000000005
"1111","realistic",100,120,34360831,0.0499999999992724,0.149999999999636,91.5600000000013
"1111","realistic",100,121,34360832,0.0300000000006548,0.160000000001673,91.2999999999993
"1111","realistic",100,122,34360833,0.0100000000002183,0.1200000000008,98.5799999999999
"1111","realistic",100,123,34360834,0.0300000000006548,0.139999999999418,88.869999999999
"1111","realistic",100,124,34360835,0.0299999999988358,0.180000000000291,79.75
"1111","realistic",100,125,34360836,0.0300000000006548,0.130000000001019,95.6399999999994
"1111","realistic",100,126,34360837,0.0400000000008731,0.139999999999418,86.1100000000006
"1111","realistic",100,127,34360838,0.0500000000010914,0.159999999999854,95.3700000000008
"1111","realistic",100,128,34360839,0.0300000000006548,0.110000000000582,90.4699999999993
"1111","realistic",100,129,34360840,0.0200000000004366,0.0900000000001455,98.4400000000005
"1111","realistic",100,130,34360841,0.0500000000010914,0.180000000000291,94.6799999999985
"1111","realistic",100,131,34360842,0.0299999999988358,0.159999999999854,92.7399999999998
"1111","realistic",100,132,34360843,0.0299999999988358,0.140000000001237,90.4799999999996
"1111","realistic",100,133,34360844,0.0300000000006548,0.140000000001237,105.200000000001
"1111","realistic",100,134,34360845,0.0300000000006548,0.229999999999563,110.52
"1111","realistic",100,135,34360846,0.0300000000006548,0.159999999999854,97.9400000000005
"1111","realistic",100,136,34360847,0.0499999999992724,0.159999999999854,91.0100000000002
"1111","realistic",100,137,34360848,0.0200000000004366,0.159999999999854,96.3400000000001
"1111","realistic",100,138,34360849,0.0300000000006548,0.139999999999418,86.6200000000008
"1111","realistic",100,139,34360850,0.0300000000006548,0.139999999999418,90.0900000000001
"1111","realistic",100,140,34360851,0.0500000000010914,0.139999999999418,95.1100000000006
"1111","realistic",100,141,34360852,0.0399999999990541,0.139999999999418,86.9499999999989
"1111","realistic",100,142,34360853,0.0300000000006548,0.140000000001237,86.5999999999985
"1111","realistic",100,143,34360854,0.0299999999988358,0.139999999999418,97.0699999999997
"1111","realistic",100,144,34360855,0.0300000000006548,0.139999999999418,82.8899999999994
"1111","realistic",100,145,34360856,0.0300000000006548,0.139999999999418,101.83
"1111","realistic",100,146,34360857,0.0399999999990541,0.139999999999418,81.6200000000008
"1111","realistic",100,147,34360858,0.0200000000004366,0.180000000000291,96.9799999999996
"1111","realistic",100,148,34360859,0.0200000000004366,0.170000000000073,90.9200000000001
"1111","realistic",100,149,34360860,0,0.159999999999854,98.5699999999997
"1111","realistic",100,150,34360861,0.0299999999988358,0.159999999999854,97.9099999999999
"1111","realistic",100,151,34360862,0.0300000000006548,0.1200000000008,96.4300000000003
"1111","realistic",100,152,34360863,0.0299999999988358,0.159999999999854,89.0400000000009
"1111","realistic",100,153,34360864,0.0300000000006548,0.159999999999854,89.5900000000001
"1111","realistic",100,154,34360865,0.0100000000002183,0.159999999999854,92.4699999999993
"1111","realistic",100,155,34360866,0.0100000000002183,0.110000000000582,87.5100000000002
"1111","realistic",100,156,34360867,0.0100000000002183,0.159999999999854,90.1400000000012
"1111","realistic",100,157,34360868,0.0300000000006548,0.170000000000073,90.8599999999988
"1111","realistic",100,158,34360869,0.00999999999839929,0.170000000000073,93.1700000000001
"1111","realistic",100,159,34360870,0.0100000000002183,0.110000000000582,83.5399999999991
"1111","realistic",100,160,34360871,0.0100000000002183,0.170000000000073,84.5300000000007
"1111","realistic",100,161,34360872,0.0400000000008731,0.159999999999854,101.620000000001
"1111","realistic",100,162,34360873,0.0299999999988358,0.170000000000073,120.860000000001
"1111","realistic",100,163,34360874,0.0300000000006548,0.100000000000364,87.0500000000011
"1111","realistic",100,164,34360875,0.0299999999988358,0.149999999999636,94.8299999999999
"1111","realistic",100,165,34360876,0.0300000000006548,0.159999999999854,83.8799999999992
"1111","realistic",100,166,34360877,0.0399999999990541,0.170000000000073,85.1800000000003
"1111","realistic",100,167,34360878,0.0400000000008731,0.140000000001237,99.0200000000004
"1111","realistic",100,168,34360879,0.0100000000002183,0.170000000000073,98.7399999999998
"1111","realistic",100,169,34360880,0.0300000000006548,0.170000000000073,99.6800000000003
"1111","realistic",100,170,34360881,0.0200000000004366,0.149999999999636,88.3400000000001
"1111","realistic",100,171,34360882,0.0300000000006548,0.140000000001237,90.3600000000006
"1111","realistic",100,172,34360883,0.0300000000006548,0.139999999999418,87.5499999999993
"1111","realistic",100,173,34360884,0.0299999999988358,0.139999999999418,84.2700000000004
"1111","realistic",100,174,34360885,0.0300000000006548,0.159999999999854,92.4200000000001
"1111","realistic",100,175,34360886,0.0300000000006548,0.140000000001237,97.6000000000004
"1111","realistic",100,176,34360887,0.0200000000004366,0.159999999999854,93.5300000000007
"1111","realistic",100,177,34360888,0.0100000000002183,0.130000000001019,96.5300000000007
"1111","realistic",100,178,34360889,0.0300000000024738,0.159999999999854,94.6399999999994
"1111","realistic",100,179,34360890,0.0299999999988358,0.149999999997817,91.7999999999993
"1111","realistic",100,180,34360891,0.0300000000024738,0.139999999999418,101.559999999998
"1111","realistic",100,181,34360892,0.0100000000020373,0.159999999999854,86.6399999999994
"1111","realistic",100,182,34360893,0.0299999999988358,0.159999999999854,86.3600000000006
"1111","realistic",100,183,34360894,0.00999999999839929,0.169999999998254,104.219999999998
"1111","realistic",100,184,34360895,0.0200000000004366,0.130000000001019,98.9199999999983
"1111","realistic",100,185,34360896,0.0300000000024738,0.169999999998254,86.5800000000017
"1111","realistic",100,186,34360897,0.0299999999988358,0.139999999999418,88.1100000000006
"1111","realistic",100,187,34360898,0.0299999999988358,0.0999999999985448,92.3299999999981
"1111","realistic",100,188,34360899,0.0299999999988358,0.139999999999418,97.3300000000017
"1111","realistic",100,189,34360900,0.0300000000024738,0.150000000001455,102.349999999999
"1111","realistic",100,190,34360901,0.0200000000004366,0.150000000001455,86.25
"1111","realistic",100,191,34360902,0.0200000000004366,0.139999999999418,93.8000000000029
"1111","realistic",100,192,34360903,0.0299999999988358,0.170000000001892,86.4400000000023
"1111","realistic",100,193,34360904,0.0299999999988358,0.169999999998254,87.5
"1111","realistic",100,194,34360905,0.0299999999988358,0.139999999999418,96.0099999999984
"1111","realistic",100,195,34360906,0.0299999999988358,0.149999999997817,95.510000000002
"1111","realistic",100,196,34360907,0.0200000000004366,0.140000000003056,91.8899999999994
"1111","realistic",100,197,34360908,0.00999999999839929,0.119999999998981,87.1500000000015
"1111","realistic",100,198,34360909,0.0299999999988358,0.169999999998254,83.7900000000009
"1111","realistic",100,199,34360910,0.0100000000020373,0.139999999999418,89.5299999999988
"1111","realistic",100,200,34360911,0.0200000000004366,0.159999999999854,98.4200000000019
"1111","realistic",100,201,34360912,0.0200000000004366,0.169999999998254,84.3799999999974
"1111","realistic",100,202,34360913,0.0200000000004366,0.139999999999418,95.5499999999993
"1111","realistic",100,203,34360914,0.0400000000008731,0.130000000001019,91.3099999999977
"1111","realistic",100,204,34360915,0.0299999999988358,0.159999999999854,94.7199999999975
"1111","realistic",100,205,34360916,0.0300000000024738,0.139999999999418,83.9799999999996
"1111","realistic",100,206,34360917,0.00999999999839929,0.159999999999854,97.2299999999996
"1111","realistic",100,207,34360918,0.0299999999988358,0.169999999998254,95.7699999999968
"1111","realistic",100,208,34360919,0.0100000000020373,0.150000000001455,96.2799999999988
"1111","realistic",100,209,34360920,0.0299999999988358,0.140000000003056,86.8499999999985
"1111","realistic",100,210,34360921,0.0299999999988358,0.159999999999854,98.5600000000013
"1111","realistic",100,211,34360922,0.0499999999992724,0.149999999997817,92.9900000000016
"1111","realistic",100,212,34360923,0.00999999999839929,0.159999999999854,103.880000000001
"1111","realistic",100,213,34360924,0.0299999999988358,0.169999999998254,101.869999999999
"1111","realistic",100,214,34360925,0.0100000000020373,0.150000000001455,100.219999999998
"1111","realistic",100,215,34360926,0.0200000000004366,0.150000000001455,108.810000000001
"1111","realistic",100,216,34360927,0.0200000000004366,0.159999999999854,97.5699999999997
"1111","realistic",100,217,34360928,0.0499999999992724,0.150000000001455,92.3300000000017
"1111","realistic",100,218,34360929,0.0200000000004366,0.159999999999854,95.369999999999
"1111","realistic",100,219,34360930,0.0400000000008731,0.109999999996944,98.5799999999981
"1111","realistic",100,220,34360931,0.0200000000004366,0.159999999999854,89.4000000000015
"1111","realistic",100,221,34360932,0.00999999999839929,0.139999999999418,99.4599999999991
"1111","realistic",100,222,34360933,0.0300000000024738,0.159999999999854,101.559999999998
"1111","realistic",100,223,34360934,0.0499999999992724,0.139999999999418,86.8400000000001
"1111","realistic",100,224,34360935,0.0499999999992724,0.129999999997381,93.7800000000025
"1111","realistic",100,225,34360936,0.0499999999992724,0.139999999999418,91.4199999999983
"1111","realistic",100,226,34360937,0.0299999999988358,0.140000000003056,92.8299999999981
"1111","realistic",100,227,34360938,0.0299999999988358,0.150000000001455,92.2000000000007
"1111","realistic",100,228,34360939,0.0100000000020373,0.129999999997381,86.7700000000004
"1111","realistic",100,229,34360940,0,0.159999999999854,112.860000000001
"1111","realistic",100,230,34360941,0.0400000000008731,0.139999999999418,101.119999999999
"1111","realistic",100,231,34360942,0.0200000000004366,0.169999999998254,83.6599999999999
"1111","realistic",100,232,34360943,0.0299999999988358,0.139999999999418,91.2299999999996
"1111","realistic",100,233,34360944,0.0299999999988358,0.170000000001892,93.1599999999999
"1111","realistic",100,234,34360945,0.0299999999988358,0.159999999999854,85.760000000002
"1111","realistic",100,235,34360946,0.0400000000008731,0.180000000000291,92.2099999999991
"1111","realistic",100,236,34360947,0.0300000000024738,0.130000000001019,88.3799999999974
"1111","realistic",100,237,34360948,0.0199999999967986,0.150000000001455,86.2099999999991
"1111","realistic",100,238,34360949,0.0300000000024738,0.139999999999418,92.7999999999993
"1111","realistic",100,239,34360950,0.0299999999988358,0.139999999999418,90.880000000001
"1111","realistic",100,240,34360951,0.0300000000024738,0.139999999999418,96.1299999999974
"1111","realistic",100,241,34360952,0.0499999999992724,0.149999999997817,95.2099999999991
"1111","realistic",100,242,34360953,0.00999999999839929,0.159999999999854,117.389999999999
"1111","realistic",100,243,34360954,0.0299999999988358,0.119999999998981,87.25
"1111","realistic",100,244,34360955,0.0300000000024738,0.159999999999854,106.18
"1111","realistic",100,245,34360956,0.0100000000020373,0.159999999999854,98.8499999999985
"1111","realistic",100,246,34360957,0.0299999999988358,0.120000000002619,98.2999999999993
"1111","realistic",100,247,34360958,0.0299999999988358,0.150000000001455,91.1800000000003
"1111","realistic",100,248,34360959,0.0299999999988358,0.169999999998254,108.66
"1111","realistic",100,249,34360960,0.0299999999988358,0.159999999999854,101.66
"1111","realistic",100,250,34360961,0,0.150000000001455,82.869999999999
"1111","realistic",100,251,34360962,0.0299999999988358,0.119999999998981,85.5200000000004
"1111","realistic",100,252,34360963,0.0299999999988358,0.150000000001455,99.9199999999983
"1111","realistic",100,253,34360964,0.0499999999992724,0.0900000000001455,111.200000000001
"1111","realistic",100,254,34360965,0.0200000000004366,0.159999999999854,100.889999999999
"1111","realistic",100,255,34360966,0.0299999999988358,0.139999999999418,108.059999999998
"1111","realistic",100,256,34360967,0.0400000000008731,0.159999999999854,94.2099999999991
"1111","realistic",100,257,34360968,0.00999999999839929,0.150000000001455,88.130000000001
"1111","realistic",100,258,34360969,0.0300000000024738,0.110000000000582,92.5
"1111","realistic",100,259,34360970,0.0299999999988358,0.110000000000582,88.2299999999996
"1111","realistic",100,260,34360971,0.0299999999988358,0.159999999999854,93.1100000000006
"1111","realistic",100,261,34360972,0.0299999999988358,0.119999999998981,98.5799999999981
"1111","realistic",100,262,34360973,0.0199999999967986,0.150000000001455,108.489999999998
"1111","realistic",100,263,34360974,0.0300000000024738,0.180000000000291,87.5
"1111","realistic",100,264,34360975,0.00999999999839929,0.119999999998981,91
"1111","realistic",100,265,34360976,0.0400000000008731,0.159999999999854,92.8400000000001
"1111","realistic",100,266,34360977,0.0300000000024738,0.150000000001455,82.8700000000026
"1111","realistic",100,267,34360978,0.0299999999988358,0.169999999998254,94.1399999999994
"1111","realistic",100,268,34360979,0.0199999999967986,0.129999999997381,89.989999999998
"1111","realistic",100,269,34360980,0.0299999999988358,0.159999999999854,89.8000000000029
"1111","realistic",100,270,34360981,0.0299999999988358,0.150000000001455,88.2999999999993
"1111","realistic",100,271,34360982,0.0200000000004366,0.150000000001455,102.450000000001
"1111","realistic",100,272,34360983,0.0299999999988358,0.159999999999854,91.0699999999997
"1111","realistic",100,273,34360984,0.0499999999992724,0.139999999999418,95.7199999999975
"1111","realistic",100,274,34360985,0.0299999999988358,0.139999999999418,93.6100000000006
"1111","realistic",100,275,34360986,0.0299999999988358,0.170000000001892,95.4199999999983
"1111","realistic",100,276,34360987,0.0299999999988358,0.119999999998981,106.299999999999
"1111","realistic",100,277,34360988,0.00999999999839929,0.169999999998254,106.459999999999
"1111","realistic",100,278,34360989,0.0299999999988358,0.159999999999854,102.560000000001
"1111","realistic",100,279,34360990,0.0299999999988358,0.110000000000582,93.9200000000019
"1111","realistic",100,280,34360991,0.0299999999988358,0.149999999997817,101.260000000002
"1111","realistic",100,281,34360992,0.0299999999988358,0.159999999999854,92.8799999999974
"1111","realistic",100,282,34360993,0.00999999999839929,0.180000000000291,87.5800000000017
"1111","realistic",100,283,34360994,0.0100000000020373,0.130000000001019,91.8499999999985
"1111","realistic",100,284,34360995,0.0200000000004366,0.139999999999418,88.3400000000001
"1111","realistic",100,285,34360996,0.0299999999988358,0.119999999998981,101.439999999999
"1111","realistic",100,286,34360997,0.0300000000024738,0.169999999998254,89.880000000001
"1111","realistic",100,287,34360998,0.0499999999992724,0.139999999999418,84.0499999999993
"1111","realistic",100,288,34360999,0.00999999999839929,0.150000000001455,91.9300000000003
"1111","realistic",100,289,34361000,0.0100000000020373,0.150000000001455,88.6100000000006
"1111","realistic",100,290,34361001,0.0400000000008731,0.180000000000291,94.5699999999997
"1111","realistic",100,291,34361002,0.0299999999988358,0.159999999999854,102.98
"1111","realistic",100,292,34361003,0.0200000000004366,0.139999999999418,84.7999999999993
"1111","realistic",100,293,34361004,0.0299999999988358,0.200000000000728,106.470000000001
"1111","realistic",100,294,34361005,0.0400000000008731,0.110000000000582,102.419999999998
"1111","realistic",100,295,34361006,0.0400000000008731,0.190000000002328,95.5999999999985
"1111","realistic",100,296,34361007,0.0200000000004366,0.139999999999418,105
"1111","realistic",100,297,34361008,0.00999999999839929,0.180000000000291,101.580000000002
"1111","realistic",100,298,34361009,0.0299999999988358,0.18999999999869,86.8899999999994
"1111","realistic",100,299,34361010,0.0300000000024738,0.180000000000291,98.7599999999984
"1111","realistic",100,300,34361011,0.0400000000008731,0.180000000000291,105.23
"0111","realistic",100,1,44360712,0.00999999999839929,0.180000000000291,113.639999999999
"0111","realistic",100,2,44360713,0.0299999999988358,0.0800000000017462,88.75
"0111","realistic",100,3,44360714,0.0100000000020373,0.0900000000001455,101.75
"0111","realistic",100,4,44360715,0.0300000000024738,0.0599999999976717,91.380000000001
"0111","realistic",100,5,44360716,0.00999999999839929,0.0999999999985448,104.34
"0111","realistic",100,6,44360717,0.0100000000020373,0.0499999999992724,94.0200000000004
"0111","realistic",100,7,44360718,0.0199999999967986,0.0799999999981083,99.75
"0111","realistic",100,8,44360719,0.0200000000004366,0.110000000000582,101.77
"0111","realistic",100,9,44360720,0.0200000000004366,0.110000000000582,95.2599999999984
"0111","realistic",100,10,44360721,0.0300000000024738,0.130000000001019,92.75
"0111","realistic",100,11,44360722,0.0300000000024738,0.0900000000001455,104.140000000003
"0111","realistic",100,12,44360723,0.0299999999988358,0.139999999999418,97.6100000000006
"0111","realistic",100,13,44360724,0.0299999999988358,0.0800000000017462,105
"0111","realistic",100,14,44360725,0.0299999999988358,0.110000000000582,115.139999999999
"0111","realistic",100,15,44360726,0.00999999999839929,0.069999999999709,90.119999999999
"0111","realistic",100,16,44360727,0.0400000000008731,0.0999999999985448,122.079999999998
"0111","realistic",100,17,44360728,0.0299999999988358,0.0599999999976717,89
"0111","realistic",100,18,44360729,0.0299999999988358,0.0999999999985448,96.9399999999987
"0111","realistic",100,19,44360730,0.00999999999839929,0.0999999999985448,112.77
"0111","realistic",100,20,44360731,0.0299999999988358,0.0999999999985448,97.8199999999997
"0111","realistic",100,21,44360732,0.0100000000020373,0.119999999998981,123.110000000001
"0111","realistic",100,22,44360733,0.0100000000020373,0.0499999999992724,101.329999999998
"0111","realistic",100,23,44360734,0.0299999999988358,0.100000000002183,96.9700000000012
"0111","realistic",100,24,44360735,0.0400000000008731,0.110000000000582,106.41
"0111","realistic",100,25,44360736,0.0200000000004366,0.110000000000582,82.9400000000023
"0111","realistic",100,26,44360737,0.0200000000004366,0.0599999999976717,99.2999999999993
"0111","realistic",100,27,44360738,0.00999999999839929,0.130000000001019,108.84
"0111","realistic",100,28,44360739,0.00999999999839929,0.0799999999981083,96.9199999999983
"0111","realistic",100,29,44360740,0.0100000000020373,0.069999999999709,100.310000000001
"0111","realistic",100,30,44360741,0.0299999999988358,0.0800000000017462,97.2900000000009
"0111","realistic",100,31,44360742,0.0299999999988358,0.110000000000582,98.3300000000017
"0111","realistic",100,32,44360743,0.0100000000020373,0.0800000000017462,95.1500000000015
"0111","realistic",100,33,44360744,0.0299999999988358,0.0800000000017462,104.98
"0111","realistic",100,34,44360745,0.0299999999988358,0.110000000000582,97.9300000000003
"0111","realistic",100,35,44360746,0.0200000000004366,0.0999999999985448,99.6800000000003
"0111","realistic",100,36,44360747,0.00999999999839929,0.0900000000001455,89.5600000000013
"0111","realistic",100,37,44360748,0.0199999999967986,0.0900000000001455,101.450000000001
"0111","realistic",100,38,44360749,0.00999999999839929,0.109999999996944,94.1899999999987
"0111","realistic",100,39,44360750,0.0299999999988358,0.0999999999985448,92.8899999999994
"0111","realistic",100,40,44360751,0.0300000000024738,0.0900000000001455,101.439999999999
"0111","realistic",100,41,44360752,0.0100000000020373,0.0999999999985448,91.4500000000007
"0111","realistic",100,42,44360753,0.0300000000024738,0.0999999999985448,99.3600000000006
"0111","realistic",100,43,44360754,0.0299999999988358,0.110000000000582,89.4199999999983
"0111","realistic",100,44,44360755,0.0300000000024738,0.110000000000582,80.7099999999991
"0111","realistic",100,45,44360756,0.0400000000008731,0.0900000000001455,94.869999999999
"0111","realistic",100,46,44360757,0.0499999999992724,0.110000000000582,88.5200000000004
"0111","realistic",100,47,44360758,0.0299999999988358,0.0800000000017462,97.6699999999983
"0111","realistic",100,48,44360759,0.0299999999988358,0.0999999999985448,92.0599999999977
"0111","realistic",100,49,44360760,0.0100000000020373,0.0900000000037835,93.6199999999953
"0111","realistic",100,50,44360761,0.0299999999988358,0.110000000000582,92.989999999998
"0111","realistic",100,51,44360762,0.0299999999988358,0.129999999997381,99.1699999999983
"0111","realistic",100,52,44360763,0.0299999999988358,0.0900000000037835,98.6699999999983
"0111","realistic",100,53,44360764,0.0299999999988358,0.110000000000582,100.139999999999
"0111","realistic",100,54,44360765,0.0100000000020373,0.0999999999985448,101.699999999997
"0111","realistic",100,55,44360766,0.0200000000040745,0.110000000000582,86.0800000000017
"0111","realistic",100,56,44360767,0.0299999999988358,0.110000000000582,92.6699999999983
"0111","realistic",100,57,44360768,0.0299999999988358,0.110000000000582,104.409999999996
"0111","realistic",100,58,44360769,0.0100000000020373,0.110000000000582,106.239999999998
"0111","realistic",100,59,44360770,0.0299999999988358,0.0900000000037835,108.809999999998
"0111","realistic",100,60,44360771,0.0299999999988358,0.110000000000582,96.9800000000032
"0111","realistic",100,61,44360772,0.0299999999988358,0.129999999997381,91.7099999999991
"0111","realistic",100,62,44360773,0.0400000000008731,0.0999999999985448,104.139999999999
"0111","realistic",100,63,44360774,0.0299999999988358,0.120000000002619,97.25
"0111","realistic",100,64,44360775,0.0299999999988358,0.110000000000582,90.8600000000006
"0111","realistic",100,65,44360776,0.0299999999988358,0.120000000002619,87.9200000000055
"0111","realistic",100,66,44360777,0.0200000000040745,0.110000000000582,115.290000000001
"0111","realistic",100,67,44360778,0.0299999999988358,0.0899999999965075,96.3499999999985
"0111","realistic",100,68,44360779,0.0199999999967986,0.0999999999985448,85.1399999999994
"0111","realistic",100,69,44360780,0.0299999999988358,0.0999999999985448,88.8600000000006
"0111","realistic",100,70,44360781,0.0400000000008731,0.0999999999985448,90.0499999999956
"0111","realistic",100,71,44360782,0.0400000000008731,0.110000000000582,90.9699999999939
"0111","realistic",100,72,44360783,0.0400000000008731,0.119999999995343,91.3600000000006
"0111","realistic",100,73,44360784,0.0299999999988358,0.0899999999965075,83.5699999999997
"0111","realistic",100,74,44360785,0.0199999999967986,0.0800000000017462,108.599999999999
"0111","realistic",100,75,44360786,0.0299999999988358,0.120000000002619,88.5400000000009
"0111","realistic",100,76,44360787,0.0199999999967986,0.0899999999965075,118.32
"0111","realistic",100,77,44360788,0.0299999999988358,0.0999999999985448,94.0299999999988
"0111","realistic",100,78,44360789,0.0299999999988358,0.129999999997381,90.7300000000032
"0111","realistic",100,79,44360790,0.0300000000061118,0.0799999999944703,91.1399999999994
"0111","realistic",100,80,44360791,0.0400000000008731,0.0800000000017462,90.7999999999956
"0111","realistic",100,81,44360792,0.0199999999967986,0.0999999999985448,81.4700000000012
"0111","realistic",100,82,44360793,0.0299999999988358,0.110000000000582,88.75
"0111","realistic",100,83,44360794,0.0299999999988358,0.0899999999965075,100.419999999998
"0111","realistic",100,84,44360795,0.0200000000040745,0.110000000000582,91.0699999999997
"0111","realistic",100,85,44360796,0.0200000000040745,0.0600000000049477,96.0499999999956
"0111","realistic",100,86,44360797,0.0100000000020373,0.0900000000037835,96.2799999999988
"0111","realistic",100,87,44360798,0.0400000000008731,0.129999999997381,91.510000000002
"0111","realistic",100,88,44360799,0.0299999999988358,0.0900000000037835,98.9100000000035
"0111","realistic",100,89,44360800,0.0299999999988358,0.110000000000582,89.9100000000035
"0111","realistic",100,90,44360801,0.0299999999988358,0.0800000000017462,82.9599999999991
"0111","realistic",100,91,44360802,0.0299999999988358,0.110000000000582,87.7200000000012
"0111","realistic",100,92,44360803,0.0499999999956344,0.0999999999985448,100.199999999997
"0111","realistic",100,93,44360804,0.0299999999988358,0.110000000000582,102.849999999999
"0111","realistic",100,94,44360805,0.0299999999988358,0.110000000000582,103.480000000003
"0111","realistic",100,95,44360806,0.0200000000040745,0.0599999999976717,91.6100000000006
"0111","realistic",100,96,44360807,0.0299999999988358,0.110000000000582,101.199999999997
"0111","realistic",100,97,44360808,0.0400000000008731,0.130000000004657,93.5799999999945
"0111","realistic",100,98,44360809,0.0299999999988358,0.0800000000017462,94.8899999999994
"0111","realistic",100,99,44360810,0.0299999999988358,0.0599999999976717,86.8000000000029
"0111","realistic",100,100,44360811,0.0100000000020373,0.0800000000017462,90.1100000000006
"0111","realistic",100,101,44360812,0.0299999999988358,0.0999999999985448,93.25
"0111","realistic",100,102,44360813,0.0299999999988358,0.0999999999985448,89.7900000000009
"0111","realistic",100,103,44360814,0.0100000000020373,0.110000000000582,103
"0111","realistic",100,104,44360815,0.0299999999988358,0.0999999999985448,87.4099999999962
"0111","realistic",100,105,44360816,0.0299999999988358,0.0800000000017462,102.799999999996
"0111","realistic",100,106,44360817,0.0299999999988358,0.110000000000582,91.1399999999994
"0111","realistic",100,107,44360818,0.0299999999988358,0.0900000000037835,90.0999999999985
"0111","realistic",100,108,44360819,0.0299999999988358,0.069999999999709,109.120000000003
"0111","realistic",100,109,44360820,0.0400000000008731,0.0999999999985448,101.440000000002
"0111","realistic",100,110,44360821,0.0200000000040745,0.0999999999985448,89.4700000000012
"0111","realistic",100,111,44360822,0,0.110000000000582,98.9800000000032
"0111","realistic",100,112,44360823,0.0299999999988358,0.110000000000582,94.1699999999983
"0111","realistic",100,113,44360824,0.0299999999988358,0.110000000000582,79.3600000000006
"0111","realistic",100,114,44360825,0.0199999999967986,0.0899999999965075,113.050000000003
"0111","realistic",100,115,44360826,0.0199999999967986,0.0800000000017462,99.0499999999956
"0111","realistic",100,116,44360827,0.0299999999988358,0.0900000000037835,97.3900000000067
"0111","realistic",100,117,44360828,0.0199999999967986,0.069999999999709,95.9599999999991
"0111","realistic",100,118,44360829,0.0100000000020373,0.0999999999985448,92.1999999999971
"0111","realistic",100,119,44360830,0.0300000000061118,0.0800000000017462,86.9199999999983
"0111","realistic",100,120,44360831,0.0100000000020373,0.0799999999944703,91.6700000000055
"0111","realistic",100,121,44360832,0.0299999999988358,0.0899999999965075,86.4000000000015
"0111","realistic",100,122,44360833,0.0199999999967986,0.0799999999944703,78.9800000000032
"0111","realistic",100,123,44360834,0.0400000000008731,0.0900000000037835,90.8099999999977
"0111","realistic",100,124,44360835,0.0499999999956344,0.0900000000037835,88.7799999999988
"0111","realistic",100,125,44360836,0.0299999999988358,0.0999999999985448,69.8799999999974
"0111","realistic",100,126,44360837,0.0199999999967986,0.0800000000017462,84.8899999999994
"0111","realistic",100,127,44360838,0.0100000000020373,0.0900000000037835,79.3300000000017
"0111","realistic",100,128,44360839,0.0299999999988358,0.0900000000037835,79.6699999999983
"0111","realistic",100,129,44360840,0.0299999999988358,0.0999999999985448,92.3199999999997
"0111","realistic",100,130,44360841,0.0199999999967986,0.110000000000582,76.6700000000055
"0111","realistic",100,131,44360842,0.0299999999988358,0.0799999999944703,82.6399999999994
"0111","realistic",100,132,44360843,0.0100000000020373,0.0799999999944703,80.1900000000023
"0111","realistic",100,133,44360844,0.0500000000029104,0.0900000000037835,85.1899999999951
"0111","realistic",100,134,44360845,0.0100000000020373,0.0800000000017462,89.75
"0111","realistic",100,135,44360846,0.0199999999967986,0.109999999993306,73.489999999998
"0111","realistic",100,136,44360847,0.0299999999988358,0.0999999999985448,90.4800000000032
"0111","realistic",100,137,44360848,0.0199999999967986,0.0899999999965075,82.4799999999959
"0111","realistic",100,138,44360849,0.0199999999967986,0.0999999999985448,74.5400000000009
"0111","realistic",100,139,44360850,0.0299999999988358,0.0899999999965075,90.1600000000035
"0111","realistic",100,140,44360851,0.0499999999956344,0.0800000000017462,79.1200000000026
"0111","realistic",100,141,44360852,0.0100000000020373,0.0800000000017462,86.7699999999968
"0111","realistic",100,142,44360853,0.0400000000008731,0.0999999999985448,74.5799999999945
"0111","realistic",100,143,44360854,0.0199999999967986,0.0900000000037835,76.3400000000038
"0111","realistic",100,144,44360855,0.0299999999988358,0.0900000000037835,74.1999999999971
"0111","realistic",100,145,44360856,0.0500000000029104,0.0900000000037835,76.9599999999991
"0111","realistic",100,146,44360857,0.0499999999956344,0.0800000000017462,95.5900000000038
"0111","realistic",100,147,44360858,0.0299999999988358,0.0800000000017462,70.8700000000026
"0111","realistic",100,148,44360859,0.0500000000029104,0.0900000000037835,76.4599999999991
"0111","realistic",100,149,44360860,0.0499999999956344,0.0800000000017462,79.7999999999956
"0111","realistic",100,150,44360861,0.0199999999967986,0.0900000000037835,66.3000000000029
"0111","realistic",100,151,44360862,0.0199999999967986,0.0900000000037835,89.1299999999974
"0111","realistic",100,152,44360863,0.0299999999988358,0.0999999999985448,68.5499999999956
"0111","realistic",100,153,44360864,0.0899999999999999,0.700000000000003,83.63
"0111","realistic",100,154,44360865,0.0300000000000011,0.0900000000000034,74
"0111","realistic",100,155,44360866,0.039999999999992,0.0999999999999659,112.75
"0111","realistic",100,156,44360867,0.0199999999999818,0.089999999999975,93.9
"0111","realistic",100,157,44360868,0.0500000000000114,0.0600000000000023,101.57
"0111","realistic",100,158,44360869,0.0300000000000296,0.0900000000000318,99.02
"0111","realistic",100,159,44360870,0.0499999999999545,0.110000000000014,91.65
"0111","realistic",100,160,44360871,0.0299999999999727,0.110000000000014,87.09
"0111","realistic",100,161,44360872,0.0199999999999818,0.110000000000014,90.1999999999999
"0111","realistic",100,162,44360873,0.0299999999999727,0.0799999999999272,107.98
"0111","realistic",100,163,44360874,0.0299999999999727,0.1099999999999,96.1199999999999
"0111","realistic",100,164,44360875,0.0299999999999727,0.0799999999999272,82.9200000000001
"0111","realistic",100,165,44360876,0.0499999999999545,0.120000000000118,101.86
"0111","realistic",100,166,44360877,0.0299999999999727,0.0899999999999181,85.5899999999999
"0111","realistic",100,167,44360878,0.0299999999999727,0.100000000000136,103.98
"0111","realistic",100,168,44360879,0.0299999999999727,0.0999999999999091,86.1599999999999
"0111","realistic",100,169,44360880,0.0300000000002001,0.0899999999999181,93.53
"0111","realistic",100,170,44360881,0.0299999999999727,0.110000000000127,104.25
"0111","realistic",100,171,44360882,0.0300000000002001,0.110000000000127,91.51
"0111","realistic",100,172,44360883,0.0299999999999727,0.0999999999999091,92.54
"0111","realistic",100,173,44360884,0.0299999999999727,0.110000000000127,94.0599999999999
"0111","realistic",100,174,44360885,0.0299999999999727,0.0999999999999091,100.97
"0111","realistic",100,175,44360886,0.0299999999997453,0.0799999999999272,100.78
"0111","realistic",100,176,44360887,0.0199999999999818,0.119999999999891,103.17
"0111","realistic",100,177,44360888,0.0199999999999818,0.110000000000127,89.8399999999997
"0111","realistic",100,178,44360889,0.0100000000002183,0.0900000000001455,92.8099999999999
"0111","realistic",100,179,44360890,0.0300000000002001,0.080000000000382,112.01
"0111","realistic",100,180,44360891,0.0199999999999818,0.100000000000364,93.2199999999998
"0111","realistic",100,181,44360892,0.0300000000002001,0.110000000000127,95.8000000000002
"0111","realistic",100,182,44360893,0.00999999999976353,0.110000000000127,90.5900000000001
"0111","realistic",100,183,44360894,0.0399999999999636,0.0799999999999272,110.97
"0111","realistic",100,184,44360895,0.0300000000002001,0.0999999999999091,99.6800000000003
"0111","realistic",100,185,44360896,0.0199999999999818,0.110000000000127,91.2599999999998
"0111","realistic",100,186,44360897,0.0300000000002001,0.130000000000109,102.95
"0111","realistic",100,187,44360898,0.0300000000002001,0.0999999999999091,94.1099999999997
"0111","realistic",100,188,44360899,0.0299999999997453,0.109999999999673,89.5299999999997
"0111","realistic",100,189,44360900,0.0199999999999818,0.110000000000127,89.5599999999999
"0111","realistic",100,190,44360901,0.0299999999997453,0.0799999999999272,86.7799999999997
"0111","realistic",100,191,44360902,0,0.110000000000127,90.1300000000001
"0111","realistic",100,192,44360903,0.0299999999997453,0.080000000000382,82
"0111","realistic",100,193,44360904,0.0199999999999818,0.110000000000127,94.9200000000001
"0111","realistic",100,194,44360905,0.0300000000002001,0.110000000000127,147.84
"0111","realistic",100,195,44360906,0.0300000000002001,0.110000000000582,95.6099999999997
"0111","realistic",100,196,44360907,0.0299999999997453,0.109999999999673,96.0600000000004
"0111","realistic",100,197,44360908,0.0299999999997453,0.0900000000001455,94.3600000000006
"0111","realistic",100,198,44360909,0.0299999999997453,0.110000000000582,96.1000000000004
"0111","realistic",100,199,44360910,0.0200000000004366,0.110000000000582,90.4699999999993
"0111","realistic",100,200,44360911,0.0300000000006548,0.069999999999709,102.89
"0111","realistic",100,201,44360912,0.0300000000006548,0.110000000000582,113.34
"0111","realistic",100,202,44360913,0.0299999999997453,0.100000000000364,82.0299999999997
"0111","realistic",100,203,44360914,0.0199999999995271,0.0900000000001455,90.9099999999999
"0111","realistic",100,204,44360915,0.0299999999997453,0.0900000000001455,104.16
"0111","realistic",100,205,44360916,0.0399999999999636,0.109999999999673,108.2
"0111","realistic",100,206,44360917,0.0100000000002183,0.0600000000004002,100.969999999999
"0111","realistic",100,207,44360918,0.0299999999997453,0.130000000000109,89
"0111","realistic",100,208,44360919,0.0200000000004366,0.109999999999673,96.8900000000003
"0111","realistic",100,209,44360920,0.0300000000006548,0.109999999999673,88.0200000000004
"0111","realistic",100,210,44360921,0.0299999999997453,0.109999999999673,99.9200000000001
"0111","realistic",100,211,44360922,0.0199999999995271,0.109999999999673,85.6100000000006
"0111","realistic",100,212,44360923,0.0299999999997453,0.100000000000364,98.3599999999997
"0111","realistic",100,213,44360924,0.0199999999995271,0.100000000000364,92.6900000000005
"0111","realistic",100,214,44360925,0.0299999999997453,0.119999999999891,90.3699999999999
"0111","realistic",100,215,44360926,0.0299999999997453,0.0799999999999272,87.0500000000002
"0111","realistic",100,216,44360927,0.0300000000006548,0.109999999999673,85.8199999999997
"0111","realistic",100,217,44360928,0.0299999999997453,0.0799999999999272,89.1099999999997
"0111","realistic",100,218,44360929,0.0299999999997453,0.0900000000001455,85.8400000000001
"0111","realistic",100,219,44360930,0.0200000000004366,0.089999999999236,93.8400000000001
"0111","realistic",100,220,44360931,0.0199999999995271,0.0799999999999272,93.1999999999998
"0111","realistic",100,221,44360932,0.0300000000006548,0.0999999999994543,91.3000000000002
"0111","realistic",100,222,44360933,0.0200000000004366,0.100000000000364,88.5299999999997
"0111","realistic",100,223,44360934,0.0200000000004366,0.109999999999673,105.13
"0111","realistic",100,224,44360935,0.0300000000006548,0.089999999999236,105.16
"0111","realistic",100,225,44360936,0.0300000000006548,0.159999999999854,90.3299999999999
"0111","realistic",100,226,44360937,0.0300000000006548,0.109999999999673,95.6100000000006
"0111","realistic",100,227,44360938,0.0299999999997453,0.100000000000364,92.9800000000005
"0111","realistic",100,228,44360939,0.0199999999995271,0.109999999999673,103.419999999999
"0111","realistic",100,229,44360940,0.0300000000006548,0.0599999999994907,86.25
"0111","realistic",100,230,44360941,0.0299999999997453,0.119999999999891,84.71
"0111","realistic",100,231,44360942,0.0199999999995271,0.0999999999994543,96.9200000000001
"0111","realistic",100,232,44360943,0.00999999999930878,0.0799999999999272,95.5600000000004
"0111","realistic",100,233,44360944,0.0200000000004366,0.100000000000364,92.5299999999997
"0111","realistic",100,234,44360945,0.0100000000002183,0.109999999999673,85.96
"0111","realistic",100,235,44360946,0.0300000000006548,0.109999999999673,87.1700000000001
"0111","realistic",100,236,44360947,0.0100000000002183,0.0999999999994543,112.43
"0111","realistic",100,237,44360948,0.0299999999997453,0.0399999999999636,85.8900000000003
"0111","realistic",100,238,44360949,0.0300000000006548,0.069999999999709,94
"0111","realistic",100,239,44360950,0.0299999999988358,0.100000000000364,94.1499999999996
"0111","realistic",100,240,44360951,0.0100000000002183,0.109999999998763,89.9699999999993
"0111","realistic",100,241,44360952,0.0300000000006548,0.0900000000001455,134.67
"0111","realistic",100,242,44360953,0.0299999999988358,0.0900000000001455,97.7999999999993
"0111","realistic",100,243,44360954,0.0400000000008731,0.110000000000582,106.639999999999
"0111","realistic",100,244,44360955,0.0200000000004366,0.110000000000582,92.9200000000001
"0111","realistic",100,245,44360956,0.0300000000006548,0.0900000000001455,92.2899999999991
"0111","realistic",100,246,44360957,0.0300000000006548,0.109999999998763,91.9500000000007
"0111","realistic",100,247,44360958,0.0300000000006548,0.0799999999999272,90.6700000000001
"0111","realistic",100,248,44360959,0.0300000000006548,0.069999999999709,91.3099999999995
"0111","realistic",100,249,44360960,0.0300000000006548,0.0900000000001455,92.3199999999997
"0111","realistic",100,250,44360961,0.0300000000006548,0.0900000000001455,105.610000000001
"0111","realistic",100,251,44360962,0.0300000000006548,0.0799999999999272,89.3600000000006
"0111","realistic",100,252,44360963,0.0300000000006548,0.110000000000582,98.0799999999999
"0111","realistic",100,253,44360964,0.0300000000006548,0.0900000000001455,97.8600000000006
"0111","realistic",100,254,44360965,0.0499999999992724,0.0799999999999272,103.639999999999
"0111","realistic",100,255,44360966,0.0300000000006548,0.0799999999999272,85.5699999999997
"0111","realistic",100,256,44360967,0.0299999999988358,0.0999999999985448,85.4399999999987
"0111","realistic",100,257,44360968,0.0299999999988358,0.069999999999709,101.34
"0111","realistic",100,258,44360969,0.0300000000006548,0.0799999999999272,94.0999999999985
"0111","realistic",100,259,44360970,0,0.0900000000001455,103.629999999999
"0111","realistic",100,260,44360971,0.0300000000006548,0.110000000000582,96.4799999999996
"0111","realistic",100,261,44360972,0.0100000000002183,0.1200000000008,113.379999999999
"0111","realistic",100,262,44360973,0.0100000000002183,0.0900000000001455,88.1700000000001
"0111","realistic",100,263,44360974,0.0100000000002183,0.0900000000001455,85.4699999999993
"0111","realistic",100,264,44360975,0.0499999999992724,0.100000000000364,101.18
"0111","realistic",100,265,44360976,0.0299999999988358,0.0799999999999272,98.4099999999999
"0111","realistic",100,266,44360977,0.0300000000006548,0.109999999998763,124.92
"0111","realistic",100,267,44360978,0.0300000000006548,0.0799999999999272,106.67
"0111","realistic",100,268,44360979,0.0300000000006548,0.0799999999999272,97.5500000000011
"0111","realistic",100,269,44360980,0.0200000000004366,0.0999999999985448,98.3099999999995
"0111","realistic",100,270,44360981,0.0400000000008731,0.0900000000001455,104.360000000001
"0111","realistic",100,271,44360982,0.0100000000002183,0.069999999999709,111.799999999999
"0111","realistic",100,272,44360983,0.0300000000006548,0.0900000000001455,93.4500000000007
"0111","realistic",100,273,44360984,0.0200000000004366,0.110000000000582,83.9200000000001
"0111","realistic",100,274,44360985,0.0299999999988358,0.119999999998981,93.7600000000002
"0111","realistic",100,275,44360986,0.0300000000006548,0.0799999999999272,92.5499999999993
"0111","realistic",100,276,44360987,0.0300000000006548,0.0900000000001455,83.9500000000007
"0111","realistic",100,277,44360988,0.0300000000006548,0.109999999998763,86.1100000000006
"0111","realistic",100,278,44360989,0.0300000000006548,0.0900000000001455,93.4200000000001
"0111","realistic",100,279,44360990,0.0400000000008731,0.0799999999999272,90.4400000000005
"0111","realistic",100,280,44360991,0.0400000000008731,0.0900000000001455,96.2200000000012
"0111","realistic",100,281,44360992,0.0200000000004366,0.0900000000001455,93.6900000000005
"0111","realistic",100,282,44360993,0.0300000000006548,0.110000000000582,92.5900000000001
"0111","realistic",100,283,44360994,0.0400000000008731,0.109999999998763,94.8999999999996
"0111","realistic",100,284,44360995,0.0299999999988358,0.069999999999709,99.1500000000015
"0111","realistic",100,285,44360996,0.0499999999992724,0.109999999998763,92.6000000000004
"0111","realistic",100,286,44360997,0.0299999999988358,0.0999999999985448,96.1900000000005
"0111","realistic",100,287,44360998,0.0300000000006548,0.069999999999709,85.2299999999996
"0111","realistic",100,288,44360999,0.0199999999986176,0.1200000000008,91.6100000000006
"0111","realistic",100,289,44361000,0.0300000000006548,0.110000000000582,93.4200000000001
"0111","realistic",100,290,44361001,0.0300000000006548,0.119999999998981,105.639999999999
"0111","realistic",100,291,44361002,0.0300000000006548,0.0900000000001455,105.309999999999
"0111","realistic",100,292,44361003,0.0300000000006548,0.0900000000001455,89.8199999999997
"0111","realistic",100,293,44361004,0.0400000000008731,0.110000000000582,106.52
"0111","realistic",100,294,44361005,0.0299999999988358,0.110000000000582,107.360000000001
"0111","realistic",100,295,44361006,0.0199999999986176,0.0900000000001455,101.139999999999
"0111","realistic",100,296,44361007,0.0300000000006548,0.1200000000008,93.6399999999994
"0111","realistic",100,297,44361008,0.0299999999988358,0.0999999999985448,93.9099999999999
"0111","realistic",100,298,44361009,0.0100000000002183,0.0900000000001455,87.8899999999994
"0111","realistic",100,299,44361010,0.0300000000006548,0.0599999999994907,111.700000000001
"0111","realistic",100,300,44361011,0.0300000000006548,0.069999999999709,93.7799999999988
"1011","realistic",100,1,54360712,0.0400000000008731,0.139999999999418,96.1700000000001
"1011","realistic",100,2,54360713,0.0100000000002183,0.0999999999985448,94.5199999999986
"1011","realistic",100,3,54360714,0.0500000000010914,0.130000000001019,85.7899999999991
"1011","realistic",100,4,54360715,0.0200000000004366,0.110000000000582,88.2800000000007
"1011","realistic",100,5,54360716,0.0299999999988358,0.110000000000582,89.3099999999995
"1011","realistic",100,6,54360717,0.0300000000006548,0.0799999999999272,95
"1011","realistic",100,7,54360718,0.0399999999990541,0.0900000000001455,107.200000000001
"1011","realistic",100,8,54360719,0.0200000000004366,0.110000000000582,81.5200000000004
"1011","realistic",100,9,54360720,0.0299999999988358,0.100000000000364,98.6200000000008
"1011","realistic",100,10,54360721,0.0299999999988358,0.0900000000001455,100.969999999999
"1011","realistic",100,11,54360722,0.0100000000002183,0.0799999999999272,96.25
"1011","realistic",100,12,54360723,0.0400000000008731,0.1299999999992,100.67
"1011","realistic",100,13,54360724,0.0300000000006548,0.0900000000001455,82.3299999999999
"1011","realistic",100,14,54360725,0.0200000000004366,0.110000000000582,82.5799999999999
"1011","realistic",100,15,54360726,0.0199999999986176,0.100000000000364,102.51
"1011","realistic",100,16,54360727,0.0200000000004366,0.100000000000364,84.1800000000003
"1011","realistic",100,17,54360728,0.0300000000006548,0.069999999999709,96.3799999999992
"1011","realistic",100,18,54360729,0.0100000000002183,0.1299999999992,83.5300000000007
"1011","realistic",100,19,54360730,0.0100000000002183,0.0900000000001455,85.8899999999994
"1011","realistic",100,20,54360731,0.0300000000006548,0.0900000000001455,89.4400000000005
"1011","realistic",100,21,54360732,0.0300000000006548,0.0999999999985448,94.4500000000007
"1011","realistic",100,22,54360733,0.0300000000006548,0.0900000000001455,91.0300000000007
"1011","realistic",100,23,54360734,0.0100000000002183,0.110000000000582,92.1399999999994
"1011","realistic",100,24,54360735,0.0100000000020373,0.110000000000582,84.9000000000015
"1011","realistic",100,25,54360736,0.0299999999988358,0.0799999999981083,96.9300000000003
"1011","realistic",100,26,54360737,0.0200000000004366,0.100000000002183,90.2099999999991
"1011","realistic",100,27,54360738,0.0400000000008731,0.0900000000001455,88.6499999999978
"1011","realistic",100,28,54360739,0.0499999999992724,0.0800000000017462,88.5400000000009
"1011","realistic",100,29,54360740,0.0200000000004366,0.0900000000001455,113.93
"1011","realistic",100,30,54360741,0.0200000000004366,0.0900000000001455,89.7000000000007
"1011","realistic",100,31,54360742,0.0199999999967986,0.0799999999981083,91.6699999999983
"1011","realistic",100,32,54360743,0.0200000000004366,0.130000000001019,101.579999999998
"1011","realistic",100,33,54360744,0.0100000000020373,0.0900000000001455,84.1299999999974
"1011","realistic",100,34,54360745,0.00999999999839929,0.0999999999985448,85.9099999999999
"1011","realistic",100,35,54360746,0.0299999999988358,0.190000000002328,88.9500000000007
"1011","realistic",100,36,54360747,0.0199999999967986,0.0799999999981083,87.2000000000007
"1011","realistic",100,37,54360748,0.0299999999988358,0.0900000000001455,95.1000000000022
"1011","realistic",100,38,54360749,0.0400000000008731,0.119999999998981,87.5400000000009
"1011","realistic",100,39,54360750,0.0299999999988358,0.129999999997381,108.110000000001
"1011","realistic",100,40,54360751,0.0200000000004366,0.0900000000001455,92.9400000000023
"1011","realistic",100,41,54360752,0.0100000000020373,0.110000000000582,88.0200000000004
"1011","realistic",100,42,54360753,0.0499999999992724,0.100000000002183,98.119999999999
"1011","realistic",100,43,54360754,0.0300000000024738,0.110000000000582,89.5200000000004
"1011","realistic",100,44,54360755,0.00999999999839929,0.0800000000017462,96.5599999999977
"1011","realistic",100,45,54360756,0.0299999999988358,0.0999999999985448,94.6700000000019
"1011","realistic",100,46,54360757,0.0299999999988358,0.0900000000001455,89.630000000001
"1011","realistic",100,47,54360758,0.0300000000024738,0.110000000000582,106.969999999998
"1011","realistic",100,48,54360759,0.0100000000020373,0.119999999998981,96.8900000000031
"1011","realistic",100,49,54360760,0.0400000000008731,0.0499999999992724,89.3300000000017
"1011","realistic",100,50,54360761,0.0100000000020373,0.0499999999992724,97.3899999999994
"1011","realistic",100,51,54360762,0.0299999999988358,0.0999999999985448,90.7200000000012
"1011","realistic",100,52,54360763,0.0300000000024738,0.110000000000582,82.3999999999978
"1011","realistic",100,53,54360764,0.0200000000004366,0.0799999999981083,98.630000000001
"1011","realistic",100,54,54360765,0.0400000000008731,0.0799999999981083,93.0599999999977
"1011","realistic",100,55,54360766,0.0300000000024738,0.0800000000017462,87.0499999999993
"1011","realistic",100,56,54360767,0.0299999999988358,0.119999999998981,89.8900000000031
"1011","realistic",100,57,54360768,0.00999999999839929,0.0999999999985448,86.0499999999993
"1011","realistic",100,58,54360769,0.0299999999988358,0.110000000000582,87.7799999999988
"1011","realistic",100,59,54360770,0.0199999999967986,0.109999999996944,97.1100000000006
"1011","realistic",100,60,54360771,0.0299999999988358,0.0900000000001455,111.52
"1011","realistic",100,61,54360772,0,0.110000000000582,91.7999999999993
"1011","realistic",100,62,54360773,0.0299999999988358,0.0900000000001455,84.25
"1011","realistic",100,63,54360774,0.00999999999839929,0.110000000000582,88.7800000000025
"1011","realistic",100,64,54360775,0.00999999999839929,0.110000000000582,98.9599999999991
"1011","realistic",100,65,54360776,0.0299999999988358,0.119999999998981,129.52
"1011","realistic",100,66,54360777,0.0100000000020373,0.130000000001019,90.1700000000019
"1011","realistic",100,67,54360778,0.0299999999988358,0.110000000000582,90.2800000000025
"1011","realistic",100,68,54360779,0.0499999999992724,0.109999999996944,95.4700000000012
"1011","realistic",100,69,54360780,0.0299999999988358,0.110000000000582,87.7700000000004
"1011","realistic",100,70,54360781,0.0299999999988358,0.0900000000001455,98.9199999999983
"1011","realistic",100,71,54360782,0.0400000000008731,0.069999999999709,88.6499999999978
"1011","realistic",100,72,54360783,0.0499999999992724,0.0999999999985448,85.8600000000006
"1011","realistic",100,73,54360784,0.0299999999988358,0.110000000000582,86.1400000000031
"1011","realistic",100,74,54360785,0.0300000000024738,0.0900000000001455,94.7400000000016
"1011","realistic",100,75,54360786,0.00999999999839929,0.0999999999985448,105
"1011","realistic",100,76,54360787,0.0300000000024738,0.110000000000582,96.8900000000031
"1011","realistic",100,77,54360788,0.0299999999988358,0.119999999998981,102.669999999998
"1011","realistic",100,78,54360789,0.0299999999988358,0.0900000000001455,81.1800000000003
"1011","realistic",100,79,54360790,0.0300000000024738,0.0999999999985448,97.4699999999975
"1011","realistic",100,80,54360791,0.0200000000004366,0.0900000000001455,87.369999999999
"1011","realistic",100,81,54360792,0.0300000000024738,0.0900000000001455,91.4500000000007
"1011","realistic",100,82,54360793,0.0499999999992724,0.0900000000001455,87.8100000000013
"1011","realistic",100,83,54360794,0.0300000000024738,0.0900000000001455,86.6899999999987
"1011","realistic",100,84,54360795,0.0299999999988358,0.0900000000001455,99.1399999999994
"1011","realistic",100,85,54360796,0.0299999999988358,0.110000000000582,90.7799999999988
"1011","realistic",100,86,54360797,0.0199999999967986,0.110000000000582,91.0900000000001
"1011","realistic",100,87,54360798,0.0300000000024738,0.0999999999985448,96.9399999999987
"1011","realistic",100,88,54360799,0.00999999999839929,0.0999999999985448,109.690000000002
"1011","realistic",100,89,54360800,0.0300000000024738,0.0900000000001455,88.1700000000019
"1011","realistic",100,90,54360801,0.0299999999988358,0.120000000002619,101.780000000002
"1011","realistic",100,91,54360802,0.0299999999988358,0.100000000002183,98.119999999999
"1011","realistic",100,92,54360803,0.0499999999992724,0.0900000000001455,87.8899999999994
"1011","realistic",100,93,54360804,0.00999999999839929,0.0900000000001455,88.0900000000001
"1011","realistic",100,94,54360805,0.0299999999988358,0.0900000000001455,94.119999999999
"1011","realistic",100,95,54360806,0.00999999999839929,0.0900000000001455,91.7900000000009
"1011","realistic",100,96,54360807,0,0.110000000000582,88.4199999999983
"1011","realistic",100,97,54360808,0.0299999999988358,0.110000000000582,94.4200000000019
"1011","realistic",100,98,54360809,0.0300000000024738,0.0600000000013097,91.7700000000004
"1011","realistic",100,99,54360810,0.0200000000004366,0.129999999997381,83.0799999999981
"1011","realistic",100,100,54360811,0.0299999999988358,0.130000000001019,79.2000000000007
"1011","realistic",100,101,54360812,0.0299999999988358,0.110000000000582,90.0499999999993
"1011","realistic",100,102,54360813,0.0400000000008731,0.0999999999985448,91.2900000000009
"1011","realistic",100,103,54360814,0.0100000000020373,0.0900000000001455,95.0099999999984
"1011","realistic",100,104,54360815,0.0300000000024738,0.110000000000582,104.780000000002
"1011","realistic",100,105,54360816,0.0200000000004366,0.110000000000582,94.5200000000004
"1011","realistic",100,106,54360817,0.0300000000024738,0.110000000000582,85.3899999999994
"1011","realistic",100,107,54360818,0.0300000000024738,0.069999999999709,92.5200000000004
"1011","realistic",100,108,54360819,0.0299999999988358,0.110000000000582,96.1700000000019
"1011","realistic",100,109,54360820,0.0400000000008731,0.139999999999418,89.25
"1011","realistic",100,110,54360821,0.0300000000024738,0.110000000000582,86.5299999999988
"1011","realistic",100,111,54360822,0.0400000000008731,0.0900000000001455,91.0800000000017
"1011","realistic",100,112,54360823,0.0299999999988358,0.0999999999985448,88.6400000000031
"1011","realistic",100,113,54360824,0.0400000000008731,0.110000000000582,83.1399999999994
"1011","realistic",100,114,54360825,0.00999999999839929,0.129999999997381,90.0800000000017
"1011","realistic",100,115,54360826,0.0299999999988358,0.0800000000017462,106.23
"1011","realistic",100,116,54360827,0.0300000000024738,0.110000000000582,92.3899999999994
"1011","realistic",100,117,54360828,0.0200000000004366,0.130000000001019,88.3299999999981
"1011","realistic",100,118,54360829,0.0300000000024738,0.110000000000582,109.169999999998
"1011","realistic",100,119,54360830,0.0299999999988358,0.0900000000001455,99.7400000000016
"1011","realistic",100,120,54360831,0.0300000000024738,0.0799999999981083,97.8899999999994
"1011","realistic",100,121,54360832,0.0200000000004366,0.0999999999985448,107.670000000002
"1011","realistic",100,122,54360833,0.0400000000008731,0.130000000001019,90.4900000000016
"1011","realistic",100,123,54360834,0.0400000000008731,0.110000000000582,104.630000000001
"1011","realistic",100,124,54360835,0.0299999999988358,0.0900000000001455,87.9900000000016
"1011","realistic",100,125,54360836,0.0299999999988358,0.0600000000013097,82.6699999999983
"1011","realistic",100,126,54360837,0.0499999999992724,0.0999999999985448,84.75
"1011","realistic",100,127,54360838,0.0400000000008731,0.110000000000582,90.1599999999999
"1011","realistic",100,128,54360839,0.0199999999967986,0.119999999998981,109.91
"1011","realistic",100,129,54360840,0.0400000000008731,0.139999999999418,96.9700000000012
"1011","realistic",100,130,54360841,0.0299999999988358,0.0800000000017462,86.6599999999999
"1011","realistic",100,131,54360842,0.0299999999988358,0.0900000000001455,86.6800000000003
"1011","realistic",100,132,54360843,0.0200000000004366,0.0999999999985448,93.4099999999999
"1011","realistic",100,133,54360844,0.0400000000008731,0.0999999999985448,96.3100000000013
"1011","realistic",100,134,54360845,0.0299999999988358,0.119999999998981,98.9599999999991
"1011","realistic",100,135,54360846,0.0300000000024738,0.119999999998981,85.1999999999971
"1011","realistic",100,136,54360847,0.0300000000024738,0.109999999996944,92.9199999999983
"1011","realistic",100,137,54360848,0.0300000000024738,0.0800000000017462,108.380000000001
"1011","realistic",100,138,54360849,0.0200000000004366,0.0799999999981083,80.5200000000004
"1011","realistic",100,139,54360850,0.0199999999967986,0.0999999999985448,88.8899999999994
"1011","realistic",100,140,54360851,0.0400000000008731,0.0999999999985448,92.3400000000001
"1011","realistic",100,141,54360852,0.0299999999988358,0.130000000001019,118.790000000001
"1011","realistic",100,142,54360853,0.0299999999988358,0.139999999999418,91.5999999999985
"1011","realistic",100,143,54360854,0.0299999999988358,0.0900000000001455,84.9000000000015
"1011","realistic",100,144,54360855,0.0299999999988358,0.0600000000013097,102.93
"1011","realistic",100,145,54360856,0.0299999999988358,0.069999999999709,97.5
"1011","realistic",100,146,54360857,0.0299999999988358,0.0900000000001455,102.689999999999
"1011","realistic",100,147,54360858,0.0400000000008731,0.110000000000582,86.7200000000012
"1011","realistic",100,148,54360859,0.0299999999988358,0.069999999999709,95.3300000000017
"1011","realistic",100,149,54360860,0,0.110000000000582,101.23
"1011","realistic",100,150,54360861,0.0300000000024738,0.110000000000582,86.3100000000013
"1011","realistic",100,151,54360862,0.0299999999988358,0.139999999999418,85.2599999999984
"1011","realistic",100,152,54360863,0.0299999999988358,0.139999999999418,81.119999999999
"1011","realistic",100,153,54360864,0.0400000000008731,0.0900000000001455,103.260000000002
"1011","realistic",100,154,54360865,0.00999999999839929,0.0900000000001455,94.2200000000012
"1011","realistic",100,155,54360866,0.0499999999992724,0.120000000002619,90.8300000000017
"1011","realistic",100,156,54360867,0.0299999999988358,0.129999999997381,107.189999999999
"1011","realistic",100,157,54360868,0.069999999999709,0.139999999999418,100.220000000001
"1011","realistic",100,158,54360869,0.0299999999988358,0.119999999998981,85.5799999999981
"1011","realistic",100,159,54360870,0.0100000000020373,0.0499999999992724,89.869999999999
"1011","realistic",100,160,54360871,0.0299999999988358,0.110000000000582,93.9400000000023
"1011","realistic",100,161,54360872,0.0200000000004366,0.100000000002183,85.8899999999994
"1011","realistic",100,162,54360873,0.0200000000004366,0.140000000003056,96.4300000000003
"1011","realistic",100,163,54360874,0.0400000000008731,0.0900000000001455,120.32
"1011","realistic",100,164,54360875,0.0299999999988358,0.119999999998981,96.6399999999994
"1011","realistic",100,165,54360876,0.00999999999839929,0.0900000000001455,103.619999999999
"1011","realistic",100,166,54360877,0.0299999999988358,0.120000000002619,94.0499999999993
"1011","realistic",100,167,54360878,0.0400000000008731,0.110000000000582,119
"1011","realistic",100,168,54360879,0.0299999999988358,0.0999999999985448,97.1100000000006
"1011","realistic",100,169,54360880,0.0300000000024738,0.0999999999985448,96.5999999999985
"1011","realistic",100,170,54360881,0.0299999999988358,0.0999999999985448,91.6899999999987
"1011","realistic",100,171,54360882,0.0299999999988358,0.140000000003056,94.3099999999977
"1011","realistic",100,172,54360883,0.0299999999988358,0.0900000000001455,108.010000000002
"1011","realistic",100,173,54360884,0.0300000000024738,0.0900000000001455,108.870000000003
"1011","realistic",100,174,54360885,0.0200000000004366,0.119999999998981,98.6800000000003
"1011","realistic",100,175,54360886,0.0299999999988358,0.0799999999981083,97.75
"1011","realistic",100,176,54360887,0.00999999999839929,0.139999999999418,92.0799999999981
"1011","realistic",100,177,54360888,0.00999999999839929,0.0799999999981083,97.6599999999999
"1011","realistic",100,178,54360889,0.0300000000024738,0.0800000000017462,99.4400000000023
"1011","realistic",100,179,54360890,0.0299999999988358,0.139999999999418,101.439999999999
"1011","realistic",100,180,54360891,0.0299999999988358,0.0499999999992724,97.6599999999999
"1011","realistic",100,181,54360892,0.0400000000008731,0.139999999999418,99.0299999999988
"1011","realistic",100,182,54360893,0.0299999999988358,0.130000000001019,102.639999999999
"1011","realistic",100,183,54360894,0.0100000000020373,0.119999999998981,87.3400000000001
"1011","realistic",100,184,54360895,0.0299999999988358,0.110000000000582,96.4399999999987
"1011","realistic",100,185,54360896,0.0199999999967986,0.130000000001019,88.0499999999993
"1011","realistic",100,186,54360897,0.0499999999992724,0.130000000001019,89.9399999999987
"1011","realistic",100,187,54360898,0.0100000000020373,0.110000000000582,93.6400000000031
"1011","realistic",100,188,54360899,0.0299999999988358,0.109999999996944,83.2900000000009
"1011","realistic",100,189,54360900,0.0300000000024738,0.0900000000001455,80.9000000000015
"1011","realistic",100,190,54360901,0.0299999999988358,0.110000000000582,93.4200000000019
"1011","realistic",100,191,54360902,0.0299999999988358,0.0900000000001455,104.760000000002
"1011","realistic",100,192,54360903,0.0299999999988358,0.120000000002619,87.2900000000009
"1011","realistic",100,193,54360904,0.00999999999839929,0.0900000000001455,92.6100000000006
"1011","realistic",100,194,54360905,0.0400000000008731,0.0900000000001455,96.369999999999
"1011","realistic",100,195,54360906,0.0400000000008731,0.110000000000582,106.559999999998
"1011","realistic",100,196,54360907,0.0299999999988358,0.110000000000582,99.2900000000009
"1011","realistic",100,197,54360908,0.0400000000008731,0.110000000000582,97.7900000000009
"1011","realistic",100,198,54360909,0.0299999999988358,0.110000000000582,99.9499999999971
"1011","realistic",100,199,54360910,0.0199999999967986,0.110000000000582,73.6099999999933
"1011","realistic",100,200,54360911,0.0299999999988358,0.0999999999985448,86.7099999999991
"1011","realistic",100,201,54360912,0.0299999999988358,0.0899999999965075,103.68
"1011","realistic",100,202,54360913,0.0200000000040745,0.110000000000582,94.510000000002
"1011","realistic",100,203,54360914,0.0100000000020373,0.0999999999985448,84.5900000000038
"1011","realistic",100,204,54360915,0.0100000000020373,0.0900000000037835,88.010000000002
"1011","realistic",100,205,54360916,0.0299999999988358,0.0800000000017462,86.4800000000032
"1011","realistic",100,206,54360917,0.0299999999988358,0.0999999999985448,99.1700000000055
"1011","realistic",100,207,54360918,0.0100000000020373,0.110000000000582,92.9599999999991
"1011","realistic",100,208,54360919,0.0400000000008731,0.110000000000582,93.7300000000032
"1011","realistic",100,209,54360920,0.0299999999988358,0.0999999999985448,89.4700000000012
"1011","realistic",100,210,54360921,0.0199999999967986,0.0900000000037835,87.75
"1011","realistic",100,211,54360922,0.0499999999956344,0.110000000000582,90.7699999999968
"1011","realistic",100,212,54360923,0.0299999999988358,0.120000000002619,87.3899999999994
"1011","realistic",100,213,54360924,0.0299999999988358,0.0800000000017462,91.9500000000044
"1011","realistic",100,214,54360925,0.0299999999988358,0.0999999999985448,93.6699999999983
"1011","realistic",100,215,54360926,0.0299999999988358,0.0999999999985448,93.75
"1011","realistic",100,216,54360927,0.0299999999988358,0.120000000002619,88.0400000000009
"1011","realistic",100,217,54360928,0.0100000000020373,0.0900000000037835,90.2099999999991
"1011","realistic",100,218,54360929,0.0299999999988358,0.120000000002619,99.6399999999994
"1011","realistic",100,219,54360930,0.0299999999988358,0.110000000000582,90.3899999999994
"1011","realistic",100,220,54360931,0.0299999999988358,0.110000000000582,110.25
"1011","realistic",100,221,54360932,0.0299999999988358,0.0899999999965075,96.5699999999997
"1011","realistic",100,222,54360933,0.0100000000020373,0.0999999999985448,91.9300000000003
"1011","realistic",100,223,54360934,0.0299999999988358,0.0999999999985448,84.0899999999965
"1011","realistic",100,224,54360935,0.0400000000008731,0.0999999999985448,95.4099999999962
"1011","realistic",100,225,54360936,0.0299999999988358,0.0900000000037835,100.450000000004
"1011","realistic",100,226,54360937,0.0400000000008731,0.0899999999965075,95.25
"1011","realistic",100,227,54360938,0.0299999999988358,0.0900000000037835,94.010000000002
"1011","realistic",100,228,54360939,0.0299999999988358,0.0999999999985448,84.6900000000023
"1011","realistic",100,229,54360940,0.0299999999988358,0.0999999999985448,103.479999999996
"1011","realistic",100,230,54360941,0.0299999999988358,0.129999999997381,90.3899999999994
"1011","realistic",100,231,54360942,0.0100000000020373,0.0999999999985448,87.3799999999974
"1011","realistic",100,232,54360943,0.0299999999988358,0.120000000002619,100.200000000004
"1011","realistic",100,233,54360944,0.0100000000020373,0.0900000000037835,102.690000000002
"1011","realistic",100,234,54360945,0.0100000000020373,0.110000000000582,97.9099999999962
"1011","realistic",100,235,54360946,0.0299999999988358,0.0899999999965075,85.7200000000012
"1011","realistic",100,236,54360947,0.0499999999956344,0.0799999999944703,98.0500000000029
"1011","realistic",100,237,54360948,0.0199999999967986,0.110000000000582,91.5299999999988
"1011","realistic",100,238,54360949,0.0299999999988358,0.109999999993306,91.5299999999988
"1011","realistic",100,239,54360950,0.0299999999988358,0.0900000000037835,108.169999999998
"1011","realistic",100,240,54360951,0.0400000000008731,0.0900000000037835,97.6299999999974
"1011","realistic",100,241,54360952,0.0299999999988358,0.0900000000037835,101.040000000001
"1011","realistic",100,242,54360953,0.0400000000008731,0.109999999993306,115.449999999997
"1011","realistic",100,243,54360954,0.0100000000020373,0.0999999999985448,92.5299999999988
"1011","realistic",100,244,54360955,0.0400000000008731,0.110000000000582,97.8700000000026
"1011","realistic",100,245,54360956,0.0100000000020373,0.0999999999985448,117.410000000003
"1011","realistic",100,246,54360957,0.0100000000020373,0.129999999997381,90.5599999999977
"1011","realistic",100,247,54360958,0.0299999999988358,0.0900000000037835,107.170000000006
"1011","realistic",100,248,54360959,0.0199999999967986,0.110000000000582,91.8499999999985
"1011","realistic",100,249,54360960,0.0400000000008731,0.110000000000582,109.870000000003
"1011","realistic",100,250,54360961,0.0299999999988358,0.0899999999965075,93.4100000000035
"1011","realistic",100,251,54360962,0.0300000000061118,0.069999999999709,82.6299999999974
"1011","realistic",100,252,54360963,0.0100000000020373,0.0999999999985448,85.3600000000006
"1011","realistic",100,253,54360964,0.0299999999988358,0.129999999997381,98.2099999999991
"1011","realistic",100,254,54360965,0.0299999999988358,0.069999999999709,88.0899999999965
"1011","realistic",100,255,54360966,0.0500000000029104,0.0900000000037835,96.6100000000006
"1011","realistic",100,256,54360967,0.0299999999988358,0.0900000000037835,99.989999999998
"1011","realistic",100,257,54360968,0.0199999999967986,0.110000000000582,90.010000000002
"1011","realistic",100,258,54360969,0.0299999999988358,0.0800000000017462,94.8199999999997
"1011","realistic",100,259,54360970,0.0400000000008731,0.129999999997381,105.590000000004
"1011","realistic",100,260,54360971,0.0299999999988358,0.110000000000582,93.6299999999974
"1011","realistic",100,261,54360972,0.0199999999967986,0.0799999999944703,86.1599999999962
"1011","realistic",100,262,54360973,0.0299999999988358,0.109999999993306,84.9199999999983
"1011","realistic",100,263,54360974,0.0300000000061118,0.110000000000582,91.5
"1011","realistic",100,264,54360975,0.0299999999988358,0.110000000000582,96.8099999999977
"1011","realistic",100,265,54360976,0.0299999999988358,0.0800000000017462,85.5400000000009
"1011","realistic",100,266,54360977,0.0299999999988358,0.110000000000582,89.489999999998
"1011","realistic",100,267,54360978,0.0100000000020373,0.0900000000037835,110.709999999999
"1011","realistic",100,268,54360979,0.0299999999988358,0.120000000002619,102.670000000006
"1011","realistic",100,269,54360980,0.0299999999988358,0.0999999999985448,98.0899999999965
"1011","realistic",100,270,54360981,0.0299999999988358,0.0999999999985448,80.4099999999962
"1011","realistic",100,271,54360982,0.0299999999988358,0.110000000000582,85.9099999999962
"1011","realistic",100,272,54360983,0.0100000000020373,0.0900000000037835,76.75
"1011","realistic",100,273,54360984,0.0400000000008731,0.0900000000037835,80.8299999999945
"1011","realistic",100,274,54360985,0.0199999999967986,0.0899999999965075,80.0600000000049
"1011","realistic",100,275,54360986,0.0300000000061118,0.0999999999985448,79.3399999999965
"1011","realistic",100,276,54360987,0.0299999999988358,0.0900000000037835,80.1899999999951
"1011","realistic",100,277,54360988,0.0199999999967986,0.0999999999985448,74.75
"1011","realistic",100,278,54360989,0.0299999999988358,0.069999999999709,80.0300000000061
"1011","realistic",100,279,54360990,0.0199999999967986,0.0999999999985448,75.7099999999991
"1011","realistic",100,280,54360991,0.0299999999988358,0.0800000000017462,80.7099999999991
"1011","realistic",100,281,54360992,0.0400000000008731,0.0799999999944703,76.6800000000003
"1011","realistic",100,282,54360993,0.0300000000061118,0.0800000000017462,83.9399999999951
"1011","realistic",100,283,54360994,0.0299999999988358,0.0500000000029104,79.7999999999956
"1011","realistic",100,284,54360995,0.0400000000008731,0.0999999999985448,73.4300000000003
"1011","realistic",100,285,54360996,0.0299999999988358,0.0800000000017462,82.9800000000032
"1011","realistic",100,286,54360997,0,0.0900000000037835,78.7999999999956
"1011","realistic",100,287,54360998,0.0299999999988358,0.0900000000037835,88.1500000000015
"1011","realistic",100,288,54360999,0.0299999999988358,0.0999999999985448,87.8100000000049
"1011","realistic",100,289,54361000,0.0299999999988358,0.0800000000017462,77.2900000000009
"1011","realistic",100,290,54361001,0.0299999999988358,0.069999999999709,85.9700000000012
"1011","realistic",100,291,54361002,0.0199999999967986,0.0899999999965075,75.9400000000023
"1011","realistic",100,292,54361003,0.0300000000061118,0.109999999993306,81.5999999999985
"1011","realistic",100,293,54361004,0.0500000000029104,0.110000000000582,69.6999999999971
"1011","realistic",100,294,54361005,0.0100000000020373,0.0900000000037835,77.6100000000006
"1011","realistic",100,295,54361006,0.0299999999988358,0.0900000000037835,73.239999999998
"1011","realistic",100,296,54361007,0.0299999999988358,0.0999999999985448,90.3600000000006
"1011","realistic",100,297,54361008,0.0199999999967986,0.0799999999944703,76.8499999999985
"1011","realistic",100,298,54361009,0.0199999999967986,0.110000000000582,80.4599999999991
"1011","realistic",100,299,54361010,0.0299999999988358,0.069999999999709,77.75
"1011","realistic",100,300,54361011,0.0199999999967986,0.110000000000582,75.4100000000035
